latitude,longitude
-79.05133134984862,-154.80148580841026
-79.02748870849294,-154.98895263671875
-79.00328826903977,-155.05775451660156
-78.98255157470379,-155.1033935546875
-78.93016815185211,-155.3301239013672
-78.88534545898094,-155.50901794433594
-78.81893920898078,-155.82391357421875
-78.79987335204714,-155.87734985351562
-78.67440795898044,-156.5006561279297
-78.60868072509358,-156.54885864257812
-78.5881423950154,-156.4471893310547
-78.57251739501537,-156.29827880859375
-78.56393432616768,-156.26231384277344
-78.56069183349189,-156.17324829101562
-78.564010620113,-156.0970458984375
-78.55953979491768,-156.05657958984375
-78.53377532958557,-156.02255249023438
-78.50377655028862,-156.12596130371094
-78.49694824218315,-156.0590057373047
-78.49626922606987,-156.01031494140625
-78.50512695312065,-155.9357147216797
-78.50720214843318,-155.86703491210938
-78.49370574950733,-155.6962127685547
-78.48622131347217,-155.65371704101562
-78.49029541015186,-155.55751037597656
-78.47792816161669,-155.3018341064453
-78.48374938964403,-155.2058563232422
-78.48007965087452,-155.13635253906253
-78.47097015380416,-155.03819274902347
-78.46257781981977,-155.00726318359375
-78.44654846190956,-155.0124969482422
-78.43232727050327,-155.02723693847656
-78.42514038085483,-154.97988891601562
-78.42353057860873,-154.93333435058594
-78.42633056640172,-154.89476013183597
-78.43179321288609,-154.84536743164062
-78.44047546386268,-154.8204345703125
-78.44760131835488,-154.80828857421875
-78.44786071776895,-154.75259399414062
-78.44586181640175,-154.61492919921875
-78.43724822997595,-154.5342559814453
-78.42870330810092,-154.53158569335938
-78.4158630371048,-154.5803680419922
-78.40853118896025,-154.5518798828125
-78.40420532226102,-154.51629638671875
-78.40287780761257,-154.47361755371094
-78.40499877929226,-154.39979553222656
-78.40296173095241,-154.34042358398438
-78.3908081054641,-154.3006591796875
-78.37362670897969,-154.32334899902344
-78.3602523803711,-154.31863403320312
-78.34964752197266,-154.25706481933594
-78.34197235107422,-154.2068328857422
-78.31935119628906,-154.18328857421875
-78.30217742919922,-154.20602416992188
-78.27388000488281,-154.21878051757812
-78.25584411621094,-154.1481475830078
-78.24720001220703,-154.0235137939453
-78.2430648803711,-153.84266662597656
-78.23607635498047,-153.78224182128906
-78.22669219970702,-153.84573364257812
-78.21488952636719,-154.0054931640625
-78.22769927978516,-154.0972442626953
-78.21967315673827,-154.18418884277344
-78.19682312011719,-154.24270629882812
-78.15113067626953,-154.35000610351562
-78.12841033935547,-154.4657135009766
-78.13684844970703,-154.58941650390625
-78.14761352539062,-154.6809844970703
-78.15496826171874,-154.6998748779297
-78.169677734375,-154.65249633789062
-78.1796875,-154.66078186035156
-78.2000732421875,-154.75747680664062
-78.21446228027344,-154.7827606201172
-78.22901916503906,-154.7716827392578
-78.24433135986328,-154.8354949951172
-78.25215148925781,-155.04283142089844
-78.26177215576172,-155.11546325683594
-78.24628448486328,-155.21365356445312
-78.21973419189453,-155.29159545898438
-78.2121353149414,-155.2594451904297
-78.19731140136717,-155.13168334960938
-78.19090270996094,-155.08349609375
-78.19437408447266,-155.0621795654297
-78.2059326171875,-155.05831909179688
-78.21387481689453,-155.03575134277344
-78.20855712890625,-154.98953247070312
-78.20071411132812,-154.99395751953125
-78.17755889892578,-155.01083374023438
-78.15831756591797,-155.0590057373047
-78.15613555908203,-155.11305236816406
-78.16358184814453,-155.17213439941406
-78.17444610595703,-155.21910095214844
-78.18547821044922,-155.23895263671875
-78.19522857666016,-155.28408813476565
-78.19404602050781,-155.34933471679688
-78.18230438232422,-155.38011169433594
-78.17524719238281,-155.43157958984375
-78.17863464355469,-155.47755432128906
-78.19488525390625,-155.5440216064453
-78.19287872314453,-155.6109161376953
-78.19492340087889,-155.68222045898438
-78.20468139648438,-155.807861328125
-78.1859359741211,-155.95126342773438
-78.19824981689453,-156.1467742919922
-78.19590759277344,-156.3427276611328
-78.17267608642578,-156.42776489257812
-78.15914916992188,-156.43882751464844
-78.14705657958984,-156.45567321777344
-78.14755249023438,-156.51197814941406
-78.1394500732422,-156.6040496826172
-78.1397933959961,-156.6385498046875
-78.15270233154297,-156.6819610595703
-78.16764068603516,-156.64614868164062
-78.18391418457031,-156.65606689453125
-78.20818328857422,-156.7775421142578
-78.2469253540039,-156.90017700195312
-78.25604248046875,-157.12066650390625
-78.24244689941406,-157.24618530273438
-78.21995544433592,-157.31002807617188
-78.1996841430664,-157.3470458984375
-78.16492462158203,-157.50987243652344
-78.03620910644531,-158.03916931152344
-77.97419738769531,-158.2836456298828
-77.91361236572266,-158.4372100830078
-77.87500963577133,-158.61498299362162
-77.86786059323593,-158.61618487939842
-77.8638217584684,-158.61910581892923
-77.8606719970703,-158.62539672851562
-77.85749816894531,-158.6313018798828
-77.85454559326172,-158.6251678466797
-77.84989166259764,-158.62802124023438
-77.8382339477539,-158.6496734619141
-77.83445739746094,-158.63348388671875
-77.82980346679688,-158.6363067626953
-77.82347869873047,-158.6190643310547
-77.8194808959961,-158.61492919921875
-77.81463623046875,-158.60073852539062
-77.81104278564453,-158.60162353515625
-77.80161614596291,-158.59842361011007
-77.79712677001953,-158.5811767578125
-77.7886962890625,-158.5679168701172
-77.77818263861654,-158.54672633476554
-77.77352142333984,-158.5325469970703
-77.77034759521484,-158.53843688964844
-77.76739501953125,-158.53237915039062
-77.76274871826172,-158.53526306152344
-77.75831604003906,-158.52615356445312
-77.75296684602748,-158.51759155400828
-77.750347634862,-158.50245149655052
-77.74571177127434,-158.4892704816471
-77.74204939002904,-158.47182093402083
-77.7336959838867,-158.42208862304688
-77.72969055175781,-158.4180450439453
-77.72567749023438,-158.4139862060547
-77.7227597477175,-158.40904614934618
-77.71860588023219,-158.41012047826555
-77.71533079145067,-158.3991144373779
-77.71070801712044,-158.39119845537925
-77.70288848876953,-158.37591552734375
-77.69717407226562,-158.3807830810547
-77.69401550292969,-158.38670349121094
-77.6895751953125,-158.3777008056641
-77.6864013671875,-158.38357543945312
-77.67877554704415,-158.38199278567598
-77.66423034667969,-158.36744689941406
-77.65620422363281,-158.3594207763672
-77.65068245851191,-158.3506081861162
-77.64576518426037,-158.34339639420628
-77.64008767937395,-158.33569160480099
-77.63383483886719,-158.3265838623047
-77.63069528150591,-158.31852435248118
-77.62448835008223,-158.3126713385495
-77.61915030258155,-158.29861877812633
-77.61354755909333,-158.28291339263652
-77.60695769936036,-158.26311407983303
-77.60380980956567,-158.23526622431092
-77.59559983712131,-158.19597225192192
-77.59079463214516,-158.16796410975584
-77.58252716064453,-158.1424102783203
-77.57955932617186,-158.13653564453125
-77.57597351074219,-158.1375274658203
-77.57027435302734,-158.14247131347656
-77.56551853798805,-158.13543844663556
-77.55949401855469,-158.11703491210938
-77.55379486083984,-158.12197875976562
-77.55020904541016,-158.15138244628906
-77.54218292236328,-158.17196655273438
-77.53919982910156,-158.19456481933594
-77.53515625,-158.19676208496094
-77.5269775390625,-158.2195281982422
-77.52387237548828,-158.20635986328125
-77.52404022216797,-158.18504333496094
-77.54529571533203,-158.1015625
-77.5526123046875,-158.06686401367188
-77.56087493896483,-158.02500915527344
-77.56742858886719,-157.98989868164062
-77.57208251953125,-157.96389770507812
-77.57761383056639,-157.9363250732422
-77.58245849609375,-157.9205780029297
-77.58679962158203,-157.90716552734375
-77.58944702148438,-157.8970489501953
-77.59196472167969,-157.88104248046875
-77.59597778320312,-157.85891723632812
-77.59677124023438,-157.8383331298828
-77.59827423095703,-157.82235717773438
-77.59674835205078,-157.8074493408203
-77.59521484375,-157.7935028076172
-77.59234619140625,-157.78489685058594
-77.58677673339844,-157.7659454345703
-77.58323669433594,-157.75440979003906
-77.57884979248047,-157.74313354492188
-77.57130432128905,-157.7406463623047
-77.56352233886719,-157.75112915039065
-77.55852508544922,-157.75262451171875
-77.55557250976562,-157.75453186035156
-77.55302429199219,-157.73837280273438
-77.55380249023438,-157.72108459472656
-77.55181884765624,-157.70645141601562
-77.54995727539062,-157.6949005126953
-77.54440307617188,-157.6798553466797
-77.54048156738281,-157.68128967285156
-77.5370101928711,-157.69427490234375
-77.53418731689453,-157.7022857666016
-77.52134704589844,-157.6987762451172
-77.51493072509766,-157.69105529785156
-77.51251983642578,-157.68441772460938
-77.50756072998047,-157.67718505859375
-77.50255584716797,-157.6763916015625
-77.49891662597656,-157.67173767089844
-77.4918441772461,-157.6711883544922
-77.48701477050783,-157.6669464111328
-77.47943115234375,-157.64842224121094
-77.47505950927734,-157.64564514160156
-77.47215270996094,-157.64920043945312
-77.46747589111328,-157.66773986816406
-77.46426391601562,-157.68130493164062
-77.45926666259766,-157.71170043945312
-77.4583740234375,-157.7503204345703
-77.4586181640625,-157.78819274902344
-77.45882415771484,-157.80999755859378
-77.4581069946289,-157.85516357421875
-77.45867919921875,-157.8676300048828
-77.46037292480469,-157.91197204589844
-77.45731353759766,-157.9375457763672
-77.45196533203125,-157.97242736816406
-77.44836425781249,-157.97914123535156
-77.44393920898438,-157.9838104248047
-77.43228912353516,-158.0063018798828
-77.42597961425781,-158.02821350097656
-77.42221069335938,-158.04530334472656
-77.41829681396484,-158.07017517089844
-77.4130229542038,-158.12664154484742
-77.39948370041425,-158.14327268295085
-77.3911781252935,-158.20368151949978
-77.38653564453125,-158.2274169921875
-77.37839466216218,-158.2724184046254
-77.3740742345261,-158.29324576835688
-77.36941528320312,-158.29782104492188
-77.36646270751953,-158.29200744628906
-77.35758972167969,-158.30255126953125
-77.35336303710938,-158.3102264404297
-77.34463427761807,-158.3290122351888
-77.33879852294922,-158.32553100585938
-77.32780456542969,-158.33981323242188
-77.3248519897461,-158.33404541015625
-77.32020568847656,-158.3368682861328
-77.31725311279295,-158.3310546875
-77.31407928466797,-158.3367919921875
-77.30859375,-158.33001708984375
-77.30436706542969,-158.337646484375
-77.29634857177734,-158.3298797607422
-77.29339599609375,-158.3240966796875
-77.28981018066406,-158.32501220703125
-77.28685760498047,-158.31922912597656
-77.28326416015625,-158.32015991210938
-77.2786178588867,-158.32298278808594
-77.27503204345703,-158.32391357421875
-77.27181378887317,-158.31970624582596
-77.26427459716797,-158.29890441894534
-77.26110076904297,-158.30462646484375
-77.25692716486246,-158.28498631350075
-77.24958768774539,-158.25649735421234
-77.24549865722655,-158.238525390625
-77.24085998535156,-158.24139404296875
-77.23558044433594,-158.2232208251953
-77.23199462890625,-158.22418212890625
-77.22017669677734,-158.2012481689453
-77.21341705322266,-158.20794677734375
-77.20751023624418,-158.204708360041
-77.20370483398438,-158.18124389648438
-77.19969940185548,-158.1774444580078
-77.19673919677734,-158.1717529296875
-77.1904067993164,-158.1831817626953
-77.17774200439452,-158.2060089111328
-77.1747817993164,-158.22787475585938
-77.1551513671875,-158.2686309814453
-77.14796447753906,-158.29800415039062
-77.1380386352539,-158.31024169921875
-77.12811279296876,-158.3224639892578
-77.123046875,-158.32052612304688
-77.12010192871094,-158.3148193359375
-77.1154556274414,-158.317626953125
-77.11250305175781,-158.31192016601562
-77.10785675048828,-158.31471252441406
-77.09921264648438,-158.28628540039062
-77.09626007080078,-158.2805938720703
-77.09120178222656,-158.27867126464844
-77.08255004882811,-158.25030517578125
-77.07959747314453,-158.24461364746094
-77.07727813720703,-158.23237609863284
-77.07432556152344,-158.22669982910156
-77.07052612304686,-158.2115936279297
-77.06288917321267,-158.1714784478358
-77.05299392972576,-158.0756815225636
-77.05082131824753,-158.00937380408092
-77.05288641987721,-157.93796124391892
-77.06059820218819,-157.8878793352653
-77.0657924193057,-157.86866611518676
-77.07297745184891,-157.82712636873586
-77.08121490478516,-157.81434631347656
-77.08943939208984,-157.81031799316406
-77.0936508178711,-157.80262756347656
-77.0990982055664,-157.78167724609375
-77.10794830322266,-157.77098083496094
-77.12397003173828,-157.75814819335938
-77.13381958007811,-157.71800231933594
-77.14328002929688,-157.70057678222656
-77.15303039550781,-157.65919494628906
-77.15561676025389,-157.65000915527344
-77.16633605957031,-157.6279754638672
-77.16963195800781,-157.63729858398438
-77.18867492675781,-157.5776824951172
-77.19127655029297,-157.54190063476562
-77.19525909423828,-157.52120971679688
-77.19966125488281,-157.4997253417969
-77.20719146728516,-157.4856414794922
-77.2138442993164,-157.4886932373047
-77.22447967529297,-157.47097778320315
-77.23350524902344,-157.45181274414062
-77.24616241455078,-157.4080352783203
-77.25936889648436,-157.3542022705078
-77.27063751220703,-157.27940368652344
-77.27631378173828,-157.2664031982422
-77.28105163574219,-157.27520751953125
-77.28502655029297,-157.28103637695312
-77.29171752929688,-157.268310546875
-77.30406951904297,-157.24253845214844
-77.31341552734375,-157.2000732421875
-77.32958984375,-157.1197967529297
-77.33116912841797,-157.0943603515625
-77.33695983886719,-157.0719757080078
-77.3473892211914,-157.0518341064453
-77.35236358642578,-157.01527404785156
-77.35228729248047,-156.94573974609375
-77.34826660156249,-156.89736938476562
-77.34363555908203,-156.87942504882812
-77.33756256103514,-156.8777618408203
-77.32983398437501,-156.87933349609375
-77.31709289550781,-156.90634155273438
-77.31411743164062,-156.91661071777344
-77.3079833984375,-156.91952514648438
-77.30477905273438,-156.90110778808594
-77.30657958984375,-156.8729705810547
-77.30949401855469,-156.8516082763672
-77.3104476928711,-156.82508850097656
-77.30384826660156,-156.8020782470703
-77.2918930053711,-156.75369262695312
-77.26529693603516,-156.6086883544922
-77.26252746582031,-156.56935119628906
-77.26309204101562,-156.5391387939453
-77.2577133178711,-156.513916015625
-77.24752807617188,-156.5004119873047
-77.23969268798828,-156.5113677978516
-77.23403930664062,-156.50906372070312
-77.22772216796874,-156.49468994140625
-77.21978759765625,-156.47903442382812
-77.1958236694336,-156.53274536132812
-77.18124389648436,-156.58128356933594
-77.17839813232423,-156.5979461669922
-77.17009735107422,-156.62966918945312
-77.16498565673828,-156.63294982910156
-77.15577697753906,-156.63975524902344
-77.14354571473737,-156.60067785982469
-77.1434117184293,-156.60025027284343
-77.14010625138941,-156.6134619452604
-77.13372087976775,-156.57623704767215
-77.12458730250812,-156.5569762318649
-77.10716044062545,-156.51038320154504
-77.08970754396118,-156.4283916849269
-77.07081030295633,-156.37781839138958
-77.06642137888205,-156.33990107564196
-77.06372699973777,-156.26060076598648
-77.06258532823318,-156.21476486985114
-77.06458185689497,-156.1823736495309
-77.06263759744596,-156.14358183153576
-77.06588561957328,-156.1137795465058
-77.06292049595777,-156.07922764039012
-77.06302642822266,-156.0551300048828
-77.06386240561376,-156.03256709057285
-77.06243896484375,-156.01185607910156
-77.06329275188895,-155.97478179428728
-77.06175455486928,-155.9187925975816
-77.06846618652344,-155.81082153320315
-77.07158660888672,-155.8045806884766
-77.07467324880949,-155.77072647005318
-77.07777404785156,-155.75332641601562
-77.0897750854492,-155.70849609375
-77.09479522705078,-155.6649627685547
-77.09335327148438,-155.63082885742188
-77.09290313720703,-155.60870361328125
-77.09651947021484,-155.5913543701172
-77.1061019897461,-155.54678344726562
-77.10895538330077,-155.5439910888672
-77.1193618774414,-155.5428466796875
-77.1216049194336,-155.51416015625
-77.1230697631836,-155.50213623046875
-77.12686157226562,-155.49537658691406
-77.13097381591797,-155.49400329589844
-77.13687896728516,-155.4969940185547
-77.13973236083986,-155.4941864013672
-77.14422607421875,-155.46786499023438
-77.14744567871094,-155.4532012939453
-77.15599822998048,-155.44471740722656
-77.16433715820311,-155.4275665283203
-77.16835021972656,-155.41627502441406
-77.16875457763672,-155.38719177246094
-77.1692886352539,-155.36387634277344
-77.16828155517577,-155.3275909423828
-77.1709976196289,-155.30581665039062
-77.17012023925781,-155.28843688964844
-77.16204833984375,-155.268798828125
-77.14710235595703,-155.2543487548828
-77.12993621826172,-155.24453735351562
-77.12811279296876,-155.2573699951172
-77.12583243149213,-155.27715702644878
-77.12279510498047,-155.2642364501953
-77.11390686035155,-155.22650146484375
-77.10778638415542,-155.17651563015215
-77.10984609006782,-155.1366121131394
-77.1125939779662,-155.07765931989897
-77.11056103321192,-155.03412740783781
-77.10678955786722,-154.986057359534
-77.10380232110728,-154.93416106096933
-77.10404261948109,-154.8974925759417
-77.10487177652881,-154.86834711158346
-77.09689331054688,-154.85763549804688
-77.09091186523438,-154.8365020751953
-77.08788103291789,-154.83907238426474
-77.0853198084193,-154.8311207549884
-77.08279836505004,-154.79537659545792
-77.0748062133789,-154.70751953125
-77.07264679864687,-154.69532542726608
-77.06624610546989,-154.6588944373412
-77.07213889116386,-154.65656009287386
-77.07707977294922,-154.65774536132812
-77.08048812370669,-154.65064328503456
-77.08157349138018,-154.62358258159406
-77.08535365525944,-154.6005507077664
-77.08396518044094,-154.5692418733242
-77.08448503610919,-154.55221073396154
-77.08929547714901,-154.55394007241168
-77.09829651138007,-154.6059892492118
-77.09843121038371,-154.5794554602125
-77.09618092881522,-154.55344779122845
-77.08989920811763,-154.53026572147618
-77.08068863196966,-154.5166674397623
-77.07221984863281,-154.49372863769534
-77.06879425048828,-154.46165466308594
-77.06236327442514,-154.40750221609179
-77.05811309814453,-154.3269500732422
-77.06339263916016,-154.27056884765625
-77.06179656349218,-154.23801152624225
-77.06468906167609,-154.21987515708733
-77.06772051925975,-154.19311954900272
-77.06574306295163,-154.16319043778478
-77.07313217858024,-154.1506274154616
-77.08065032958983,-154.103515625
-77.0805011073211,-154.0788837953913
-77.08478920114038,-154.06415349096642
-77.08964261279436,-154.0686148801571
-77.09998765840605,-154.03683238160528
-77.1076431274414,-154.00502014160156
-77.11124420166016,-154.0093231201172
-77.12979125976564,-154.0175018310547
-77.13229370117188,-154.00686645507812
-77.13619232177734,-153.99081420898438
-77.14155578613281,-153.9795379638672
-77.14177703857422,-154.03475952148438
-77.14396667480469,-154.0491943359375
-77.1428451538086,-154.06387329101562
-77.14288330078125,-154.08444213867188
-77.14527893066405,-154.10269165039062
-77.14898681640625,-154.11570739746094
-77.1540756225586,-154.12994384765625
-77.15824890136719,-154.156982421875
-77.15904998779297,-154.17214965820312
-77.15921783447266,-154.18727111816406
-77.15684509277342,-154.2107696533203
-77.1554946899414,-154.22637939453125
-77.15612792968751,-154.23907470703125
-77.1567153930664,-154.2551727294922
-77.16192626953124,-154.25511169433594
-77.17262268066406,-154.21487426757812
-77.18628692626952,-154.16526794433594
-77.19152069091797,-154.15570068359375
-77.20270538330078,-154.15191650390625
-77.20958709716797,-154.13919067382812
-77.2164535522461,-154.09814453125
-77.21752166748047,-154.0693359375
-77.21688079833984,-154.03627014160156
-77.2186050415039,-154.01734924316406
-77.22053527832031,-153.9965362548828
-77.22168731689453,-153.9405517578125
-77.225341796875,-153.9173126220703
-77.22818756103517,-153.89537048339844
-77.22928619384766,-153.864990234375
-77.22903442382812,-153.83287048339844
-77.2279281616211,-153.78736877441406
-77.23592376708984,-153.68885803222656
-77.24492645263672,-153.59402465820312
-77.25070190429688,-153.55294799804688
-77.25734710693358,-153.5141143798828
-77.2611312866211,-153.50173950195312
-77.26936340332031,-153.48590087890625
-77.2761917114258,-153.4723358154297
-77.28211212158203,-153.4633026123047
-77.28564453125,-153.4552764892578
-77.28757476806642,-153.44610595703125
-77.29431915283203,-153.41009521484378
-77.302734375,-153.408203125
-77.32318115234375,-153.36863708496094
-77.33350372314453,-153.34783935546875
-77.33769989013672,-153.33245849609375
-77.34516143798828,-153.31240844726565
-77.35562133789062,-153.3003692626953
-77.35740661621094,-153.27365112304688
-77.35613250732422,-153.2563934326172
-77.35258483886719,-153.243408203125
-77.34424591064453,-153.22132873535156
-77.32802581787111,-153.18527221679688
-77.32317352294922,-153.16912841796875
-77.31898498535156,-153.1797637939453
-77.29954528808594,-153.1886444091797
-77.2964401245117,-153.1929168701172
-77.2895278930664,-153.21409606933594
-77.28296661376952,-153.2468719482422
-77.2825698852539,-153.27073669433594
-77.28279113769531,-153.28408813476562
-77.28321838378906,-153.29649353027344
-77.2807846069336,-153.304931640625
-77.27732849121094,-153.28990173339847
-77.27710723876953,-153.27464294433594
-77.2746353149414,-153.2373046875
-77.26762390136719,-153.2008514404297
-77.26187576059755,-153.19301057516586
-77.25581359863281,-153.19216918945312
-77.25289154052734,-153.2084197998047
-77.24967956542969,-153.23628234863284
-77.24568176269531,-153.2740478515625
-77.24221801757812,-153.30149841308594
-77.23493194580078,-153.3390655517578
-77.23262786865234,-153.35523986816406
-77.23129272460938,-153.3706512451172
-77.23033142089844,-153.38853454589847
-77.22283172607422,-153.4326629638672
-77.21929931640625,-153.4416046142578
-77.2165756225586,-153.4473114013672
-77.21342468261719,-153.45016479492188
-77.20489501953125,-153.45095825195312
-77.2024154663086,-153.46461486816406
-77.19771575927733,-153.48472595214844
-77.195068359375,-153.49400329589844
-77.18880462646484,-153.5085906982422
-77.18087005615234,-153.52127075195312
-77.1736831665039,-153.52560424804688
-77.17023468017578,-153.52862548828125
-77.1658248901367,-153.52671813964844
-77.16200256347655,-153.52821350097656
-77.15944671630858,-153.52310180664065
-77.15486907958984,-153.50836181640625
-77.15306091308594,-153.48077392578125
-77.1554946899414,-153.4904022216797
-77.15847778320312,-153.49928283691406
-77.16288757324219,-153.500244140625
-77.16549682617186,-153.4906005859375
-77.16910552978516,-153.48907470703125
-77.17267608642578,-153.49285888671875
-77.1762924194336,-153.4894561767578
-77.18107604980469,-153.47866821289062
-77.1900634765625,-153.4669189453125
-77.19686889648436,-153.4534454345703
-77.20169830322266,-153.43540954589844
-77.20214843749999,-153.40260314941406
-77.20222473144531,-153.38059997558594
-77.20478057861328,-153.35440063476562
-77.20597839355469,-153.32650756835938
-77.20556640625,-153.2794647216797
-77.20263671875,-153.2400665283203
-77.20272827148438,-153.2108612060547
-77.20453643798828,-153.17724609375
-77.20919036865233,-153.09323120117188
-77.21928405761719,-153.0638427734375
-77.22771453857423,-153.04586791992188
-77.23571014404297,-153.0589599609375
-77.23956298828125,-153.0538787841797
-77.24298095703125,-153.0598602294922
-77.24700164794922,-153.0543975830078
-77.25100708007812,-153.05996704101562
-77.25051879882812,-153.07254028320312
-77.2520523071289,-153.08619689941406
-77.25491333007812,-153.0882110595703
-77.25476837158203,-153.10382080078125
-77.25416564941406,-153.12384033203125
-77.25529479980469,-153.14608764648438
-77.25695037841797,-153.16090393066406
-77.2588119506836,-153.1728515625
-77.26243269256469,-153.18154113364344
-77.26699829101562,-153.16693115234375
-77.27162170410156,-153.1677703857422
-77.27404022216798,-153.15550231933594
-77.27188873291017,-153.1475372314453
-77.2677001953125,-153.12516784667972
-77.2665786743164,-153.1057586669922
-77.26958465576172,-153.0648651123047
-77.27143859863281,-153.02227783203125
-77.27288818359375,-153.01077270507812
-77.2793960571289,-152.9851531982422
-77.2821044921875,-152.97264099121094
-77.28453063964844,-152.9454345703125
-77.28903198242188,-152.92919921875
-77.29301452636719,-152.92710876464844
-77.29783630371094,-152.93893432617188
-77.30702209472656,-152.97276306152344
-77.31659698486328,-152.9903564453125
-77.3333740234375,-153.02053833007812
-77.35248565673828,-153.06703186035156
-77.36649322509766,-153.1038360595703
-77.3718032836914,-153.11366271972656
-77.37801361083984,-153.10598754882812
-77.38551330566406,-153.09286499023438
-77.39240264892578,-153.08937072753906
-77.3956527709961,-153.09869384765625
-77.39496612548828,-153.11817932128906
-77.39225006103516,-153.12692260742188
-77.3885726928711,-153.14222717285156
-77.3845443725586,-153.149658203125
-77.38224792480469,-153.16029357910156
-77.3775405883789,-153.19580078125
-77.37348175048828,-153.25721740722656
-77.36972045898438,-153.27458190917972
-77.37149810791016,-153.29263305664062
-77.38220977783202,-153.34689331054688
-77.38797760009766,-153.3803253173828
-77.39139556884764,-153.418212890625
-77.39627838134766,-153.5100555419922
-77.3999252319336,-153.55899047851562
-77.40863800048827,-153.63729858398438
-77.41215515136719,-153.66299438476562
-77.41609191894531,-153.67906188964844
-77.42192077636719,-153.69033813476562
-77.42784881591797,-153.69468688964844
-77.43390655517578,-153.68377685546875
-77.43946838378906,-153.6604766845703
-77.44461822509766,-153.62265014648438
-77.44859313964844,-153.56332397460938
-77.4479751586914,-153.49659729003906
-77.44485473632812,-153.43994140625
-77.44465637207031,-153.34173583984375
-77.4443359375,-153.30519104003906
-77.44674682617188,-153.27151489257812
-77.4517822265625,-153.21571350097656
-77.45240020751953,-153.203125
-77.45185852050781,-153.137939453125
-77.45318603515624,-153.1260986328125
-77.45950317382811,-153.10791015625
-77.46321868896483,-153.0870819091797
-77.46653747558594,-153.03797912597656
-77.46973419189453,-152.9896240234375
-77.474853515625,-152.94444274902344
-77.47563934326172,-152.92018127441406
-77.4743881225586,-152.9022216796875
-77.47081756591797,-152.88534545898438
-77.46635437011717,-152.86328125
-77.46551513671875,-152.84918212890625
-77.46607208251953,-152.836181640625
-77.46839141845703,-152.82095336914062
-77.47377014160156,-152.80282592773438
-77.48319244384766,-152.77456665039062
-77.48963928222658,-152.74993896484375
-77.49288177490234,-152.72218322753906
-77.49754333496094,-152.69200134277344
-77.50267028808592,-152.67922973632812
-77.50485229492189,-152.6647186279297
-77.50865936279297,-152.63064575195312
-77.51258850097656,-152.5619354248047
-77.51276397705078,-152.54092407226562
-77.5088882446289,-152.5046844482422
-77.50331115722655,-152.4862823486328
-77.49313354492188,-152.48341369628906
-77.47750854492188,-152.49806213378906
-77.46493530273438,-152.5321807861328
-77.45248413085938,-152.56544494628906
-77.43216705322266,-152.58433532714844
-77.42267608642578,-152.5744171142578
-77.41852569580078,-152.5536804199219
-77.41547393798828,-152.52401733398438
-77.41419982910156,-152.50906372070312
-77.411376953125,-152.4954071044922
-77.40621948242188,-152.48733520507812
-77.4025650024414,-152.48782348632812
-77.39028930664062,-152.5093994140625
-77.38826751708984,-152.5195770263672
-77.38157653808594,-152.5185546875
-77.37734985351562,-152.5111846923828
-77.36808013916014,-152.48289489746094
-77.36222076416014,-152.4668426513672
-77.34745788574219,-152.46478271484375
-77.3338623046875,-152.4701080322266
-77.32225799560547,-152.49000549316406
-77.31732940673828,-152.4877166748047
-77.31243133544922,-152.49308776855472
-77.30957031249999,-152.51243591308594
-77.30896759033203,-152.5432891845703
-77.3080062866211,-152.55712890625
-77.30664062499999,-152.5748291015625
-77.30513763427734,-152.61355590820312
-77.29904174804688,-152.6380615234375
-77.29473114013672,-152.60588073730472
-77.29130554199219,-152.58702087402344
-77.2886734008789,-152.58070373535156
-77.28450012207031,-152.5766143798828
-77.28295135498047,-152.56585693359375
-77.28707122802734,-152.5537109375
-77.28965759277344,-152.5605926513672
-77.2927474975586,-152.55615234375
-77.29685974121094,-152.5189666748047
-77.29753112792969,-152.47496032714844
-77.29518127441406,-152.46560668945312
-77.29203796386719,-152.45668029785156
-77.2938003540039,-152.4452667236328
-77.29678344726564,-152.45553588867188
-77.30021667480469,-152.4521942138672
-77.3037109375,-152.4429168701172
-77.30512237548828,-152.42941284179688
-77.3036880493164,-152.40870666503906
-77.30578613281249,-152.3863220214844
-77.30696868896484,-152.34970092773438
-77.3056411743164,-152.3211212158203
-77.30140248226824,-152.3066426285967
-77.3058954289208,-152.25423975349116
-77.31013488769531,-152.2561492919922
-77.31031036376953,-152.2393035888672
-77.3141098022461,-152.21617126464844
-77.31828308105469,-152.2124786376953
-77.32281494140624,-152.2028045654297
-77.32518768310547,-152.18946838378906
-77.32907104492188,-152.16058349609375
-77.33318328857422,-152.14498901367188
-77.33595275878906,-152.1389617919922
-77.34452056884766,-152.1355743408203
-77.35149383544922,-152.15240478515625
-77.35623168945312,-152.15481567382812
-77.3616485595703,-152.14869689941406
-77.38163757324219,-152.12203979492188
-77.38639068603516,-152.11732482910156
-77.39086151123047,-152.10520935058594
-77.39359283447266,-152.0885009765625
-77.39212799072264,-152.06422424316406
-77.38829040527344,-152.0430908203125
-77.37470245361328,-151.9925537109375
-77.37416076660156,-151.9719696044922
-77.38275909423828,-151.97500610351562
-77.38619995117186,-151.96693420410156
-77.38705444335938,-151.94769287109375
-77.38471984863281,-151.94053649902344
-77.38593292236328,-151.92247009277344
-77.38938903808592,-151.91236877441406
-77.39054870605467,-151.87030029296875
-77.3894271850586,-151.75607299804688
-77.39350128173828,-151.7108154296875
-77.39964294433594,-151.6505889892578
-77.40946960449219,-151.538330078125
-77.41139221191406,-151.51296997070312
-77.41934204101562,-151.47354125976562
-77.4322509765625,-151.4569549560547
-77.4399642944336,-151.41006469726562
-77.45215606689453,-151.3666229248047
-77.46011352539062,-151.3633270263672
-77.46898651123045,-151.3784942626953
-77.47927856445312,-151.41477966308594
-77.4923324584961,-151.4708709716797
-77.49702453613281,-151.47982788085938
-77.50298309326172,-151.4559326171875
-77.50493621826172,-151.42529296875
-77.51097106933594,-151.35855102539062
-77.51476287841797,-151.24331665039062
-77.515380859375,-151.21597290039062
-77.52875518798828,-151.17041015625
-77.54407501220703,-151.11080932617188
-77.55693054199217,-151.04959106445312
-77.559326171875,-151.0171356201172
-77.5645980834961,-150.99473571777344
-77.57009124755861,-150.96510314941406
-77.57290649414062,-150.93824768066406
-77.5835189819336,-150.87518310546875
-77.58821868896484,-150.85659790039062
-77.59126281738281,-150.8496856689453
-77.59603118896484,-150.84632873535156
-77.59920501708984,-150.84408569335938
-77.60692596435547,-150.83302307128906
-77.63571166992188,-150.71238708496094
-77.6457290649414,-150.61898803710938
-77.65388488769531,-150.59518432617188
-77.66510009765625,-150.5513610839844
-77.67095184326172,-150.50595092773438
-77.67162322998047,-150.49002075195312
-77.67124176025392,-150.47079467773438
-77.67289039084756,-150.46248555888388
-77.67332458496094,-150.46029663085938
-77.67779541015625,-150.44549560546875
-77.68958282470702,-150.40907287597656
-77.71945190429688,-150.31565856933594
-77.74887084960938,-150.2394561767578
-77.76375579833984,-150.1881866455078
-77.7769775390625,-150.11935424804688
-77.7869644165039,-150.03575134277344
-77.7942123413086,-150.0026092529297
-77.80033111572266,-149.9673614501953
-77.80604553222658,-149.91464233398438
-77.80718231201172,-149.8919677734375
-77.8030776977539,-149.84970092773438
-77.79905700683594,-149.77633666992188
-77.80169677734375,-149.71131896972656
-77.80191802978516,-149.67254638671875
-77.79635620117188,-149.60133361816406
-77.78463745117188,-149.57200622558594
-77.77802276611328,-149.57493591308594
-77.76605987548828,-149.6050262451172
-77.75833129882812,-149.60073852539062
-77.76409149169922,-149.5734405517578
-77.76659393310547,-149.56430053710938
-77.76781463623047,-149.49903869628906
-77.76872149444165,-149.45736783367335
-77.76891326904297,-149.44851684570312
-77.76880645751953,-149.35186767578125
-77.76319122314453,-149.27780151367188
-77.75025939941406,-149.21713256835938
-77.73884582519531,-149.21002197265625
-77.73307037353516,-149.21282958984375
-77.72948455810547,-149.22084045410156
-77.72595977783203,-149.24826049804688
-77.72530364990234,-149.30360412597656
-77.72138977050781,-149.35569763183594
-77.71602630615234,-149.36346435546875
-77.70797729492188,-149.36611938476562
-77.69912719726562,-149.41064453125
-77.69699096679688,-149.41966247558594
-77.69172668457031,-149.42298889160156
-77.68575286865233,-149.4293212890625
-77.67393432515983,-149.45788593242725
-77.66549682617189,-149.47824096679688
-77.6591567993164,-149.53355407714844
-77.65938568115234,-149.5666046142578
-77.66133880615234,-149.6968994140625
-77.66260528564453,-149.7454071044922
-77.66732025146484,-149.81813049316406
-77.66656494140625,-149.84359741210938
-77.66407012939453,-149.85853576660156
-77.66058349609375,-149.8619384765625
-77.65731811523438,-149.85147094726562
-77.65056610107422,-149.81289672851562
-77.64073944091797,-149.79693603515628
-77.6323013305664,-149.81480407714844
-77.62186431884766,-149.83403015136722
-77.6146011352539,-149.83853149414062
-77.6084976196289,-149.80540466308594
-77.60449218749999,-149.77166748046875
-77.60740661621094,-149.74449157714844
-77.6112289428711,-149.71073913574222
-77.61206817626953,-149.66885375976562
-77.61286163330078,-149.6422882080078
-77.61190032958983,-149.5930938720703
-77.6093521118164,-149.54010009765625
-77.61030578613281,-149.4683074951172
-77.61331176757812,-149.3938446044922
-77.62174224853514,-149.32733154296875
-77.63316345214844,-149.2916259765625
-77.64287567138672,-149.24935913085938
-77.65116882324217,-149.19252014160156
-77.65599822998047,-149.1411590576172
-77.6674575805664,-149.08859252929688
-77.67778778076172,-149.03907775878906
-77.68352508544922,-149.00341796875
-77.68473815917967,-148.94961547851562
-77.68923950195312,-148.92144775390625
-77.69737243652344,-148.8685760498047
-77.7001724243164,-148.82785034179688
-77.6983108520508,-148.77430725097656
-77.69181060791016,-148.7309112548828
-77.67379760742188,-148.6904754638672
-77.66448974609375,-148.6984558105469
-77.64575958251953,-148.750732421875
-77.63973999023438,-148.76368713378906
-77.62760162353516,-148.72622680664062
-77.62126922607422,-148.7164764404297
-77.61604309082031,-148.71182250976562
-77.60134887695311,-148.74423217773438
-77.5921401977539,-148.75799560546875
-77.58220672607422,-148.7543487548828
-77.57353210449219,-148.7553253173828
-77.55335235595703,-148.78262329101562
-77.55179427870517,-148.77745817656958
-77.54985809326172,-148.7710418701172
-77.54438781738281,-148.75277709960938
-77.53942108154297,-148.75350952148438
-77.53135681152344,-148.774169921875
-77.52523040771483,-148.776123046875
-77.5223388671875,-148.7557373046875
-77.5239028930664,-148.71571350097656
-77.52977752685547,-148.70016479492188
-77.53705596923828,-148.69696044921875
-77.54862213134766,-148.68777465820312
-77.55402374267578,-148.6602325439453
-77.56573486328125,-148.49786376953125
-77.56475830078124,-148.44207763671875
-77.56112670898438,-148.41046142578125
-77.55614471435547,-148.40115356445312
-77.54998016357422,-148.40133666992188
-77.54364013671875,-148.40512084960938
-77.54550170898438,-148.3875274658203
-77.55362701416016,-148.3406982421875
-77.55706787109374,-148.29185485839844
-77.55664825439453,-148.24893188476562
-77.547607421875,-148.2144012451172
-77.54088592529297,-148.22039794921875
-77.53813171386717,-148.22625732421875
-77.53426361083984,-148.23533630371094
-77.52909851074219,-148.2347869873047
-77.52348327636719,-148.23248291015625
-77.51947021484375,-148.21739196777344
-77.51780700683592,-148.1934814453125
-77.51537322998047,-148.1769561767578
-77.50450134277344,-148.1570281982422
-77.5002899169922,-148.13230895996094
-77.49444580078124,-148.06112670898438
-77.49075317382812,-147.97657775878906
-77.490234375,-147.923583984375
-77.4904556274414,-147.87786865234375
-77.49182891845703,-147.81951904296875
-77.48902893066406,-147.7794647216797
-77.4813003540039,-147.7424774169922
-77.47154235839844,-147.73297119140625
-77.46590423583984,-147.7340240478516
-77.46184539794922,-147.7335662841797
-77.45775604248047,-147.71678161621094
-77.45243835449219,-147.68618774414062
-77.44509887695312,-147.66355895996094
-77.43232727050781,-147.693603515625
-77.4299545288086,-147.70867919921875
-77.42886352539062,-147.7281951904297
-77.43467712402344,-147.71685791015625
-77.44241333007812,-147.7288055419922
-77.44441223144531,-147.8153076171875
-77.4375228881836,-147.8950653076172
-77.43761444091797,-147.9195556640625
-77.43439483642578,-147.9512481689453
-77.43074798583986,-147.97496032714844
-77.4283218383789,-148.01248168945312
-77.43122863769531,-148.10894775390625
-77.4281768798828,-148.1796417236328
-77.42797088623047,-148.21578979492188
-77.42564392089842,-148.2559051513672
-77.42416381835939,-148.2793731689453
-77.41002655029298,-148.34173583984375
-77.40420532226562,-148.37234497070315
-77.398193359375,-148.4327850341797
-77.39397430419922,-148.46383666992188
-77.38632202148438,-148.5186309814453
-77.381591796875,-148.54095458984375
-77.37257385253905,-148.59539794921875
-77.36953735351562,-148.61392211914062
-77.35976409912111,-148.72055053710938
-77.35826873779295,-148.73574829101562
-77.35454559326172,-148.75408935546875
-77.35123443603516,-148.7622528076172
-77.34783935546875,-148.77969360351562
-77.34563446044922,-148.84091186523438
-77.3448257446289,-148.8812255859375
-77.34184265136719,-148.90846252441406
-77.33827209472656,-148.92127990722656
-77.33483123779297,-148.93673706054688
-77.33036804199217,-149.01095581054688
-77.32862854003908,-149.022705078125
-77.32276153564453,-149.02476501464844
-77.31373596191406,-149.0194854736328
-77.30671691894531,-149.02272033691406
-77.29898071289062,-149.03387451171875
-77.2936019897461,-149.03460693359375
-77.2895736694336,-149.0256805419922
-77.28589630126955,-148.99786376953125
-77.2830581665039,-148.99465942382812
-77.27925872802733,-148.99407958984375
-77.27571105957031,-149.00375366210938
-77.27429962158202,-149.01954650878906
-77.2721710205078,-149.03329467773438
-77.26772308349608,-149.03445434570312
-77.26282501220703,-149.02394104003906
-77.25498962402344,-148.98963928222656
-77.24989318847656,-148.952880859375
-77.24494934082033,-148.92066955566406
-77.2413101196289,-148.919677734375
-77.23983001708983,-148.9316558837891
-77.23897552490234,-148.9697265625
-77.23214721679689,-149.0239715576172
-77.22966766357422,-149.04161071777344
-77.22463989257812,-149.05821228027344
-77.22010040283203,-149.04873657226562
-77.21236419677734,-149.0152587890625
-77.21087646484375,-148.9727783203125
-77.20781707763672,-148.96624755859375
-77.20111083984375,-148.96861267089844
-77.1974411010742,-148.96078491210938
-77.1849365234375,-148.8820037841797
-77.18128967285156,-148.87609863281253
-77.17687225341795,-148.86439514160156
-77.17454528808594,-148.8568878173828
-77.17100524902344,-148.86158752441406
-77.16836547851562,-148.86973571777344
-77.16632080078125,-148.8871612548828
-77.16297149658203,-148.89822387695312
-77.15975189208983,-148.8970947265625
-77.15535736083984,-148.87744140625
-77.15184020996094,-148.86923217773438
-77.14633178710938,-148.86741638183594
-77.1252212524414,-148.8507843017578
-77.11815643310547,-148.83746337890625
-77.10935974121094,-148.79833984375
-77.10401916503906,-148.7410125732422
-77.10033416748048,-148.66046142578125
-77.09760284423828,-148.60487365722656
-77.10084533691406,-148.5447540283203
-77.11119842529297,-148.4432830810547
-77.1191177368164,-148.38687133789062
-77.13201904296875,-148.33140563964844
-77.14683532714844,-148.28338623046875
-77.15595245361328,-148.26300048828125
-77.16651153564453,-148.19680786132812
-77.17281341552734,-148.1752166748047
-77.17977142333984,-148.16473388671875
-77.19087982177734,-148.10569763183594
-77.1953353881836,-148.0482635498047
-77.20932006835936,-148.00686645507812
-77.22955322265625,-147.95770263671875
-77.23235321044922,-147.93472290039062
-77.23921203613281,-147.89620971679688
-77.25896453857422,-147.83702087402344
-77.27735137939453,-147.7935791015625
-77.28907775878906,-147.78524780273438
-77.3171157836914,-147.77760314941406
-77.33467102050781,-147.7615966796875
-77.34457397460938,-147.7432403564453
-77.34972381591795,-147.73548889160156
-77.36184692382812,-147.74925231933594
-77.36863708496094,-147.76625061035156
-77.3901596069336,-147.7305450439453
-77.39583587646483,-147.7120819091797
-77.39812469482422,-147.6932373046875
-77.39746856689453,-147.6788330078125
-77.39246368408203,-147.669921875
-77.3833236694336,-147.67298889160156
-77.36100769042969,-147.7029571533203
-77.3482894897461,-147.7122497558594
-77.33867645263672,-147.70547485351562
-77.33843994140626,-147.69093322753906
-77.34675598144531,-147.6466522216797
-77.34638977050781,-147.6263885498047
-77.34531402587889,-147.58987426757812
-77.34950256347656,-147.5543670654297
-77.35175323486328,-147.541748046875
-77.355224609375,-147.5458984375
-77.35859680175781,-147.57170104980472
-77.36088562011719,-147.5833740234375
-77.36502075195312,-147.5906982421875
-77.37147521972656,-147.603515625
-77.3786392211914,-147.58779907226562
-77.37763977050781,-147.54690551757812
-77.3684844970703,-147.5083465576172
-77.36019897460938,-147.49684143066406
-77.35076904296875,-147.48358154296875
-77.34959411621094,-147.4656219482422
-77.35389709472655,-147.4246063232422
-77.36298370361328,-147.41944885253906
-77.3742904663086,-147.43333435058594
-77.37981414794922,-147.43453979492188
-77.3864517211914,-147.41819763183594
-77.3886489868164,-147.40357971191406
-77.3889389038086,-147.3577880859375
-77.38155364990233,-147.3273468017578
-77.37398529052734,-147.34341430664062
-77.36904907226561,-147.352783203125
-77.3643798828125,-147.3592987060547
-77.35924530029297,-147.35292053222656
-77.35626983642578,-147.32696533203125
-77.35633087158203,-147.29721069335938
-77.35973358154297,-147.28009033203125
-77.36749267578124,-147.26853942871094
-77.37932586669922,-147.26849365234375
-77.38622283935547,-147.26353454589844
-77.4043960571289,-147.20994567871094
-77.41107177734375,-147.16357421875
-77.4107894897461,-147.13772583007812
-77.4030532836914,-147.1114044189453
-77.38512420654297,-147.1255340576172
-77.36405944824219,-147.1601257324219
-77.35603332519531,-147.16029357910156
-77.33287048339844,-147.18154907226562
-77.32141876220703,-147.1938018798828
-77.30534362792969,-147.21449279785156
-77.28317260742188,-147.26307678222656
-77.27457427978516,-147.27804565429688
-77.26056671142577,-147.26113891601562
-77.25150299072266,-147.2004852294922
-77.2458724975586,-147.1845245361328
-77.23759460449219,-147.1985626220703
-77.23613739013672,-147.21189880371094
-77.23010253906251,-147.2244415283203
-77.22763061523436,-147.24476623535156
-77.22879791259766,-147.2827911376953
-77.2314682006836,-147.2921905517578
-77.23676300048828,-147.2980194091797
-77.24349212646483,-147.29666137695312
-77.24822998046875,-147.29702758789062
-77.25135040283203,-147.30010986328125
-77.25354766845703,-147.3109130859375
-77.25505828857422,-147.32472229003906
-77.25638580322266,-147.3451385498047
-77.25664520263672,-147.37066650390625
-77.25428771972658,-147.41085815429688
-77.2512435913086,-147.42877197265625
-77.24582672119139,-147.43939208984375
-77.23953247070312,-147.44850158691406
-77.2206802368164,-147.4807281494141
-77.20068359375,-147.533203125
-77.1977310180664,-147.55172729492188
-77.19306945800781,-147.57711791992188
-77.18995666503906,-147.5850372314453
-77.18119812011719,-147.59707641601562
-77.17289733886719,-147.58872985839844
-77.17021179199219,-147.5633544921875
-77.16943359375,-147.5294952392578
-77.17049407958984,-147.49134826660156
-77.17957305908203,-147.43115234375003
-77.18016052246094,-147.41641235351562
-77.1791305541992,-147.3761749267578
-77.1846694946289,-147.2505340576172
-77.19084167480469,-147.2154998779297
-77.19888305664062,-147.19515991210938
-77.21212768554688,-147.16265869140625
-77.21508026123047,-147.1520233154297
-77.21590423583984,-147.13748168945312
-77.2175521850586,-147.0770721435547
-77.22099304199219,-147.04171752929688
-77.2275390625,-147.0296173095703
-77.23234558105467,-147.02565002441406
-77.23562622070312,-146.9673614501953
-77.23801532481272,-146.94169790644773
-77.23835754394531,-146.93801879882812
-77.24760437011719,-146.90567016601562
-77.2497787475586,-146.88807678222656
-77.25294494628906,-146.86956787109375
-77.26038360595703,-146.85264587402344
-77.26738739013672,-146.84207153320312
-77.27374267578125,-146.8425750732422
-77.28343963623047,-146.84133911132812
-77.29060363769531,-146.83026123046875
-77.305908203125,-146.78372192382812
-77.3299789428711,-146.72927856445312
-77.33114624023439,-146.7124481201172
-77.33197784423828,-146.67921447753906
-77.33811950683594,-146.65158081054688
-77.3423080444336,-146.63386535644534
-77.347900390625,-146.61807250976565
-77.35037231445312,-146.60243225097656
-77.35336303710938,-146.58108520507812
-77.35597229003905,-146.57733154296875
-77.36040496826172,-146.57838439941406
-77.36566925048828,-146.57896423339844
-77.36868286132812,-146.5842742919922
-77.37156677246094,-146.6167449951172
-77.41112518310545,-146.51156616210938
-77.44981384277344,-146.41554260253906
-77.46681213378906,-146.38951110839844
-77.49148559570312,-146.34298706054688
-77.49382781982422,-146.32638549804688
-77.49748229980469,-146.3047332763672
-77.50201416015625,-146.2688446044922
-77.50908660888672,-146.214599609375
-77.5181655883789,-146.13206481933594
-77.51773071289061,-146.1072235107422
-77.51817321777344,-146.06814575195312
-77.52103424072266,-146.0162353515625
-77.51301574707031,-145.9395294189453
-77.506591796875,-145.93128967285156
-77.4948272705078,-145.9407958984375
-77.48551177978516,-145.9562225341797
-77.47889709472656,-145.9590606689453
-77.4747085571289,-145.94908142089844
-77.47157287597656,-145.90760803222656
-77.47113037109375,-145.827392578125
-77.47908020019531,-145.759521484375
-77.49659729003906,-145.6918182373047
-77.51509094238281,-145.56288146972656
-77.52105712890625,-145.53549194335938
-77.52344512939453,-145.51315307617188
-77.52176666259766,-145.49420166015628
-77.52017974853516,-145.46969604492188
-77.51510620117188,-145.44786071777344
-77.50974273681639,-145.45016479492188
-77.4995346069336,-145.46893310546875
-77.49105072021484,-145.4916534423828
-77.47695922851562,-145.51950073242188
-77.47135162353516,-145.51097106933594
-77.46443176269531,-145.5150146484375
-77.45156860351562,-145.55564880371094
-77.4459457397461,-145.57757568359375
-77.43601989746094,-145.5690460205078
-77.4305369104132,-145.57177968198206
-77.42456817626953,-145.5747528076172
-77.40846252441406,-145.63475036621097
-77.40277099609375,-145.65155029296875
-77.37239074707031,-145.74537658691406
-77.37029266357422,-145.7633514404297
-77.36851501464844,-145.7865447998047
-77.36918640136719,-145.80938720703125
-77.37032318115234,-145.83079528808594
-77.37425994873047,-145.84971618652344
-77.37760925292969,-145.8569793701172
-77.38198089599608,-145.85276794433594
-77.38645935058594,-145.84925842285156
-77.39177703857422,-145.85145568847656
-77.39622497558594,-145.86155700683594
-77.39895629882811,-145.87388610839844
-77.40266418457031,-145.9081573486328
-77.40380859375001,-145.94204711914062
-77.40282440185545,-145.9877166748047
-77.39614868164064,-146.03326416015625
-77.3899154663086,-146.052490234375
-77.3846664428711,-146.06762695312503
-77.37543487548827,-146.0618438720703
-77.37167358398438,-146.0516815185547
-77.36692810058594,-146.0010223388672
-77.36470031738281,-145.97059631347656
-77.36341094970703,-145.9403839111328
-77.35822296142578,-145.9221954345703
-77.35355377197266,-145.9044952392578
-77.3507080078125,-145.88221740722656
-77.3505630493164,-145.8567657470703
-77.34806060791016,-145.8292694091797
-77.33209991455078,-145.82273864746094
-77.32831573486328,-145.8323974609375
-77.31525421142578,-145.8179473876953
-77.31192016601562,-145.81687927246094
-77.30813598632812,-145.82652282714844
-77.30582427978516,-145.84605407714844
-77.30288696289062,-145.86749267578125
-77.2962875366211,-145.90846252441406
-77.29000854492188,-145.92572021484375
-77.27715644802774,-145.93714596834036
-77.26356506347656,-145.94920349121094
-77.25056457519531,-145.97152709960938
-77.2383041381836,-145.95770263671875
-77.24047088623047,-145.87509155273438
-77.2449722290039,-145.85818481445312
-77.25127410888672,-145.82444763183594
-77.25248718261717,-145.80526733398438
-77.2503662109375,-145.76239013671875
-77.24311065673828,-145.70962524414062
-77.23886108398438,-145.67539978027344
-77.2406539916992,-145.5142059326172
-77.23657989501955,-145.39891052246094
-77.22930908203125,-145.32142639160156
-77.22288513183594,-145.30331420898438
-77.2130889892578,-145.29161071777344
-77.20575714111327,-145.2959747314453
-77.19371032714844,-145.33358764648438
-77.18521118164062,-145.40328979492188
-77.15713500976562,-145.53440856933594
-77.13888549804688,-145.6611785888672
-77.12737274169922,-145.70361328125
-77.11479949951172,-145.7675018310547
-77.09202575683594,-145.84190368652344
-77.0876693725586,-145.85511779785156
-77.08135986328125,-145.88235473632812
-77.0767593383789,-145.90440368652344
-77.07418823242188,-145.92636108398438
-77.07044982910156,-145.9690704345703
-77.06605529785156,-146.0389862060547
-77.06358337402345,-146.1353302001953
-77.06033325195312,-146.19049072265625
-77.05914306640625,-146.2051544189453
-77.05399322509766,-146.22657775878906
-77.04977416992186,-146.2331085205078
-77.02931976318358,-146.29400634765625
-77.0262985229492,-146.3070068359375
-77.01969543750796,-146.3265930017203
-77.01660919189453,-146.3357391357422
-77.0103530883789,-146.34222412109375
-77.00144958496094,-146.34751892089847
-76.99556732177734,-146.33084106445312
-76.99207305908203,-146.30007934570312
-76.98867797851562,-146.2369384765625
-76.99235534667969,-146.18186950683594
-76.99067687988281,-146.09144592285156
-76.99209594726562,-146.05001831054688
-77.0031509399414,-145.97061157226562
-77.0048828125,-145.94325256347656
-77.00956726074219,-145.90396118164062
-77.02253723144531,-145.84466552734375
-77.02471160888672,-145.8350830078125
-77.0250244140625,-145.78358459472656
-77.03236389160156,-145.66818237304688
-77.03323364257812,-145.6219482421875
-77.03215026855469,-145.57049560546875
-77.03052520751953,-145.54808044433597
-77.03491973876953,-145.53668212890625
-77.04017639160156,-145.53683471679688
-77.05065155029298,-145.48646545410156
-77.05521392822267,-145.41851806640625
-77.05414581298828,-145.38209533691406
-77.04057312011719,-145.36077880859375
-77.03281402587892,-145.37551879882812
-77.02513122558594,-145.39810180664062
-77.01759338378905,-145.43038940429688
-77.00421142578125,-145.46327209472656
-76.99444580078124,-145.48704528808594
-76.98968505859375,-145.49752807617188
-76.9787826538086,-145.54188537597656
-76.97435760498047,-145.5442352294922
-76.96500396728516,-145.5161590576172
-76.95943450927734,-145.5008087158203
-76.95344543457031,-145.5018768310547
-76.95140075683594,-145.51515197753906
-76.94685363769531,-145.5430908203125
-76.94364929199219,-145.5518035888672
-76.93353271484375,-145.5643768310547
-76.92640686035156,-145.58596801757812
-76.92318725585938,-145.60777282714844
-76.92161560058595,-145.6416778564453
-76.9229736328125,-145.685791015625
-76.92515563964842,-145.74850463867188
-76.92409515380858,-145.81689453125
-76.9190673828125,-145.85504150390625
-76.91343688964844,-145.8819122314453
-76.89785766601562,-145.9104461669922
-76.87810516357422,-145.96630859375
-76.87073516845702,-145.98919677734375
-76.86774444580078,-146.0110321044922
-76.86337280273438,-146.0608367919922
-76.86224365234375,-146.08009338378906
-76.86236572265624,-146.1016082763672
-76.86583709716797,-146.13912963867188
-76.87345123291016,-146.16241455078125
-76.87580871582031,-146.185302734375
-76.87758636474608,-146.19996643066406
-76.87957000732422,-146.2100372314453
-76.88690948486328,-146.21824645996097
-76.89424896240234,-146.20556640625
-76.9005889892578,-146.17886352539062
-76.90777587890625,-146.18154907226562
-76.91464233398438,-146.16424560546875
-76.92137908935545,-146.1133270263672
-76.9327621459961,-146.03347778320312
-76.9402389526367,-146.01719665527344
-76.94182586669922,-146.03350830078125
-76.9416275024414,-146.047119140625
-76.94108581542969,-146.07476806640625
-76.94344329833984,-146.09478759765625
-76.9466781616211,-146.1041717529297
-76.95095825195312,-146.11148071289062
-76.95398712158203,-146.12850952148438
-76.95042419433594,-146.17213439941406
-76.94457244873047,-146.2484893798828
-76.94160461425781,-146.26025390625
-76.93842315673828,-146.25865173339844
-76.9242172241211,-146.29161071777344
-76.9148941040039,-146.31507873535156
-76.91036224365236,-146.3164520263672
-76.90572357177734,-146.32012939453125
-76.90223693847655,-146.3373565673828
-76.90415954589844,-146.35458374023438
-76.90764617919922,-146.3642578125
-76.91191864013672,-146.3716278076172
-76.9255599975586,-146.3843536376953
-76.93601989746094,-146.40145874023438
-76.94043731689453,-146.42037963867188
-76.9431381225586,-146.44436645507812
-76.94371032714844,-146.51742553710938
-76.94638061523439,-146.55642700195312
-76.95082092285156,-146.59825134277344
-76.95951843261717,-146.6385955810547
-76.9696044921875,-146.68988037109375
-76.97808074951172,-146.73194885253906
-76.9861068725586,-146.7574157714844
-76.98873901367188,-146.77369689941406
-76.98889923095703,-146.7991485595703
-76.98818969726561,-146.81414794921875
-76.98994445800781,-146.84890747070312
-76.99826049804686,-146.90248107910156
-76.9964141845703,-146.93572998046875
-76.99530792236328,-146.9588165283203
-76.99431610107422,-146.97958374023438
-76.99471282958983,-147.00830078125
-76.9959487915039,-147.03057861328125
-76.99591064453125,-147.04562377929688
-76.98519897460938,-147.03968811035156
-76.9768295288086,-147.03297424316406
-76.96683502197264,-147.01210021972656
-76.96334075927734,-147.01422119140625
-76.9488754272461,-147.0072021484375
-76.94564819335938,-147.00657653808594
-76.93968963623047,-147.0147705078125
-76.93482208251952,-147.02279663085938
-76.92217254638672,-147.00369262695312
-76.91551208496094,-147.00103759765625
-76.91232299804688,-147.0052490234375
-76.90608215332031,-147.03892517089844
-76.8927764892578,-147.0838623046875
-76.88841247558594,-147.09530639648438
-76.8790512084961,-147.1091766357422
-76.86707305908203,-147.0930938720703
-76.85122680664062,-147.08116149902344
-76.84774017333984,-147.0802764892578
-76.84294128417969,-147.0978240966797
-76.83979034423828,-147.10678100585938
-76.8301773071289,-147.1007080078125
-76.82241058349608,-147.07078552246094
-76.81868743896484,-147.04408264160156
-76.82135772705078,-147.0001678466797
-76.82472229003906,-146.95033264160156
-76.82140350341797,-146.87826538085938
-76.82073211669922,-146.7759552001953
-76.8233413696289,-146.71234130859375
-76.82592010498047,-146.66058349609375
-76.82256317138672,-146.63970947265625
-76.82650756835938,-146.60464477539062
-76.84220123291016,-146.5354766845703
-76.85710144042969,-146.45652770996094
-76.86161041259764,-146.38787841796875
-76.86323547363281,-146.32559204101562
-76.87010192871094,-146.26670837402344
-76.86930084228516,-146.2004852294922
-76.86689758300781,-146.18173217773438
-76.86324310302734,-146.16664123535156
-76.85819244384766,-146.16464233398438
-76.84982299804686,-146.17938232421875
-76.83899688720703,-146.1884002685547
-76.83367919921875,-146.1802215576172
-76.83065032958984,-146.16928100585938
-76.83062744140625,-146.13365173339844
-76.83597564697266,-146.1079864501953
-76.84591674804688,-146.05178833007812
-76.84963226318358,-146.01693725585938
-76.84596252441405,-145.9989471435547
-76.84201049804686,-146.00270080566406
-76.83914947509766,-146.0032196044922
-76.83625793457031,-145.9829559326172
-76.8341827392578,-145.95033264160156
-76.8311767578125,-145.80601501464844
-76.83219146728514,-145.7920379638672
-76.83709716796876,-145.77241516113284
-76.84141540527344,-145.74754333496094
-76.84089660644531,-145.72515869140625
-76.84124755859375,-145.69815063476562
-76.84475708007814,-145.66368103027344
-76.84720611572266,-145.64434814453125
-76.84490203857422,-145.62228393554688
-76.83877563476562,-145.6077423095703
-76.83587646484375,-145.6154327392578
-76.82477569580077,-145.6317901611328
-76.81840515136719,-145.62298583984375
-76.80178833007812,-145.60401916503906
-76.79953002929688,-145.5968475341797
-76.79873657226562,-145.5743408203125
-76.79924774169922,-145.53692626953125
-76.79890441894533,-145.5100555419922
-76.79220581054688,-145.4833526611328
-76.78700256347656,-145.46910095214844
-76.7751693725586,-145.46485900878906
-76.76290130615234,-145.50270080566406
-76.75718688964844,-145.5069122314453
-76.75244140625,-145.50424194335938
-76.7461471557617,-145.5062255859375
-76.73956298828125,-145.53089904785156
-76.72972869873047,-145.60290527343753
-76.7262954711914,-145.62303161621094
-76.72123718261719,-145.69943237304688
-76.72135925292969,-145.7277374267578
-76.71986389160156,-145.7559051513672
-76.71922302246094,-145.82298278808594
-76.71953582763672,-145.85264587402344
-76.70632934570312,-145.92507934570312
-76.70289611816408,-145.9991607666016
-76.70703125,-146.0667266845703
-76.70819091796875,-146.08595275878906
-76.70686340332031,-146.11538696289062
-76.69808959960938,-146.14491271972656
-76.69205474853514,-146.15267944335938
-76.68934631347656,-146.1497802734375
-76.68590545654297,-146.13919067382812
-76.68443298339844,-146.12091064453125
-76.67900085449217,-146.10044860839844
-76.67020416259764,-146.09764099121094
-76.65440368652344,-146.12112426757812
-76.641845703125,-146.18592834472656
-76.62484741210938,-146.23512268066406
-76.62183380126953,-146.2477264404297
-76.61980438232422,-146.27696228027344
-76.62038421630858,-146.32012939453125
-76.6209487915039,-146.3545379638672
-76.62255859375,-146.3869171142578
-76.62020111083984,-146.4199676513672
-76.61727905273438,-146.43028259277344
-76.59604644775389,-146.4298553466797
-76.58677673339844,-146.4486083984375
-76.57536315917969,-146.46664428710938
-76.56449127197266,-146.4589080810547
-76.55722045898436,-146.4351043701172
-76.55123138427734,-146.44444274902344
-76.54784393310547,-146.453125
-76.54621124267578,-146.48486328125
-76.5394058227539,-146.53125
-76.52454376220703,-146.6100311279297
-76.52140045166014,-146.62759399414062
-76.51387786865233,-146.64881896972656
-76.50714874267577,-146.6591339111328
-76.49553680419922,-146.7004852294922
-76.48590850830078,-146.7620849609375
-76.47554779052734,-146.84381103515625
-76.4713668823242,-146.89566040039062
-76.46322631835938,-146.94798278808594
-76.45024108886719,-146.99642944335938
-76.44438171386719,-147.0078887939453
-76.43053436279297,-147.07855224609375
-76.43074035644531,-147.1122589111328
-76.44033813476562,-147.1962432861328
-76.44159698486328,-147.24891662597656
-76.43960571289062,-147.28004455566406
-76.4384994506836,-147.33343505859375
-76.44090270996092,-147.3686676025391
-76.44627380371094,-147.4461212158203
-76.44513702392578,-147.5308074951172
-76.44125366210938,-147.55841064453125
-76.43553161621094,-147.5975799560547
-76.43358612060547,-147.62179565429688
-76.42942047119139,-147.68789672851562
-76.42929840087889,-147.71847534179688
-76.43651580810547,-147.78224182128906
-76.44635009765626,-147.96180725097656
-76.45755767822266,-148.0791778564453
-76.46720886230469,-148.14694213867188
-76.47584533691405,-148.21556091308594
-76.48102569580077,-148.2452392578125
-76.48900604248047,-148.30809020996094
-76.4989242553711,-148.35549926757812
-76.5063247680664,-148.4039306640625
-76.51106262207031,-148.4461669921875
-76.51306915283203,-148.49090576171875
-76.51061248779297,-148.53224182128906
-76.50775146484375,-148.5830841064453
-76.49886322021484,-148.67498779296875
-76.49063873291016,-148.78564453125
-76.48822021484375,-148.81817626953125
-76.4857177734375,-148.89590454101562
-76.48015594482422,-148.9963836669922
-76.477783203125,-149.01373291015625
-76.47392272949219,-149.06103515625
-76.46408081054688,-149.2094268798828
-76.4456787109375,-149.46633911132812
-76.44232177734375,-149.50820922851562
-76.43002319335936,-149.60208129882812
-76.41831612541793,-149.6448772670947
-76.40552427531364,-149.686113699968
-76.39189377070767,-149.70666232722874
-76.38382674533952,-149.71163581022003
-76.37203189392496,-149.69891200868997
-76.35892798344953,-149.70127560399942
-76.35049805628218,-149.68457500195314
-76.34395990372965,-149.67731036633694
-76.3406982421875,-149.66665649414062
-76.33759307861328,-149.66322326660156
-76.33023834228516,-149.64805603027344
-76.32396248604184,-149.62719636813057
-76.3157660327695,-149.5826520429263
-76.29911230047328,-149.53266266507103
-76.29193811813069,-149.47510656920286
-76.28961944580078,-149.4320068359375
-76.28844824507861,-149.41684106796947
-76.2871322631836,-149.4048614501953
-76.28424072265625,-149.38426208496094
-76.28299057751762,-149.30086302981306
-76.28660079820779,-149.21266757111127
-76.2823696644531,-149.1585830270182
-76.27587086712558,-149.09492367288024
-76.26783181207448,-148.98741656914964
-76.26018975474068,-148.91960590370553
-76.25375051444743,-148.88040904477975
-76.24075144974245,-148.79592674148594
-76.23459678413026,-148.85040586440877
-76.22749864156457,-148.84342868339596
-76.21472015969398,-148.79642105501935
-76.22434506925296,-148.87102698254466
-76.21336190744219,-148.8588226613403
-76.21880862372566,-148.9124798595963
-76.21351817595415,-148.92314048692992
-76.21075685984161,-148.95132299436185
-76.19546227553633,-148.86121309585357
-76.18229918043728,-148.81664443947056
-76.19092452102707,-148.74265945220156
-76.19430268400218,-148.72469691372817
-76.19154456136751,-148.70691300201096
-76.18429779869803,-148.69804619824507
-76.17723009183138,-148.69285679573912
-76.17217180325714,-148.69459629769224
-76.16905138089388,-148.69142246956724
-76.16504192381674,-148.68547120725822
-76.16143729335055,-148.68055960322224
-76.14965714373075,-148.64823530733423
-76.14468809369887,-148.63363565144456
-76.14041228244497,-148.62099802382514
-76.13520481971226,-148.60602505926732
-76.13068393535869,-148.59944205160184
-76.12461093731183,-148.5761418807034
-76.1133799404634,-148.55447696488713
-76.10538113360381,-148.53088237161052
-76.09963226318358,-148.49649047851562
-76.09532928466795,-148.48535156250003
-76.0859793320946,-148.40690707570195
-76.07715950918357,-148.30157204805357
-76.10775972647025,-148.3264276312815
-76.1505479166577,-148.33642355074835
-76.17029378881048,-148.30904960295894
-76.20891455300067,-148.21426165556082
-76.25377429807533,-148.11044018986553
-76.27915453270545,-148.05709630364444
-76.29648830817807,-148.0161205145959
-76.31566257622444,-147.86983655182658
-76.32657815600655,-147.80356659219478
-76.33446434644198,-147.72123279371806
-76.33288262787008,-147.6347493415551
-76.33649974840652,-147.5662824365245
-76.34868310872025,-147.52545907863237
-76.3493147944595,-147.4246963801994
-76.35506588114019,-147.29111037534645
-76.34720759604427,-147.18097944926583
-76.34303190298449,-147.14941779583162
-76.35011772662796,-147.1085297544075
-76.35864428081491,-147.12281810765103
-76.36251420221602,-147.11490312271354
-76.36677831571339,-147.07628652124555
-76.37470762742122,-146.99518679348057
-76.38728445475915,-146.9361769295937
-76.39998332374284,-146.88209042531426
-76.40801772228768,-146.85979357785646
-76.4142473784972,-146.85061110939603
-76.42044056339682,-146.85778350964713
-76.42667029827284,-146.84859162995934
-76.42778685466169,-146.8102211631223
-76.42448484805483,-146.75973050939402
-76.4345481460928,-146.66366749431089
-76.44505972731345,-146.65322489433692
-76.46220462848227,-146.65682036914671
-76.47210742849762,-146.65897206068163
-76.47729884210254,-146.6470979511742
-76.47691671359038,-146.59905260355043
-76.47242397146017,-146.50797167216092
-76.47719628951185,-146.44799690633977
-76.48254123669501,-146.39999670954097
-76.48935644634109,-146.345003977915
-76.51168196820153,-146.27028790965107
-76.52748651811117,-146.2112386430609
-76.53442033888672,-146.17754486644588
-76.53391959334489,-146.09630285027
-76.51011818677469,-145.96932617010236
-76.5248109376799,-145.90742246685934
-76.55012382128021,-145.83929209125787
-76.56326705972728,-145.75930724713868
-76.5737000497924,-145.6703783238212
-76.61462913549218,-145.37909188336755
-76.62737960568849,-145.24010502674645
-76.62041131428501,-145.0195681102744
-76.59500058468366,-144.81537415698057
-76.57160988188073,-144.6728165874667
-76.51886911522384,-144.57525498796383
-76.51699920197949,-144.3281326968704
-76.5319403767455,-144.13539461606692
-76.53355784567398,-143.92677728265818
-76.5178955492203,-143.6414661766405
-76.51229835459772,-143.4091022738553
-76.49955630399923,-142.90207387897053
-76.48748442296146,-142.66052589724447
-76.45599956200523,-142.42498348159089
-76.41885835999736,-142.21997386895845
-76.38979861510342,-142.0978425729641
-76.37884349256628,-142.03079981858016
-76.41620945442875,-141.78540871822648
-76.43875512003645,-141.62858279986324
-76.50202089204667,-141.27338077983447
-76.54204418086529,-141.10008451507352
-76.62213797496857,-140.8618845059966
-76.65519860767348,-140.7452619959274
-76.67311333138524,-140.49016200667236
-76.67424586128183,-140.34311679801326
-76.67547299800651,-140.1691720759463
-76.68006141665633,-139.78993868677597
-76.69817577999342,-139.46777279928804
-76.70932884766795,-139.23022292625905
-76.69851916872703,-138.56983516719015
-76.668188434373,-137.88051050225675
-76.64657597349589,-137.35300271889835
-76.59699777429648,-136.78452293573278
-76.57415535671582,-136.45393738414197
-76.5296530027717,-135.83049470153858
-76.544626958077,-135.00865506874896
-76.58116737261761,-133.85229835819158
-76.58837024700577,-133.07143620592888
-76.56751073768736,-132.4380037468901
-76.54856156244075,-132.0913171298994
-76.590648977781,-131.31610783736346
-76.60442199105508,-130.65874128906023
-76.61101956814022,-129.6752844482904
-76.61270165696929,-129.3383996974452
-76.57081872946404,-128.7186905147377
-76.4757338943212,-127.99030620819637
-76.4092622753978,-127.3520312408149
-76.42771496882341,-126.6078650371873
-76.4786982735704,-125.83730090288408
-76.47851811192264,-125.83475142448914
-76.45992370001565,-125.57396664505706
-76.4811987246207,-125.10221626904209
-76.57429247853955,-124.37426879448098
-76.68586208087828,-123.74608929825241
-76.83873115810286,-122.99016193452819
-76.94254916302391,-122.7376079763247
-77.1054533182122,-122.31983210340924
-77.50336997229009,-120.80060097059112
-77.80520457654407,-119.31981496802656
-78.09987648142314,-118.10775502228623
-78.32535168483817,-117.22047064189651
-78.6795149273713,-115.31976322961181
-78.97270682761416,-113.87367574960673
-79.13492506952258,-113.21235842417148
-79.21390761667712,-112.44887466476963
-79.35487743914071,-110.35890267437067
-79.4774856180122,-108.28691179149347
-79.64906796756611,-106.01573476041413
-79.70825248390065,-105.34788002127928
-79.75279283190639,-104.94236872130993
-79.79054873123489,-104.51364562399111
-79.91748417624014,-103.76290060928766
-80.07451053238057,-102.7842755800847
-80.26650401252593,-101.97897776214572
-80.42559117143657,-101.18480758841238
-80.52893660485718,-100.63348197731376
-80.59121392981973,-100.18206644581068
-80.68877866906863,-99.44520323051375
-80.72879717835644,-98.834744435197
-80.72759071549848,-98.1413149062762
-80.72958017822646,-97.92747800828884
-80.71950941309416,-97.77007927569548
-80.70036157470744,-97.57829478498842
-80.81138454635574,-98.08734485580369
-80.91207007426925,-98.51048264099798
-81.17003542211235,-99.42787055564533
-81.31560556854213,-99.7047099640658
-81.88545151056624,-100.88200547191467
-82.01385985869676,-101.3084112864314
-82.12140588733922,-101.60709405472639
-82.21981045016793,-101.94642983294774
-82.4858151168691,-103.17579612226673
-82.54407127374782,-103.60200996041578
-82.62500963826757,-103.45338934638212
-82.73246537454325,-102.97042900029378
-82.98316338464008,-102.48282496217638
-83.10645437467262,-102.34095543710897
-83.20980504129709,-102.25432466204434
-83.2942397093366,-102.06742666005383
-83.41380733779874,-101.72753841088564
-83.57851553214581,-101.42744194753325
-83.6974803381922,-100.8698088939363
-83.9259175715484,-99.9434095893632
-84.07860124565974,-99.52874620597431
-84.20135806915238,-99.2908176660973
-84.36894721674409,-99.34924237348075
-84.68743309575622,-99.83457361519432
-84.924768362216,-103.9909869105213
-85.09880740046368,-104.95699193331225
-85.2307790075205,-105.31955431704694
-85.38264240077731,-105.83604083925498
-85.53668797047352,-104.87576385738127
-85.71400873624837,-104.0700281652848
-85.80031383112188,-103.82511079018576
-85.89107127572662,-104.26733860734547
-86.00786847637976,-104.90349602364576
-86.18159135985672,-105.66474584115322
-86.35804326868997,-106.6414536597823
-86.43667705879238,-107.40889362048482
-86.46249047013035,-107.66970413397897
-86.61555715043842,-108.67508093164334
-86.8409173333412,-110.07896830008745
-87.06254482794087,-111.2835484205388
-87.41562064958417,-112.92424018657249
-87.77137351391197,-117.58091376190234
-88.08887828083998,-123.81111904342987
-88.29536519043424,-130.42430146499672
-88.1342429350639,-130.0967413823441
-87.95606593756327,-132.16203490451517
-87.76602922383476,-134.66773512113423
-87.56227309920087,-136.984045312979
-87.25883164858969,-138.3275659449854
-86.97446171984748,-138.84610200584888
-86.77717425868063,-138.46287116584585
-86.62833835752255,-137.64674626651131
-86.44186702453837,-136.89045239271263
-86.37510414239732,-136.66234179852034
-86.32063829724447,-137.1375375134468
-86.27265118447896,-138.70886186651728
-86.247311979492,-139.42950757480511
-86.21032592967879,-140.13023140371033
-86.20398897371577,-140.12832787437006
-86.14454042040133,-140.11077504756332
-86.0275924981208,-139.93770520769294
-85.93105778618809,-140.25303908484062
-85.91979099347847,-140.92714470411786
-85.85618448604143,-141.4092880648268
-85.74443718814645,-142.23416295348844
-85.67909651625479,-144.14971984864798
-85.65765723931985,-144.98289826033803
-85.63486393599229,-146.46044790499255
-85.55871484556832,-147.12642132211369
-85.5288508737614,-147.685325791908
-85.48519926855752,-148.19681055024577
-85.43963282708638,-148.3285512766657
-85.3681077268673,-148.41968379610427
-85.32470703125,-148.72787475585938
-85.3157772759038,-148.6427208889587
-85.30583190917969,-148.67465209960938
-85.29459381103516,-148.6689910888672
-85.2830810546875,-148.68092346191406
-85.27686309814453,-148.5339813232422
-85.26050567626953,-148.21206665039062
-85.25408935546875,-148.1049041748047
-85.22244262695312,-147.95533752441406
-85.20763469382442,-147.94714622369702
-85.19384765625,-148.0591278076172
-85.17801666259766,-148.32081604003906
-85.17918395996094,-148.62530517578125
-85.17455043950909,-148.7487437073851
-85.17301940917969,-148.95152282714844
-85.17742919921875,-149.09298706054688
-85.18731689453125,-149.1632080078125
-85.20040130615234,-149.2434539794922
-85.20323181152344,-149.30128479003906
-85.20307159423828,-149.39480590820312
-85.18872442681297,-149.42625326457116
-85.17939999307303,-149.390649645301
-85.17500305175781,-149.37741088867188
-85.14590454101562,-149.4228057861328
-85.13335418701172,-149.5098571777344
-85.09017944335938,-149.34310913085938
-85.05509185791016,-149.49050903320312
-85.03763580322266,-149.64968872070312
-85.00700045433186,-149.80624625511382
-84.98149108886719,-149.96328735351562
-84.96247863769533,-149.99085998535156
-84.9355239868164,-150.1002960205078
-84.92239379882812,-150.1957244873047
-84.91968536376952,-150.2841796875
-84.9050064086914,-150.58018493652344
-84.90296173095703,-150.754150390625
-84.90381297026391,-150.88484628810653
-84.90745544433592,-151.0072784423828
-84.91297149658202,-151.0833282470703
-84.92643139675826,-151.19441218119962
-84.94670532673206,-151.38367764920403
-84.95870032534705,-151.4988508130759
-84.97139026534316,-151.61016412217643
-84.99083425128528,-151.6697287105844
-85.01053528202122,-151.83422665756865
-85.02648238130112,-152.13954352034833
-85.0480858741698,-152.43302080724536
-85.0567626953125,-152.5284881591797
-85.07860565185547,-152.74148559570312
-85.09561157226561,-152.8159637451172
-85.0994873046875,-153.1102752685547
-85.10627244222256,-153.25659083235607
-85.10722351074219,-153.28961181640625
-85.11938191119364,-153.35013815566828
-85.1281509399414,-153.41212463378906
-85.13618469238283,-153.5177764892578
-85.1315689086914,-153.74072265625
-85.11531066894531,-154.05905151367188
-85.1068115234375,-154.18875122070312
-85.0997314453125,-154.33705139160156
-85.09143829345703,-154.43089294433594
-85.08940124511719,-154.65040588378906
-85.09970092773438,-154.73460388183594
-85.10858154296875,-154.82693481445312
-85.11630249023439,-155.08627319335938
-85.11573028564453,-155.36268615722656
-85.10971832275392,-155.60009765625
-85.08647155761719,-155.9062957763672
-85.07294464111328,-156.0189971923828
-85.04744720458984,-156.35641479492188
-85.02924346923828,-156.6640625
-85.01035308837892,-156.885498046875
-84.92679495597531,-157.1202584868152
-84.92545318603514,-157.04013061523438
-84.91360473632812,-156.72666931152344
-84.9121627807617,-156.40396118164062
-84.90370941162108,-156.2806854248047
-84.88602447509764,-156.2034454345703
-84.8662643432617,-156.2598876953125
-84.84783935546875,-156.35008239746094
-84.825927734375,-156.53753662109375
-84.79579162597655,-157.3642578125
-84.7776412963867,-158.04441833496094
-84.75520324707031,-158.41970825195312
-84.65636444091794,-160.6425323486328
-84.63052368164058,-161.38345336914062
-84.61320495605464,-162.07562255859375
-84.58094787597652,-162.57752990722656
-84.57189941406247,-162.99473571777344
-84.55741882324216,-163.2555389404297
-84.54071807861325,-163.45570373535156
-84.50429534912107,-164.04222106933594
-84.47927093505857,-164.57164001464847
-84.46188354492185,-164.88818359375
-84.42967987060543,-165.22837829589847
-84.37565612792964,-165.90322875976562
-84.36753082275388,-165.9240264892578
-84.36626434326169,-165.7335662841797
-84.3798446655273,-165.38018798828125
-84.3851873801287,-165.17867055656947
-84.40306091308591,-164.48150634765625
-84.42646789550778,-164.00209045410156
-84.43168640136714,-163.75291442871094
-84.41739654541011,-163.43655395507812
-84.39220428466793,-163.35215759277344
-84.3742294311523,-163.3356170654297
-84.35495758056636,-163.39425659179688
-84.34835815429685,-163.46749877929688
-84.33810424804683,-163.35655212402344
-84.32590484619136,-163.35806274414062
-84.30524444580075,-163.6668243408203
-84.2927093505859,-164.01953125
-84.27633666992183,-164.2412109375
-84.26574707031246,-164.23626708984375
-84.2565536499023,-164.1577606201172
-84.2441253662109,-163.967041015625
-84.23053741455075,-163.91915893554688
-84.21650695800778,-164.09765625
-84.16334533691402,-164.5544891357422
-84.16043853759761,-164.69902038574222
-84.13547759206345,-164.84663756487248
-84.12089538574214,-164.8385009765625
-84.09690655589908,-164.95691720338442
-84.07868159571758,-165.08885101561356
-84.06858004091912,-165.08540081488817
-84.05941009521482,-164.99940490722656
-84.04814147949214,-164.84445190429688
-84.04476928710933,-164.78631591796875
-84.04491424560543,-164.66876220703125
-84.05104827880855,-164.5183868408203
-84.05597686767574,-164.38763427734375
-84.05925750732419,-164.26107788085938
-84.0592880249023,-164.14321899414062
-84.05445861816403,-164.03871154785156
-84.05007934570308,-163.94992065429688
-84.04890441894527,-163.85226440429688
-84.04563140869136,-163.74366760253906
-84.02323150634761,-163.63873291015625
-83.98413123047726,-163.95967947161176
-83.96910864334919,-163.8051412171038
-83.92187499999996,-163.91952514648438
-83.90739440917964,-164.07379150390625
-83.90415191650385,-164.19729614257812
-83.90914916992183,-164.36441040039062
-83.90700531005855,-164.46836853027344
-83.87003326416009,-164.62965393066406
-83.85681915283196,-164.7122802734375
-83.8286056518554,-164.81629943847656
-83.80728149414054,-164.91819763183594
-83.7730865478515,-165.11500549316406
-83.76475524902337,-165.67724609375
-83.77944183349601,-165.83404541015625
-83.79245758056632,-165.9314727783203
-83.8001632690429,-166.0894317626953
-83.81179046630854,-166.3987274169922
-83.80988311767574,-166.65859985351562
-83.804214477539,-166.9102020263672
-83.8076095581054,-167.04632568359375
-83.81446075439446,-167.2549591064453
-83.81703948974604,-167.3611602783203
-83.81338500976558,-167.63941955566406
-83.78089904785149,-168.0846710205078
-83.69659423828118,-168.2154541015625
-83.59069824218743,-168.5970001220703
-83.45630645751946,-169.31361389160156
-83.36595153808582,-169.8736572265625
-83.29589080810536,-170.70822143554688
-83.25254821777332,-170.92733764648438
-83.21102142333973,-171.3417205810547
-83.19586181640614,-171.63267517089844
-83.14766693115223,-172.2871856689453
-83.11180877685536,-172.58111572265625
-83.02764129638656,-173.268798828125
-82.93197631835922,-173.90797424316406
-82.87482452392562,-174.1741943359375
-82.81105804443342,-174.32025146484375
-82.76076507568341,-174.33325195312503
-82.75460052490216,-174.24476623535156
-82.75973510742168,-174.12054443359375
-82.79129028320295,-173.96055603027344
-82.80560302734358,-173.7737579345703
-82.81337738037094,-173.7266082763672
-82.88318634033187,-173.4199676513672
-82.90851593017564,-173.19154357910156
-82.91878509521469,-172.97645568847656
-82.91857147216781,-172.7440643310547
-82.90792083740219,-172.60470581054688
-82.8904647827147,-172.5684814453125
-82.87300109863266,-172.5324249267578
-82.87124633789047,-172.42544555664062
-82.87097930908187,-172.20802307128906
-82.87126922607408,-172.1260223388672
-82.91725158691392,-171.75912475585938
-82.94382476806626,-171.45233154296875
-83.05634307861312,-170.8639373779297
-83.08768463134753,-170.90658569335938
-83.18908691406239,-170.71250915527344
-83.22875213623036,-170.48475646972656
-83.30112457275379,-169.78335571289062
-83.31083679199207,-169.51991271972656
-83.31929016113271,-169.36007690429688
-83.32548522949207,-169.10076904296875
-83.3219757080077,-168.9452362060547
-83.30953979492176,-168.84893798828125
-83.29078674316395,-168.92437744140628
-83.27234649658192,-169.013427734375
-83.26052093505848,-169.01844787597656
-83.25631713867176,-168.90919494628906
-83.25767517089832,-168.74703979492188
-83.2589874267577,-168.65753173828125
-83.26321411132801,-168.47557067871094
-83.26182556152332,-168.34689331054688
-83.2600631713866,-168.20428466796875
-83.25101470947254,-168.04568481445312
-83.2368698120116,-168.02751159667972
-83.2288131713866,-167.9113311767578
-83.22329711914051,-167.76170349121094
-83.22554779052723,-167.58322143554688
-83.23028564453114,-167.50164794921875
-83.22953796386707,-167.34300231933594
-83.22206115722645,-167.25543212890625
-83.21694946289051,-167.19256591796875
-83.2133331298827,-166.5011749267578
-83.19727325439442,-166.30108642578125
-83.1957321166991,-166.12965393066406
-83.18763732910145,-165.91380310058594
-83.18313598632801,-165.76332092285156
-83.19251135894677,-165.47741025528197
-83.19411923627521,-165.28892053037973
-83.20509338378895,-165.0728302001953
-83.24822172608495,-164.94577632380353
-83.26817321777332,-164.92935180664062
-83.30002780489352,-165.00938608608328
-83.35404968261707,-165.01422119140625
-83.38632896632083,-164.84635464617998
-83.44988250732413,-164.80442810058594
-83.46366306388883,-165.01315445808973
-83.47643814375002,-165.0792986036011
-83.49105072021476,-165.07301330566406
-83.50991821289054,-164.9518280029297
-83.5277023315429,-164.5706024169922
-83.53070068359368,-164.22375488281253
-83.51975124760257,-164.10453622162152
-83.4996442425258,-164.0671055710341
-83.46216583251945,-164.1492462158203
-83.44580841064446,-164.2356719970703
-83.4329071044921,-164.26748657226562
-83.40782009447133,-164.12452883297277
-83.38338456111926,-163.8807925968232
-83.38069915771474,-163.5335235595703
-83.36981201171866,-163.4706268310547
-83.35427856445303,-163.37460327148438
-83.33074951171864,-162.9531707763672
-83.34569221922553,-162.8513743605595
-83.37589307108605,-162.80321308631773
-83.3968637497071,-162.5910069368761
-83.40299839285933,-162.39728148702127
-83.43273024144658,-162.0851970466309
-83.47031611779427,-162.0316262065825
-83.48884318258729,-162.1560108476144
-83.50502775229461,-162.24021827954218
-83.51753234863274,-162.28952026367188
-83.5281906127929,-162.2437286376953
-83.54316711425774,-162.1228485107422
-83.54063415527337,-162.00494384765625
-83.52533721923821,-161.92405700683594
-83.5179901123046,-161.82044982910156
-83.52122497558587,-161.6234588623047
-83.53138732910149,-161.36618041992188
-83.53053283691398,-161.2510528564453
-83.52761840820305,-161.244140625
-83.51994323730462,-161.25155639648438
-83.51546478271477,-161.29632568359375
-83.51071929931634,-161.33401489257812
-83.50435638427727,-161.3295593261719
-83.4969406127929,-161.32046508789062
-83.4900588989257,-161.32540893554688
-83.48765563964837,-161.28579711914062
-83.49475860595696,-161.21771240234375
-83.50160980224602,-161.16587829589844
-83.51731109619134,-160.97727966308594
-83.5206985473632,-160.7469940185547
-83.50328063964835,-160.26702880859375
-83.49187469482415,-160.1618194580078
-83.47491455078118,-160.1608123779297
-83.44075272482617,-160.21746050265372
-83.42144012451163,-160.37567138671875
-83.38766479492179,-160.5496368408203
-83.38046264648429,-160.52548217773438
-83.38323974609366,-160.46299743652344
-83.42975616455071,-160.2098388671875
-83.43785858154288,-160.16876220703125
-83.45139312744132,-160.0869140625
-83.46541595458977,-160.08140563964844
-83.47636413574212,-160.10920715332034
-83.48989105224602,-160.02674865722656
-83.51213836669915,-160.02615356445315
-83.53709411621085,-159.72364807128906
-83.55471801757804,-159.12373352050784
-83.5522155761718,-158.94058227539065
-83.54297662194647,-158.89383166521344
-83.53151702880852,-158.8360595703125
-83.48697662353509,-158.88516235351562
-83.46352386474602,-158.86219787597656
-83.45603942871084,-158.75364685058594
-83.44880676269524,-158.47093200683594
-83.41454315185538,-157.84184265136722
-83.40616607666007,-157.68252563476562
-83.3786087036132,-157.5215301513672
-83.33289337158192,-157.41905212402344
-83.24330902099598,-157.01844787597656
-83.22245025634754,-156.94699096679688
-83.21177673339832,-156.9700164794922
-83.20061710833252,-157.10242603965884
-83.19467926025379,-157.24600219726562
-83.17395019531239,-157.7458953857422
-83.16498565673817,-158.25454711914062
-83.14283752441395,-158.4717712402344
-83.12855529785145,-158.43612670898438
-83.12191009521473,-158.35284423828125
-83.11352539062487,-158.1024627685547
-83.10366058349598,-157.91751098632812
-83.09396362304676,-157.8300018310547
-83.07365417480457,-157.7112274169922
-83.06564331054673,-157.64097595214844
-83.05854034423812,-157.5528106689453
-83.04322052001937,-157.2308502197266
-83.0446395874022,-157.09844970703125
-83.0594558715819,-156.7152862548828
-83.06420898437487,-156.50955200195312
-83.07350158691393,-156.21844482421875
-83.06211090087878,-155.83543395996094
-83.04819488525378,-155.61398315429688
-83.0135345458983,-155.4029998779297
-82.9768218994139,-155.40493774414062
-82.94115447998033,-155.42543029785156
-82.9218902587889,-155.37744140625
-82.88607788085922,-155.15298461914062
-82.84975433349595,-155.05099487304688
-82.82204437255842,-155.0507354736328
-82.81350708007794,-155.03085327148438
-82.77735137939436,-154.87100219726562
-82.76371002197249,-154.67218017578125
-82.72808837890607,-154.1901092529297
-82.71110534667949,-154.03498840332034
-82.70331573486308,-153.98425292968753
-82.68482971191386,-153.74778747558594
-82.67329406738263,-153.6240692138672
-82.63054656982402,-153.08920288085938
-82.5692901611326,-152.60316467285156
-82.54512786865212,-152.4962921142578
-82.51400756835915,-152.4686279296875
-82.49320220947243,-152.53717041015625
-82.4773025512693,-152.63623046875
-82.45893096923805,-152.61537170410156
-82.44355773925759,-152.59713745117188
-82.43390655517554,-152.63514709472656
-82.41169738769507,-152.7791290283203
-82.37178039550754,-152.85581970214847
-82.32371520996067,-153.01905822753906
-82.16586303710908,-153.86691284179688
-82.11231994628874,-154.18003845214844
-82.09991455078091,-154.21694946289062
-82.086875915527,-154.18850708007812
-82.06305694580044,-154.1239471435547
-82.0379028320309,-154.17845153808594
-81.96662902831994,-154.7229766845703
-81.95213317871057,-154.81146240234375
-81.94016265869102,-154.8120880126953
-81.92783355712852,-154.80731201171875
-81.8886947631832,-154.6496124267578
-81.87660217285118,-154.56578063964844
-81.8651351928707,-154.51927185058594
-81.85399627685507,-154.49139404296875
-81.84317779540973,-154.48208618164062
-81.8343276977535,-154.43357849121094
-81.81246185302693,-154.1684112548828
-81.80302429199176,-153.9919128417969
-81.79714965820271,-153.90768432617188
-81.79089355468707,-153.81832885742188
-81.78235626220662,-153.74993896484375
-81.75699615478473,-153.65512084960938
-81.74092864990189,-153.65208435058594
-81.73308563232376,-153.6466827392578
-81.71884155273392,-153.70858764648438
-81.69789123535111,-153.72860717773438
-81.68444061279251,-153.72296142578125
-81.67768859863234,-153.75888061523438
-81.6644668579097,-153.90013122558594
-81.65804290771437,-153.95387268066406
-81.64560699462844,-154.02767944335938
-81.61925506591747,-154.1411895751953
-81.59510803222607,-154.25932312011722
-81.56916809081979,-154.32559204101562
-81.55197906494088,-154.4763946533203
-81.53918457031196,-154.63737487792972
-81.53124999999946,-154.77581787109375
-81.52159881591744,-154.86300659179688
-81.49935150146432,-154.9148712158203
-81.45768737792912,-155.21963500976562
-81.42730712890568,-155.39382934570312
-81.41371917724551,-155.55847167968753
-81.40506744384707,-155.63386535644534
-81.4060058593744,-155.72918701171878
-81.41136169433535,-155.89085388183594
-81.40018463134706,-156.10771179199222
-81.39711761474551,-156.42181396484378
-81.38052368164001,-156.79797363281253
-81.36549377441345,-157.0887451171875
-81.33831024169861,-157.18907165527344
-81.32546234130797,-157.2008514404297
-81.30139160156186,-157.13592529296875
-81.28133392333919,-157.11996459960938
-81.27307128906185,-157.16085815429688
-81.26795959472592,-157.2227783203125
-81.24800872802668,-157.30758666992188
-81.2380523681634,-157.36459350585938
-81.22876739501886,-157.53228759765625
-81.23691558837821,-157.8065185546875
-81.23157501220636,-157.90951538085938
-81.2268524169915,-158.05201721191406
-81.23925781249932,-158.3440399169922
-81.24392700195247,-158.5560302734375
-81.24633789062435,-158.62643432617188
-81.24774169921808,-158.74066162109375
-81.25196838378841,-158.81231689453125
-81.26525115966732,-158.93171691894534
-81.27788543701107,-159.28875732421875
-81.28646850585872,-159.64413452148438
-81.28513336181577,-159.74732971191406
-81.27785491943295,-159.8882598876953
-81.25539398193295,-160.0124969482422
-81.24190521240169,-160.0096893310547
-81.23648071288994,-159.97596740722656
-81.23275756835872,-159.90904235839844
-81.21675872802666,-159.65599060058594
-81.2050247192376,-159.09506225585938
-81.20352935790947,-158.84136962890625
-81.19067382812432,-158.4171600341797
-81.18479156494072,-157.99807739257812
-81.17037963867119,-157.4952850341797
-81.16432189941335,-157.21710205078125
-81.14395904540943,-156.54736328125
-81.12502288818287,-156.19895935058594
-81.0993499755852,-155.9179229736328
-81.08410644531173,-155.607421875
-81.07260131835861,-155.39273071289062
-81.05945587158126,-154.9282989501953
-81.05033111572189,-154.55224609375
-81.05685424804612,-154.3536529541016
-81.0608062744133,-154.0728759765625
-81.06931304931565,-153.87864685058597
-81.12298583984303,-153.39976501464844
-81.13899993896412,-153.2566680908203
-81.14570617675709,-152.86347961425784
-81.16866302490165,-152.41921997070312
-81.1693115234368,-152.0419921875
-81.16180419921804,-151.8462371826172
-81.14079284667896,-151.66079711914062
-81.1286926269524,-151.3458251953125
-81.11005401611254,-151.1035614013672
-81.09702301025314,-150.99591064453125
-81.09458160400315,-150.85653686523438
-81.10810089111256,-149.9501953125
-81.11115264892504,-149.65113830566406
-81.10185241699145,-149.54864501953125
-81.08856201171798,-149.53030395507812
-81.07725524902268,-149.52322387695312
-81.07111358642501,-149.50904846191406
-81.070007324218,-149.47576904296875
-81.07369995117111,-149.36798095703125
-81.07463073730393,-149.28309631347656
-81.0698394775383,-148.96932983398438
-81.04319000244064,-148.6963653564453
-81.02433013915935,-148.60072326660156
-81.01367950439372,-148.56089782714844
-81.01518249511639,-148.50489807128906
-81.01502990722577,-148.41137695312503
-80.96463775634683,-147.93345642089844
-80.91580200195226,-147.5711669921875
-80.88795471191318,-147.5205078125
-80.85439300537018,-147.58013916015625
-80.84387207031158,-147.67181396484375
-80.83541107177642,-147.87265014648438
-80.83293151855378,-147.9427032470703
-80.82814025878814,-147.98133850097656
-80.82074737548737,-147.99716186523438
-80.81702423095612,-147.9943084716797
-80.81430816650298,-148.00181579589844
-80.80796051025298,-148.06179809570312
-80.79959106445219,-148.07940673828125
-80.79482269287014,-148.07228088378906
-80.7912902832022,-148.08164978027344
-80.78553009033108,-148.13876342773438
-80.78124999999905,-148.23135375976562
-80.77043914794827,-148.35078430175784
-80.74211120605372,-148.712890625
-80.73387145995994,-148.83204650878906
-80.73213958740135,-148.96920776367188
-80.72511291503808,-149.0760955810547
-80.72142028808494,-149.11279296875
-80.71868133544822,-149.1981964111328
-80.71406555175682,-149.29721069335938
-80.70822906494041,-149.31895446777344
-80.70087432861227,-149.27369689941406
-80.69518280029197,-149.21714782714844
-80.69326782226462,-149.10479736328125
-80.6907577514638,-149.0577850341797
-80.68797302245991,-149.04019165039062
-80.68284606933491,-149.04188537597656
-80.6816711425771,-149.1055908203125
-80.68112182617085,-149.1580352783203
-80.67985534667866,-149.22726440429688
-80.67631530761615,-149.25131225585938
-80.67250823974506,-149.26718139648438
-80.66796874999896,-149.2292938232422
-80.6672210693349,-149.16848754882812
-80.66052246093646,-149.06968688964844
-80.64932250976459,-149.003173828125
-80.65285491943256,-148.9693603515625
-80.65705108642476,-148.9626007080078
-80.65785980224506,-148.92845153808594
-80.65174102783098,-148.92828369140625
-80.64650726318254,-148.92715454101562
-80.63910675048722,-148.9497528076172
-80.63506317138565,-148.9703826904297
-80.63137054443253,-148.94964599609375
-80.63225555419815,-148.9135284423828
-80.64183807372942,-148.8634490966797
-80.65340423583879,-148.82241821289062
-80.65632629394426,-148.80703735351562
-80.66262054443257,-148.6439971923828
-80.66007232665912,-148.5099639892578
-80.65622711181537,-148.46395874023438
-80.64980316162004,-148.40994262695312
-80.63913726806534,-148.38641357421875
-80.62776184081925,-148.4293975830078
-80.62514495849503,-148.44049072265625
-80.61623382568253,-148.65621948242188
-80.6086349487294,-148.78746032714844
-80.60705566406143,-148.8603973388672
-80.60066986083876,-148.9846649169922
-80.59153747558484,-149.08822631835938
-80.58820343017469,-149.1009521484375
-80.58020782470592,-149.1760711669922
-80.57929229736219,-149.21524047851562
-80.57972717285045,-149.24606323242188
-80.57231903076062,-149.34683227539062
-80.54857635497933,-149.48789978027344
-80.54362487792854,-149.52166748046875
-80.53955841064338,-149.57382202148438
-80.52764129638557,-149.5784454345703
-80.52014160156136,-149.61106872558594
-80.51115417480352,-149.76919555664062
-80.50859832763555,-149.96958923339844
-80.50740814208868,-150.0630645751953
-80.50613403320195,-150.08741760253906
-80.49764251708868,-150.11883544921875
-80.49210357665898,-150.1111297607422
-80.48402404785038,-150.08042907714844
-80.47400665283085,-150.11033630371094
-80.45159912109254,-150.21336364746094
-80.44474029540893,-150.27439880371094
-80.44190216064331,-150.3776397705078
-80.44335937499878,-150.41212463378906
-80.4514465332019,-150.4674835205078
-80.44931030273317,-150.49580383300784
-80.44733428954956,-150.5187530517578
-80.44173431396364,-150.5273895263672
-80.43035888671753,-150.53919982910156
-80.42315673828001,-150.56849670410156
-80.41935729980347,-150.57579040527344
-80.41823577880737,-150.54586791992188
-80.41485595703001,-150.48228454589844
-80.40897369384639,-150.45440673828125
-80.40058135986202,-150.47720336914062
-80.39047241210811,-150.57083129882812
-80.38899993896358,-150.54669189453125
-80.39063262939328,-150.4936981201172
-80.39569091796749,-150.2768096923828
-80.40473175048702,-150.08177185058594
-80.40749359130734,-150.00559997558594
-80.40522766113155,-149.90185546875
-80.40840148925656,-149.8768310546875
-80.41928863525267,-149.8876495361328
-80.42337799072143,-149.8664093017578
-80.42877960204956,-149.78125
-80.42696380615111,-149.74769592285156
-80.42595672607298,-149.7007293701172
-80.42324829101439,-149.65687561035156
-80.41894531249876,-149.64520263671875
-80.41288757324094,-149.6426239013672
-80.39054870605342,-149.7505340576172
-80.38537597656124,-149.82638549804688
-80.38065338134639,-149.83444213867188
-80.37353515624872,-149.87332153320312
-80.3379135131823,-150.12254333496094
-80.3335494995104,-150.20668029785156
-80.31161499023304,-150.3251953125
-80.30476379394398,-150.40338134765625
-80.28298187255723,-150.46438598632812
-80.27528381347518,-150.50149536132812
-80.25732421874861,-150.56488037109375
-80.24945068359234,-150.61427307128906
-80.24088287353375,-150.642822265625
-80.23334503173687,-150.69509887695312
-80.22978973388531,-150.7324676513672
-80.22454071044781,-150.75186157226562
-80.21997070312358,-150.72335815429688
-80.21620941161967,-150.6738739013672
-80.21547698974467,-150.6030731201172
-80.22018432617045,-150.3827667236328
-80.21820068359233,-150.3040313720703
-80.21967315673686,-150.154296875
-80.21535491943217,-150.12167358398438
-80.2042846679673,-150.06365966796878
-80.18978881835791,-150.00723266601562
-80.18272399902197,-149.99256896972656
-80.12532043456879,-150.07110595703125
-80.12133026122893,-150.06671142578125
-80.09863281249845,-150.12844848632812
-80.09011840820156,-150.1626739501953
-80.08296203613125,-150.2735137939453
-80.07773590087733,-150.30308532714844
-80.07215118408045,-150.3048553466797
-80.06915283202966,-150.26466369628906
-80.07131958007655,-150.17950439453125
-80.07332611083827,-150.04449462890625
-80.07668304443202,-149.91534423828125
-80.08306121826016,-149.83291625976562
-80.086807250975,-149.79592895507812
-80.08691406249842,-149.70777893066406
-80.07978820800625,-149.6508026123047
-80.06534576415856,-149.63844299316406
-80.05899047851403,-149.60897827148438
-80.05068206786949,-149.5293731689453
-80.0427780151351,-149.38723754882812
-80.0415802001937,-149.29046630859375
-80.04503631591635,-149.22921752929688
-80.04559326171714,-149.06967163085938
-80.04782104492028,-148.96546936035156
-80.05864715576013,-148.85440063476562
-80.06060791015464,-148.8280029296875
-80.05841064452966,-148.7310028076172
-80.0599822998031,-148.6184539794922
-80.07214355468591,-148.39601135253906
-80.0720901489242,-148.32357788085938
-80.06927490234216,-148.2740478515625
-80.05865478515464,-148.23883056640625
-80.05391693115074,-148.2439727783203
-80.04209136962729,-148.29110717773438
-80.03073883056479,-148.2752685546875
-80.02040100097493,-148.2886199951172
-80.01239776611165,-148.2882995605469
-80.00640106201006,-148.23362731933594
-80.0045547485335,-148.20700073242188
-80.00108337402177,-148.16311645507812
-79.99440765380692,-148.1387939453125
-79.98719787597489,-148.13836669921875
-79.97689056396317,-148.16748046875
-79.97188568115064,-148.24935913085938
-79.97116088867018,-148.3127899169922
-79.96905517577954,-148.34913635253906
-79.96074676513501,-148.354248046875
-79.94355010986156,-148.40484619140625
-79.93527984618964,-148.39688110351562
-79.92996978759591,-148.41644287109375
-79.91742706298653,-148.5148468017578
-79.88394165038882,-148.7232666015625
-79.87099456786926,-148.79949951171875
-79.8674163818341,-148.85902404785156
-79.86090087890442,-148.88186645507812
-79.86132049560364,-148.84091186523438
-79.86419677734192,-148.80043029785156
-79.86238861083801,-148.7588653564453
-79.86022186279114,-148.73861694335938
-79.86435699462707,-148.67916870117188
-79.87145996093568,-148.63458251953125
-79.87812042236148,-148.57485961914062
-79.87906646728335,-148.5395965576172
-79.88031005859195,-148.4805450439453
-79.8798065185529,-148.1898193359375
-79.87165832519348,-148.1168670654297
-79.86724090575989,-148.07122802734375
-79.86584472656067,-148.04054260253906
-79.8632888793927,-147.9721221923828
-79.8554306030255,-147.9246826171875
-79.84828948974425,-147.90493774414062
-79.83376312255672,-147.93678283691406
-79.82733154296687,-147.95114135742188
-79.82159423827939,-147.9417266845703
-79.8192825317364,-147.92840576171875
-79.81803131103325,-147.8885498046875
-79.81662750243953,-147.86935424804688
-79.80441284179497,-147.8222198486328
-79.7865295410137,-147.79522705078125
-79.78007507324024,-147.79916381835938
-79.76154327392385,-147.85369873046875
-79.72547912597456,-148.5574493408203
-79.68408966064247,-149.0302276611328
-79.67207336425574,-149.07098388671875
-79.65721893310337,-149.06048583984375
-79.64550018310335,-149.0779571533203
-79.63677215575957,-149.12319946289062
-79.63150024413848,-149.2230987548828
-79.63204193115021,-149.4780731201172
-79.62651062011504,-149.5445098876953
-79.61295318603298,-149.69046020507812
-79.609535217283,-149.81385803222656
-79.56569671630636,-150.21456909179688
-79.5617294311501,-150.41763305664062
-79.55313110351338,-150.45510864257812
-79.51924896240004,-150.61669921875
-79.51395416259534,-150.74505615234378
-79.5058898925758,-150.8065185546875
-79.47032165527106,-151.02796936035156
-79.44783020019291,-151.15496826171875
-79.4214477539038,-151.38404846191406
-79.35307312011463,-151.9438934326172
-79.35214664156128,-151.94402358492664
-79.33817291259507,-151.94598388671875
-79.29120635986062,-151.79615783691406
-79.26222229003636,-151.6766357421875
-79.25070953368866,-151.7504425048828
-79.25305175780976,-151.83998107910156
-79.26732635497774,-151.9358673095703
-79.28264617919653,-152.02386474609375
-79.29794311523172,-152.1121063232422
-79.30786132812236,-152.26145935058594
-79.30175781249736,-152.3243408203125
-79.28411865234106,-152.394287109375
-79.26665496825902,-152.40798950195312
-79.24391937255585,-152.3004150390625
-79.12832641601267,-151.85838317871097
-79.08742523193055,-151.73448181152344
-79.07856750487976,-151.7496337890625
-79.07618713378601,-151.79127502441406
-79.08296966552429,-151.87677001953125
-79.09188842773135,-151.94635009765625
-79.09911346435246,-152.05563354492188
-79.09574127196964,-152.1348114013672
-79.08807373046571,-152.171142578125
-79.08195495605163,-152.2229766845703
-79.0860977172821,-152.2362823486328
-79.09320068359072,-152.24139404296875
-79.11340332030952,-152.26480102539062
-79.14088439941114,-152.34286499023438
-79.17433929443074,-152.54965209960938
-79.16815185546585,-152.6016845703125
-79.14846038818068,-152.62100219726562
-79.13175964355175,-152.6420135498047
-79.1211395263642,-152.71578979492188
-79.12533569335639,-152.75892639160156
-79.14746856689162,-152.8326873779297
-79.15987396239944,-152.89337158203125
-79.16300201415726,-152.9843292236328
-79.15342712402054,-153.06980895996094
-79.13232421874704,-153.6748046875
-79.11513519286811,-153.999755859375
-79.1060104370087,-154.37559509277344
-79.0784072875946,-154.60118103027344
-79.0659866332977,-154.6603240966797
-79.05612945556332,-154.76354980468753
-79.05133134984862,-154.80148580841026
