latitude,longitude
-69.73161534416073,37.94663821481674
-69.72607637365196,38.03635551329969
-69.72935737660903,38.110477199455886
-69.75093089813078,38.2070281096942
-69.76036864250545,38.22756386080187
-69.76686056858497,38.246185096111425
-69.77189027088194,38.25864049553835
-69.77624349333844,38.27052890362624
-69.77963108615486,38.28002245518918
-69.78464907772748,38.2810975762758
-69.80298614501937,38.25732040405274
-69.80899810791,38.23809814453124
-69.81066894531234,38.19503784179686
-69.81443786621078,38.17479705810547
-69.82276153564437,38.124454498291016
-69.82629394531233,38.069599151611314
-69.83222198486312,38.05014419555663
-69.8394927978514,38.04038238525391
-69.85150909423812,38.053123474121094
-69.8574600219725,38.047050476074226
-69.8644943237303,38.06898117065429
-69.86959838867173,38.090492248535156
-69.87458801269517,38.12760162353518
-69.87823486328108,38.14187240600586
-69.88269805908189,38.14808654785154
-69.89913177490219,38.14790344238282
-69.90938568115219,38.15544128417969
-69.91303253173814,38.169742584228516
-69.91577911376939,38.18992614746092
-69.9194183349608,38.20423889160156
-69.92716979980452,38.21602249145507
-69.93524932861315,38.2265853881836
-69.93904113769516,38.23529434204101
-69.94343566894516,38.24937057495117
-69.95685577392562,38.25031280517578
-69.96080780029283,38.253410339355476
-69.96486663818344,38.26873779296875
-69.96797943115222,38.307815551757805
-69.97319030761703,38.31383895874024
-69.97729492187486,38.31132125854491
-69.98815917968737,38.33439254760742
-69.98977661132795,38.346122741699226
-69.9858779907225,38.37311935424804
-69.98867034912094,38.385566711425774
-69.99951171874984,38.39864730834961
-70.00689697265611,38.4017333984375
-70.00741577148423,38.41496658325196
-70.00206756591783,38.424591064453125
-69.99795532226545,38.42708969116211
-70.00216674804673,38.43684005737304
-70.00971221923814,38.4343032836914
-70.02828216552719,38.459365844726555
-70.03820037841781,38.478412628173835
-70.0659255981444,38.52290344238281
-70.0811157226561,38.53017807006837
-70.08454132080062,38.520065307617195
-70.08782196044908,38.52570343017579
-70.09555053710923,38.53771591186523
-70.09915161132797,38.532028198242195
-70.11342620849594,38.545242309570305
-70.11720275878892,38.55409622192382
-70.11888885498031,38.56813812255858
-70.11998748779283,38.576763153076165
-70.13089752197251,38.59225463867187
-70.13712310791003,38.645286560058594
-70.16161346435533,38.72729492187499
-70.17868804931628,38.79610061645509
-70.17372131347643,38.81683349609375
-70.18198394775376,38.85474014282227
-70.17639160156237,38.9004249572754
-70.18071746826159,38.92496490478515
-70.19166564941393,38.95307540893554
-70.19574737548812,38.970958709716804
-70.19504547119129,39.02638626098633
-70.17736053466784,39.05547714233399
-70.17198944091784,39.054874420166016
-70.16580963134751,39.042144775390625
-70.15568542480453,39.02613830566406
-70.14948272705064,39.02355194091799
-70.14672088623033,39.02103042602538
-70.12797546386706,38.99873352050783
-70.12162780761706,38.981609344482415
-70.11940002441393,38.962097167968764
-70.11104583740219,38.94225311279297
-70.10803985595687,38.9330940246582
-70.09793090820298,38.907093048095696
-70.0861434936522,38.8771629333496
-70.08029937744126,38.853233337402344
-70.0758666992186,38.83670806884764
-70.0556030273436,38.79499816894532
-70.05266571044909,38.798171997070305
-70.05156707763658,38.80971145629883
-70.04978942871078,38.823699951171875
-70.04032135009751,38.81551742553711
-70.03604888916,38.81351852416992
-70.02976226806626,38.80880737304687
-70.02641296386705,38.80093002319335
-70.01795196533189,38.7790412902832
-70.01350402832017,38.7826919555664
-70.00713348388658,38.78583908081056
-70.00260925292955,38.77723312377929
-69.99723815917956,38.77671051025391
-69.99212646484361,38.772758483886726
-69.9864807128905,38.8057861328125
-69.98084201445954,38.804105797165285
-69.97682700643634,38.83634912008243
-69.97794342041,38.87700653076172
-69.96604156494126,38.89925003051758
-69.96166992187486,38.90987777709962
-69.95608520507795,38.90932083129882
-69.95258331298814,38.92197036743164
-69.95394897460925,38.93774414062501
-69.94957733154283,38.94837188720703
-69.9450302124022,38.954399108886726
-69.944984436035,38.9752311706543
-69.94146728515612,38.9878807067871
-69.93832397460923,38.9888458251953
-69.93502807617172,38.98523712158203
-69.92890930175766,38.991744995117195
-69.9232788085936,39.011951446533224
-69.92042541503893,39.04287719726563
-69.91517639160143,39.05138397216796
-69.91133117675764,39.054870605468736
-69.90273507933179,39.07269805285477
-69.89621723532987,39.114586177672074
-69.8995684403944,39.150385683624286
-69.88922188555588,39.19293099898572
-69.88452911376937,39.217506408691406
-69.87981414794905,39.2188835144043
-69.87635040283187,39.21069717407227
-69.88135528564439,39.17232894897461
-69.87365722656234,39.179199218750014
-69.87012481689437,39.191764831542955
-69.86241874589116,39.188471804914506
-69.85599098719985,39.170846538546606
-69.84570539441047,39.17573430266674
-69.84236145019517,39.14702987670899
-69.83544158935531,39.130680084228516
-69.83072662353499,39.13209915161132
-69.82444763183578,39.13395690917969
-69.8190841674803,39.117172241210945
-69.81437683105452,39.11856842041016
-69.81069946289045,39.12658309936524
-69.80754089355453,39.12749862670898
-69.8056564331053,39.11888122558594
-69.79638671874983,39.126224517822266
-69.79167938232405,39.1276397705078
-69.78414916992172,39.13904190063475
-69.77856445312486,39.13839721679688
-69.77315521240217,39.14231109619139
-69.76719665527328,39.15324401855468
-69.7583160400389,39.14901351928711
-69.75273895263656,39.14834976196289
-69.74927520751939,39.140235900878906
-69.74353790283187,39.13504028320313
-69.73883056640608,39.13646316528321
-69.7311401367186,39.143295288085945
-69.7264328002928,39.14469909667969
-69.72187805175766,39.15061950683594
-69.71703338623031,39.19319915771486
-69.69906121382759,39.26955743755588
-69.68608856201155,39.39857101440428
-69.68842315673812,39.42071914672852
-69.68402862548811,39.501831054687486
-69.68792724609358,39.523571014404304
-69.68609619140608,39.54004287719727
-69.68897554627532,39.546851967506626
-69.69442433408673,39.56418863795693
-69.69810304709529,39.593569662171866
-69.69826897969115,39.6349021121226
-69.69555420268414,39.64798124206553
-69.69719170725412,39.665398953492804
-69.69347994941032,39.67157979600153
-69.68767408482616,39.672255690276494
-69.67758999971448,39.654471366749995
-69.66286597145873,39.635524530737655
-69.65624622135559,39.64380414536882
-69.65435791015608,39.635318756103516
-69.65276899155968,39.64201688555504
-69.64992523193341,39.64562606811523
-69.64952087402332,39.657119750976555
-69.64440805903345,39.687903521914485
-69.64750378823824,39.720016442133414
-69.64957017548466,39.75845408849375
-69.64954401381289,39.78700221388891
-69.64519466094458,39.79918676701322
-69.63230070241765,39.77924802380468
-69.62979288984883,39.761265723755244
-69.62612465289301,39.74655383392355
-69.62026549353726,39.73546751757502
-69.61240437572664,39.74625752554258
-69.61179492893464,39.77430691225362
-69.6045837402342,39.787311553955085
-69.60057830810528,39.78608703613281
-69.5947189331053,39.776264190673835
-69.59157562255841,39.77708816528321
-69.585006713867,39.76972579956054
-69.58071899414045,39.75950241088867
-69.58014678955061,39.74151229858397
-69.58313751220686,39.736186981201165
-69.58856201171858,39.73246765136719
-69.59141540527325,39.72263717651368
-69.58440399169905,39.70180130004882
-69.58055114746077,39.70508575439453
-69.57483673095687,39.69981002807618
-69.56925964355452,39.69900894165038
-69.56482696533185,39.68432998657226
-69.5593872070311,39.68803405761719
-69.55553436279278,39.691322326660156
-69.54724121093732,39.679931640625
-69.54254150390607,39.68120193481445
-69.54039764404278,39.6885643005371
-69.535690307617,39.68980789184571
-69.53556060790997,39.71022033691406
-69.52335565113292,39.73464219678976
-69.49613320015625,39.67050815962349
-69.48254837422775,39.70347378773185
-69.46953996073334,39.66441991211231
-69.46264898548394,39.67138872383449
-69.46082462548497,39.72414741709655
-69.44976682792486,39.680041359871396
-69.4416563089072,39.67864139887839
-69.4551119012964,39.76990694737111
-69.45619201660139,39.80329132080079
-69.44918060302716,39.80735778808592
-69.442184448242,39.7866325378418
-69.43533325195293,39.819946289062486
-69.43047332763653,39.81669235229492
-69.42375946044905,39.829669952392585
-69.41991424560528,39.83293151855469
-69.41391754150371,39.81872940063477
-69.40920257568342,39.819942474365234
-69.40620422363263,39.82519149780273
-69.39963531494122,39.81789779663087
-69.39335632324199,39.84423828124999
-69.38086007827748,39.840441889244794
-69.36864471435527,39.83933258056641
-69.36900056386224,39.79975883843982
-69.3668664986387,39.770800391089026
-69.36709090906145,39.74250204156921
-69.35752596864437,39.74042958409576
-69.34520782867578,39.75094616604721
-69.3256835937498,39.758480072021484
-69.31768035888652,39.731437683105476
-69.31681060790996,39.70479583740235
-69.31266021728497,39.69916534423828
-69.30567932128888,39.70323181152345
-69.30168151855449,39.70204544067381
-69.29824066162091,39.6939811706543
-69.29376585682454,39.689298617491836
-69.28653465983703,39.687232549356104
-69.28304012096584,39.658684542259316
-69.27752491898433,39.686674841099304
-69.28268806847215,39.72027426612003
-69.2776305343987,39.74141034503611
-69.26621037585001,39.72856264577913
-69.25423424794626,39.705637365196786
-69.24482712599767,39.73778455655683
-69.23980396778045,39.748606110251
-69.23482195043404,39.743226080354226
-69.2283132159745,39.72031965789275
-69.21972146242315,39.727217073730486
-69.21464538574199,39.75148773193359
-69.21466154769801,39.78003557940026
-69.20336260736961,39.76434333327631
-69.1975884465877,39.75188314378031
-69.18674543287021,39.75143547371517
-69.18445438351988,39.78856892776535
-69.17655944824199,39.82137298583985
-69.16828918457011,39.81015396118165
-69.16529083251935,39.81535339355469
-69.16415405273416,39.8045310974121
-69.15587615966777,39.79331588745118
-69.15145874023416,39.77890014648438
-69.144462585449,39.782901763916016
-69.13560485839824,39.75409698486328
-69.1323318481443,39.75051498413086
-69.12562561035136,39.763328552246094
-69.11634826660134,39.74575805664063
-69.11092376708963,39.74937057495117
-69.10664367675761,39.73939514160157
-69.10350799560524,39.74018859863282
-69.09864807128885,39.737014770507805
-69.09407806396464,39.71825408935547
-69.08866882324197,39.72188568115234
-69.08138275146463,39.717121124267585
-69.0775375366209,39.72031784057618
-69.07354736328104,39.71915435791016
-69.06869506835916,39.71597671508789
-69.06612396240213,39.71001815795898
-69.05713653564432,39.7012825012207
-69.04672241210915,39.69736480712889
-69.0387268066404,39.694992065429695
-69.034599304199,39.68944931030273
-69.03145599365214,39.690258026123054
-69.02875518798805,39.70421600341796
-69.02490234374977,39.70741653442382
-69.01479339599585,39.71223831176757
-69.00750732421851,39.707481384277344
-69.00322723388648,39.697570800781236
-68.99439239501933,39.71750259399415
-68.99039459228493,39.716316223144524
-68.98513031005837,39.72430038452149
-68.97800445556616,39.723915100097656
-68.97499847412087,39.729091644287095
-68.97102355957009,39.72792053222656
-68.95960998535132,39.74184036254883
-68.95475769042946,39.7386817932129
-68.94593811035134,39.782722473144524
-68.93966674804665,39.78432464599609
-68.93182373046851,39.78630828857422
-68.92798614501932,39.789493560791
-68.91857147216774,39.816036224365234
-68.91471862792946,39.8191909790039
-68.91172790527321,39.82434082031249
-68.90773010253884,39.823139190673835
-68.90331268310523,39.808898925781236
-68.89989471435523,39.82512664794922
-68.89590454101538,39.82392501831055
-68.89189910888648,39.82273864746094
-68.8882141113279,39.83024978637696
-68.88264465332007,39.82944488525391
-68.86211395263648,39.854305267333984
-68.85897064208963,39.855079650878906
-68.85569763183571,39.85153579711914
-68.84758758544898,39.8448028564453
-68.84116363525368,39.8420295715332
-68.83247375488257,39.842021942138665
-68.82805633544899,39.85186767578124
-68.8200302124021,39.92160034179688
-68.82328796386696,39.94921112060546
-68.81742858886696,39.96375274658204
-68.81195068359351,40.01530456542969
-68.81381225585913,40.10003662109374
-68.80846915810315,40.14094710000483
-68.80251965640639,40.208504672375575
-68.78899409368307,40.29681150091362
-68.7610244750974,40.419586181640625
-68.75547027587865,40.418632507324226
-68.74474334716773,40.429714202880845
-68.74100494384741,40.43705749511719
-68.73630523681618,40.438079833984375
-68.72257995605445,40.48240661621094
-68.71827697753882,40.55286026000976
-68.71505536486082,40.6086462123629
-68.71799990441106,40.67383500604481
-68.72194342775332,40.70129862691305
-68.71800231933568,40.71365356445312
-68.70783233642553,40.74614715576172
-68.70382690429662,40.77301788330078
-68.7108001708982,40.797653198242195
-68.71382141113257,40.79267883300782
-68.7178039550779,40.794044494628906
-68.71994018554663,40.81533432006835
-68.72489166259743,40.8230323791504
-68.7172241210935,40.86149215698241
-68.71755218505835,40.87445831298829
-68.71537780761693,40.88138580322265
-68.71222686767553,40.88201141357421
-68.7073593139646,40.90684890747071
-68.70410919189429,40.90316009521483
-68.69817352294899,40.91734695434571
-68.69503784179663,40.91796112060547
-68.69250488281226,40.91193771362305
-68.68936920165991,40.91255187988283
-68.68029022216771,40.92735290527346
-68.67339324951148,40.93519973754883
-68.66609954833959,40.958282470703125
-68.66077423095676,40.96580123901368
-68.65336608886692,40.984554290771484
-68.64888000488257,40.994071960449226
-68.64227294921851,40.98236083984375
-68.63935852050756,40.991580963134766
-68.64355468749973,41.001590728759766
-68.64136505126929,41.00851058959962
-68.64640045165991,41.02052688598632
-68.64611816406226,41.040054321289055
-68.63614654540991,41.02032470703126
-68.63249969482398,41.03182983398437
-68.62538909912084,41.03103256225587
-68.62182617187473,41.04680252075197
-68.61796569824193,41.04971694946289
-68.61074066162084,41.04458999633789
-68.60822296142554,41.03860092163086
-68.6050872802732,41.0391960144043
-68.59071350097629,41.00092315673829
-68.58695220947239,41.008110046386705
-68.58916473388648,41.03359222412112
-68.58489990234351,41.0516471862793
-68.58870697021457,41.109172821044936
-68.58367919921848,41.097171783447266
-68.58281707763648,41.062828063964844
-68.57854461669898,41.08088302612304
-68.57958984374974,41.09146118164063
-68.58064270019504,41.102050781249986
-68.57603454589818,41.10721969604492
-68.57331848144507,41.09264373779297
-68.56641387939426,41.10038757324217
-68.56223297119115,41.12273025512694
-68.56528472900366,41.15016555786133
-68.56121063232395,41.176784515380845
-68.56047058105443,41.21138000488282
-68.56319427490207,41.22597885131835
-68.56025695800756,41.235107421875
-68.5557556152341,41.21222686767578
-68.54978942871067,41.22621917724609
-68.5454025268552,41.23994445800781
-68.54319000244115,41.24677658081055
-68.53541564941379,41.31702804565431
-68.52632904052707,41.29926681518553
-68.52256011962864,41.30640792846678
-68.5244293212888,41.31896591186523
-68.51889038085909,41.317787170410156
-68.51750946044895,41.32662582397462
-68.5223312377927,41.33008193969728
-68.52410125732396,41.33838272094727
-68.520324707031,41.34548568725587
-68.51782226562474,41.33946228027342
-68.51467895507785,41.34000396728515
-68.51435089111301,41.35941696166993
-68.51840972900364,41.36515426635741
-68.52146148681615,41.36032867431641
-68.52396392822239,41.36634826660156
-68.52018737792942,41.37345886230468
-68.5162048339841,41.37198257446289
-68.51180267333957,41.38563919067383
-68.51121520996067,41.428726196289055
-68.50720214843723,41.459468841552734
-68.50415039062472,41.46429061889649
-68.50283050537084,41.44090270996093
-68.49326324462862,41.470420837402344
-68.48435974121065,41.529853820800774
-68.47669982910129,41.53967666625977
-68.47356414794896,41.540218353271484
-68.46884918212864,41.54100799560546
-68.45853424072239,41.609119415283196
-68.44736480712862,41.63877487182617
-68.44754791259739,41.6473159790039
-68.45162200927706,41.65307998657226
-68.45198059082006,41.67015838623047
-68.44320678710909,41.70150756835938
-68.441596984863,41.738178253173835
-68.43485260009739,41.754199981689446
-68.429634094238,41.80635833740234
-68.42295837402318,41.82661056518554
-68.42224884033176,41.86949920654298
-68.40527343749972,41.92543792724609
-68.40710449218722,42.019195556640625
-68.41609191894506,42.077789306640625
-68.40734863281223,42.15805053710938
-68.40435028076143,42.16698837280272
-68.39559936523409,42.16177749633789
-68.38864898681612,42.169094085693345
-68.38565826415987,42.17805862426758
-68.38926696777315,42.20317077636719
-68.38642883300753,42.22064208984375
-68.38890075683565,42.226737976074205
-68.39279937744112,42.22407150268554
-68.39450836181612,42.232379913330085
-68.38248443603489,42.263839721679695
-68.38037872314425,42.27904891967775
-68.37718200683565,42.275184631347656
-68.37454986572237,42.26058578491212
-68.36894989013643,42.2549285888672
-68.35831922530105,42.28641395614768
-68.34583282470675,42.32820510864259
-68.34187316894501,42.326610565185526
-68.33813476562472,42.337711334228516
-68.32705565259181,42.37273765874951
-68.31772613525361,42.43386840820314
-68.31116485595672,42.417655944824226
-68.30667114257784,42.4309539794922
-68.29956817626923,42.4296989440918
-68.29410552978487,42.43249893188479
-68.29103851318332,42.43710327148438
-68.28633117675751,42.437671661376946
-68.28040313720675,42.459621429443345
-68.2756118774411,42.45592880249024
-68.26947784423801,42.465175628662124
-68.26470184326143,42.46149826049805
-68.26115417480436,42.48526000976562
-68.25718688964814,42.483612060546875
-68.25077819824189,42.47590255737305
-68.24784851074189,42.48895645141604
-68.25242614746064,42.52870941162109
-68.24792480468719,42.54195404052736
-68.24238586425751,42.54046630859376
-68.23925018310516,42.540832519531264
-68.23616790771455,42.5454216003418
-68.23297119140595,42.54156875610351
-68.22429656982392,42.54043960571289
-68.21685028076142,42.56669998168945
-68.21289825439423,42.5650291442871
-68.20988464355437,42.5738410949707
-68.20796966552703,42.60157775878906
-68.19448852539031,42.6453857421875
-68.18720245361298,42.63139724731445
-68.17786591294092,42.63031492566738
-68.16548554124716,42.661830610878496
-68.15537866169852,42.6991294749316
-68.1453967453783,42.72907909581926
-68.14653015136689,42.74982833862304
-68.14620971679656,42.78149795532227
-68.14098358154266,42.80103683471681
-68.13983154296844,42.830665588378906
-68.13529205322236,42.843788146972656
-68.14012145996062,42.851715087890625
-68.13793182373016,42.86249542236328
-68.13403320312467,42.864997863769524
-68.13088989257781,42.86530685424803
-68.13041687011687,42.831638336181626
-68.12721252441374,42.82773208618165
-68.11745452880831,42.86032485961914
-68.1061020785279,42.80860292069212
-68.1025619506833,42.80707550048827
-68.10030364990203,42.81363677978517
-68.10273742675751,42.8196907043457
-68.09883880615205,42.8222007751465
-68.10397338867156,42.851150512695305
-68.10443878173798,42.88478088378905
-68.10124969482392,42.88090133666992
-68.08915710449187,42.91575241088867
-68.09088897705044,42.928203582763686
-68.09629821777311,42.92136764526367
-68.0919265747067,42.94704818725587
-68.09476470947233,42.98254013061524
-68.09091949462861,42.98921966552734
-68.08702087402312,42.991683959960945
-68.08869934081999,42.99994277954102
-68.08306884765595,43.050941467285156
-68.0784683227536,43.059768676757805
-68.07376098632781,43.06018447875977
-68.06622314453094,43.08608627319338
-68.06314086914031,43.090560913085945
-68.05757141113249,43.08477401733399
-68.0535659790036,43.078811645507805
-68.05043029785125,43.07910919189453
-68.04815673828094,43.085613250732415
-68.05392456054656,43.10818099975585
-68.05788421630828,43.10993576049804
-68.06269073486297,43.11790466308595
-68.06289672851528,43.13470458984375
-68.05931091308564,43.16233444213867
-68.0531311035153,43.1712646484375
-68.04710388183561,43.192768096923835
-68.04653167724578,43.21169662475586
-68.05082702636686,43.24283218383789
-68.04607391357389,43.23903656005861
-68.05096435546844,43.255435943603516
-68.047439575195,43.29138565063477
-68.05310058593717,43.305633544921875
-68.04387664794889,43.32316970825196
-68.04871368408172,43.3353729248047
-68.03765330473733,43.33268113076366
-68.03335795561627,43.37076325356639
-68.0271705166514,43.37963623940622
-68.02787529243567,43.427349628079234
-68.03427635444739,43.43945366250307
-68.03453575386145,43.464615405667125
-68.03695427192785,43.47075325356751
-68.03800692615356,43.51532373033793
-68.04194925602972,43.58605975762011
-68.0484571295649,43.61081714287403
-68.04294870671333,43.609089085012705
-68.04069040593208,43.61973209038379
-68.04489420231879,43.650940128713856
-68.04610727604927,43.69915027275685
-68.04072855290474,43.71416110649706
-68.04871652897896,43.73047275200489
-68.04097269352974,43.743541904836945
-68.0440750122067,43.75754547119141
-68.043045043945,43.82475662231445
-68.039138793945,43.827053070068345
-68.03269958496061,43.80643844604492
-68.02584075927703,43.83407974243165
-68.02186584472624,43.82799530029297
-68.01876068115202,43.832359313964844
-68.01885986328094,43.84493637084964
-68.01568603515594,43.840911865234375
-68.01103973388639,43.84953308105469
-68.00788879394497,43.849716186523416
-68.00031406271194,43.84740095196605
-67.98846817743286,43.908076029712134
-68.00065240513526,43.92258197419654
-68.00856781005827,43.94184112548829
-68.00314331054653,43.95258712768555
-68.00559997558561,43.96713256835936
-68.00260162353484,43.98820877075197
-67.99488067626919,44.00950622558593
-67.99095916748016,44.00759887695313
-67.98532104492153,43.98902130126952
-67.98599243164031,43.970157623291
-67.98121643066375,43.962017059326165
-67.97948455810514,43.937011718750014
-67.97486114501922,43.949775695800774
-67.97434234619107,43.98953628540038
-67.97935485839812,44.035331726074226
-67.97476196289031,44.056442260742195
-67.9749832153317,44.0899085998535
-67.97897338867155,44.10017395019532
-67.9766921997067,44.114929199218736
-67.98405456542939,44.166927337646484
-67.97554016113249,44.19026184082031
-67.97965240478483,44.22567749023438
-67.97669982910122,44.263420104980476
-67.97204589843719,44.27612686157227
-67.96733093261687,44.27628326416015
-67.95956420898405,44.29327011108399
-67.96998596191372,44.34101867675782
-67.96472167968717,44.39760589599608
-67.96962738037077,44.447658538818345
-67.96570587158169,44.449848175048835
-67.96253967285124,44.441555023193374
-67.9586257934567,44.44375991821288
-67.955528259277,44.45637130737305
-67.95827023243092,44.47563876344186
-67.95323944091763,44.475223541259766
-67.95169830322233,44.483612060546875
-67.95882415771452,44.50225830078125
-67.95806884765591,44.51273727416991
-67.96280670165982,44.520977020263665
-67.96673583984342,44.52299499511718
-67.97069549560513,44.533344268798835
-67.97232055664028,44.55004501342775
-67.95909881591764,44.5983657836914
-67.95679473876919,44.617218017578125
-67.95840454101531,44.629741668701165
-67.96154022216763,44.629673004150405
-67.96083831787078,44.665225982666016
-67.95610046386686,44.65275573730469
-67.95291137695278,44.63192367553711
-67.94742584228483,44.63411331176756
-67.94505310058562,44.62788009643556
-67.94660186767544,44.61949539184571
-67.93317413330045,44.584255218505874
-67.93308258056607,44.55502319335939
-67.92836761474575,44.55094909667969
-67.92362213134733,44.538547515869126
-67.92591094970669,44.51971054077149
-67.92116546630825,44.50729751586915
-67.9109725952145,44.50961685180663
-67.90460968017544,44.48474502563476
-67.89530181884732,44.51830291748047
-67.89208221435513,44.493377685546896
-67.88735198974577,44.48517227172852
-67.88500976562466,44.49147796630858
-67.88661193847622,44.499755859375
-67.88426971435516,44.50605010986327
-67.88112640380825,44.50197982788086
-67.87879180908169,44.50827407836915
-67.87493896484341,44.53124237060547
-67.87026977539027,44.543842315673835
-67.86798858642544,44.56678771972655
-67.86251831054653,44.57728958129884
-67.85858917236293,44.57528305053712
-67.85547637939419,44.58366394042971
-67.85395050048794,44.600326538085945
-67.86026000976528,44.6168670654297
-67.85713958740202,44.621070861816406
-67.85165405273403,44.62323379516601
-67.84773254394497,44.621238708496094
-67.83991241455044,44.633834838867195
-67.8367767333981,44.63388824462891
-67.83363342285122,44.63393402099611
-67.83051300048793,44.638160705566406
-67.82581329345669,44.642391204833984
-67.8218841552731,44.640373229980476
-67.80859374999966,44.659282684326165
-67.79219055175746,44.69478607177735
-67.78906249999964,44.69897079467774
-67.78047180175746,44.72188186645511
-67.77655792236293,44.723995208740234
-67.77657318115199,44.73229598999021
-67.76719665527308,44.753128051757805
-67.7594604492184,44.82775497436524
-67.7500610351559,44.84437942504884
-67.74617004394497,44.87957000732422
-67.740684509277,44.889938354492195
-67.74227905273402,44.910636901855476
-67.73520660400352,44.921016693115256
-67.73286437988243,44.92721939086915
-67.73286437988243,45.055400848388665
-67.72737884521449,45.06575012207031
-67.72424316406213,45.065734863281236
-67.71874999999964,45.080184936523416
-67.72030639648402,45.09258270263672
-67.71635437011682,45.13181686401367
-67.72180938720668,45.16698837280274
-67.72729492187466,45.18151473999024
-67.72724914550744,45.20631408691404
-67.72174072265588,45.22487640380859
-67.71467590331996,45.22272109985352
-67.7099533081051,45.23506546020507
-67.71619415283168,45.25579452514646
-67.71601104736293,45.35085296630858
-67.69551086425744,45.391799926757805
-67.69311523437463,45.41035079956053
-67.70172119140588,45.42081832885743
-67.71023559570276,45.451984405517564
-67.71009063720668,45.5015525817871
-67.71471405029259,45.52644348144531
-67.72945404052697,45.570232391357415
-67.73728179931604,45.574562072753885
-67.74272918701136,45.585052490234354
-67.74587249755824,45.58514785766602
-67.75261151919811,45.59748592617958
-67.74269474201168,45.619523846429786
-67.74369893174035,45.642048132504115
-67.74313118582627,45.66838998275033
-67.73828124999964,45.70696640014646
-67.73821258544886,45.72352600097654
-67.74287414550747,45.73195266723633
-67.75149536132777,45.73432540893555
-67.75619506835903,45.73447036743164
-67.75767517089808,45.75523376464843
-67.76153564453088,45.7657127380371
-67.75675964355433,45.777965545654304
-67.74829864501918,45.746635437011726
-67.74516296386683,45.74652481079101
-67.7396163940426,45.75667572021485
-67.73566436767541,45.76273727416993
-67.73177337646447,45.756404876708984
-67.72629547119105,45.75414276123043
-67.72235870361291,45.756065368652344
-67.71774291992152,45.7393798828125
-67.71303558349572,45.73921585083009
-67.70755767822229,45.73697280883789
-67.67978668212855,45.799980163574205
-67.67586517333949,45.79777145385742
-67.6735992431637,45.78325271606445
-67.6648330688473,45.80974960327148
-67.66313934326135,45.834396362304695
-67.65677642822229,45.84653091430663
-67.6581192016598,45.887802124023445
-67.66354370117152,45.898326873779304
-67.66670227050746,45.89434051513671
-67.66820526123009,45.906780242919915
-67.66107940673791,45.91679000854491
-67.66642761230433,45.93969726562499
-67.66403961181602,45.94576644897461
-67.66095733642541,45.93739700317383
-67.65779876708947,45.94139099121094
-67.66236877441368,45.96219635009764
-67.66226196289026,45.978675842285135
-67.65986633300743,45.98475265502929
-67.65596771240199,45.982532501220696
-67.65580698112791,46.006204864805895
-67.6526565551754,46.00708389282225
-67.64866638183558,46.01720428466797
-67.65149688720665,46.06267929077148
-67.65755462646447,46.09181213378907
-67.65264129638635,46.12043380737303
-67.65644836425744,46.13505935668945
-67.65611533041033,46.17507633695948
-67.66138458251916,46.207454681396484
-67.6613159179684,46.21570587158203
-67.65814971923793,46.219654083251925
-67.65404510498009,46.242084503173814
-67.653900146484,46.25855636596679
-67.64952644259573,46.28026393907206
-67.64533900861967,46.29408221037031
-67.63818263654935,46.308070705243345
-67.63066101074183,46.316921234130845
-67.62286376953087,46.31234359741212
-67.61972808837854,46.312149047851555
-67.61571502685509,46.32219314575194
-67.61640930175743,46.33253097534178
-67.61159515380822,46.344596862792955
-67.60669251868306,46.366820388860425
-67.60198518225728,46.36650758368463
-67.59648438880022,46.36823182684867
-67.59097596594866,46.36993318182916
-67.58398744055803,46.36333375555963
-67.57471565544216,46.34214306959338
-67.57161812126247,46.33783246168322
-67.55713653564416,46.29609298706054
-67.54006958007774,46.27458572387694
-67.53379821777304,46.274219512939446
-67.52658843994104,46.29223251342773
-67.52264404296837,46.29404449462889
-67.51956176757773,46.28977966308594
-67.51485443115196,46.289497375488274
-67.51017761230429,46.28511810302735
-67.5040283203121,46.27247619628904
-67.50089263915977,46.27231979370116
-67.49375152587852,46.28212738037107
-67.48984527587851,46.27985763549803
-67.4849853515621,46.30000686645508
-67.47543334960898,46.31579971313476
-67.44869232177696,46.234577178955064
-67.4439926147457,46.23429489135739
-67.43758392333945,46.250267028808594
-67.42728424072227,46.26396560668943
-67.41789245605429,46.263439178466776
-67.41245269775351,46.25700378417968
-67.40851593017538,46.25880813598631
-67.39549255371053,46.22344589233398
-67.39159393310504,46.22118759155272
-67.38689422607382,46.22094345092773
-67.38372802734335,46.22483444213866
-67.37985229492148,46.21850204467771
-67.37515258789021,46.21824264526365
-67.36959838867148,46.22812271118164
-67.36569213867146,46.22586059570311
-67.35372924804645,46.25162124633789
-67.34822845458942,46.25333786010742
-67.34432983398396,46.25110626220702
-67.32995605468709,46.28277206420899
-67.32655334472615,46.31506729125975
-67.3201980590816,46.32279586791989
-67.3177261352535,46.33685684204101
-67.30493164062459,46.36447906494141
-67.29618835449176,46.378131866455085
-67.29142761230426,46.38595962524415
-67.28794860839801,46.42222595214844
-67.2815704345699,46.43396377563477
-67.28105163574178,46.48662948608397
-67.27292633056598,46.51442718505859
-67.27094268798785,46.55480194091797
-67.27521514892535,46.59563446044922
-67.28197479248003,46.62246704101562
-67.28170776367145,46.646755218505874
-67.28930664062457,46.66759872436522
-67.28993225097615,46.6818389892578
-67.28320312499957,46.721866607665994
-67.2703933715816,46.74517440795897
-67.27167510986285,46.76958084106445
-67.27990722656207,46.800662994384766
-67.2797164916988,46.816822052001946
-67.26351165771442,46.86005783081055
-67.26174163818317,46.87611389160154
-67.26606750488239,46.90485382080078
-67.27136230468707,46.91948699951172
-67.27337646484331,46.94597625732421
-67.27872467040974,46.9565963745117
-67.27926635742146,46.974872589111314
-67.28234100341756,46.97921752929687
-67.28622436523395,46.981567382812486
-67.2980041503902,46.98061370849609
-67.3008570252704,46.964633661468
-67.3087117351926,46.95332232730308
-67.3174819946285,46.929569244384744
-67.31932067871051,46.96831130981443
-67.32325744628865,46.966617584228516
-67.32887268066364,46.95696258544921
-67.33675384521443,46.95360946655272
-67.34317779540973,46.94198989868163
-67.34684753417928,46.96060562133787
-67.34722900390585,46.991127014160156
-67.34765249644177,47.05293159156261
-67.35366058349568,47.1482925415039
-67.35887145996053,47.16711425781249
-67.36083221435506,47.19374084472657
-67.3575210571285,47.20562744140625
-67.35622406005818,47.24007034301757
-67.3638000488277,47.25711822509765
-67.36412048339803,47.287689208984375
-67.37307739257773,47.317119598388665
-67.3736343383785,47.33141326904296
-67.38269805908162,47.35276031494139
-67.38251495361285,47.36495971679686
-67.39177703857382,47.374095916748026
-67.3947753906246,47.38256454467772
-67.39526367187462,47.40096282958982
-67.40807342529254,47.43294143676757
-67.40937805175741,47.4494171142578
-67.41255665221234,47.46125203266564
-67.41727447509727,47.44213104248046
-67.42059326171835,47.43093490600585
-67.42248535156209,47.417037963867166
-67.4256362915035,47.40601730346679
-67.42774200439412,47.388423919677734
-67.43330383300741,47.363357543945305
-67.43627166748007,47.356899261474595
-67.44148254394493,47.336345672607386
-67.44573974609337,47.331295013427734
-67.44937133789021,47.322685241699205
-67.45450592040974,47.32302093505858
-67.45932006835899,47.32141113281249
-67.46467590331993,47.298423767089865
-67.46610260009727,47.28440475463866
-67.46903991699179,47.27735137939452
-67.46926116943321,47.26264953613281
-67.47914123535118,47.22382736206055
-67.48141479492149,47.20498657226561
-67.48824310302696,47.15758132934569
-67.49083709716756,47.13962554931639
-67.49104309081993,47.12491226196289
-67.49397277831993,47.117824554443345
-67.49417877197227,47.10311126708983
-67.49730682373007,47.081302642822244
-67.49751281738243,47.0665817260742
-67.50042724609337,47.05948638916016
-67.50063323974572,47.0447654724121
-67.50494384765585,47.04385375976563
-67.50839996337852,47.043968200683594
-67.51423645019493,47.039340972900376
-67.51769256591757,47.02070999145508
-67.52115631103477,47.01971817016601
-67.53144836425743,47.00997543334961
-67.53428649902305,47.00879287719727
-67.54026031494102,47.00955200195311
-67.54235839843712,47.016578674316406
-67.54595184326134,47.03422927856446
-67.54866790771445,47.041866302490234
-67.55139160156213,47.049507141113274
-67.55410766601526,47.05715179443359
-67.5539016723629,47.07190704345703
-67.55097961425741,47.07901763916017
-67.55077362060509,47.0937728881836
-67.54785156249962,47.10087966918945
-67.54764556884727,47.11563110351562
-67.54430389404259,47.140541076660156
-67.5414733886715,47.17079925537108
-67.5406494140621,47.18383026123046
-67.5410079956051,47.21671676635742
-67.54161071777305,47.23265075683593
-67.54208374023399,47.243606567382784
-67.54234313964804,47.25971984863282
-67.54180145263634,47.281604766845696
-67.53646850585898,47.29912948608397
-67.5355453491207,47.31554412841798
-67.53970336914024,47.325496673583984
-67.54436492919882,47.324249267578125
-67.55769348144493,47.31297302246094
-67.56240081787072,47.32001495361329
-67.56619262695274,47.3326072692871
-67.57073211669884,47.34007263183592
-67.57567596435509,47.354133605957024
-67.57962036132774,47.37647628784178
-67.57898712158165,47.40330505371093
-67.5745086669918,47.424549102783196
-67.56675720214807,47.43995666503906
-67.56031799316368,47.45436477661134
-67.5576171874996,47.46308135986326
-67.55278778076134,47.47253799438477
-67.54102325439416,47.486225128173835
-67.53266143798788,47.50055694580077
-67.52605438232384,47.51445007324219
-67.52178192138634,47.523345947265604
-67.52028656005821,47.538169860839844
-67.51268005371055,47.551193237304695
-67.50211990157386,47.54982283322983
-67.51665496826134,47.643810272216804
-67.51988220214804,47.68314743041991
-67.52383422851523,47.68157196044921
-67.52634514323341,47.700527558060365
-67.53210449218712,47.70105743408201
-67.5381546020504,47.714096069335916
-67.54128265380821,47.714492797851534
-67.5464324951168,47.73360061645508
-67.55112457275351,47.73418807983398
-67.55567169189415,47.74296569824218
-67.55321502685509,47.74881744384764
-67.54917907714807,47.75447845458983
-67.55209350585898,47.76716232299803
-67.5496292114254,47.77301025390623
-67.54590606689416,47.76227569580076
-67.54023742675743,47.7718276977539
-67.54753112792929,47.80147933959962
-67.55051422119104,47.81008148193357
-67.55594635009727,47.8128318786621
-67.558929443359,47.82143020629881
-67.56386566162071,47.89192581176756
-67.56691741943321,47.89642715454102
-67.5721664428707,47.868354797363274
-67.57324981689416,47.893161773681626
-67.5799484252926,47.912548065185526
-67.58194732665977,47.931324005126946
-67.58769226074182,47.917682647705085
-67.5849838256832,47.935840606689446
-67.5886917114254,47.946617126464815
-67.59200286865195,47.93885803222654
-67.59422302246057,47.94530868530271
-67.60327148437464,47.923889160156236
-67.6138381958004,47.94590377807618
-67.6262893676754,47.990856170654276
-67.63448460972042,48.054826069133426
-67.65332794189416,48.05021667480467
-67.66010284423793,48.09322738647459
-67.65715789794885,48.1348648071289
-67.6554641723629,48.14925003051757
-67.65573883056605,48.16940307617185
-67.65901184081996,48.179023742675795
-67.66448974609338,48.18348312377931
-67.66852569580041,48.22249603271484
-67.67610168456996,48.24951934814454
-67.69858551025354,48.28889846801756
-67.70078277587855,48.32436752319335
-67.7038497924801,48.3616828918457
-67.70885467529261,48.393585205078104
-67.72570800781214,48.43830871582031
-67.731651306152,48.45209884643552
-67.74561309814415,48.45064544677733
-67.75198364257776,48.44614791870115
-67.75810241699183,48.41555023193359
-67.7716674804684,48.38167190551756
-67.78398895263636,48.36979675292969
-67.8047714233395,48.343685150146484
-67.82111358642545,48.33277511596682
-67.84196472167935,48.35396957397459
-67.89099884033169,48.35697555541991
-67.92006683349574,48.365211486816406
-67.95028686523403,48.40053176879882
-67.95918273925751,48.423267364501946
-67.95957946777311,48.452079772949226
-67.9562072753903,48.47750473022459
-67.94752502441374,48.5066909790039
-67.92804718017545,48.55075073242186
-67.9139251708981,48.57341384887696
-67.90258026123013,48.59651184082033
-67.89330291748013,48.60606002807616
-67.88124084472624,48.61513519287109
-67.87084960937466,48.627250671386705
-67.86479949951138,48.63269805908202
-67.8594818115231,48.63642120361326
-67.85436248779261,48.64663696289062
-67.82538604736294,48.663875579833956
-67.78306579589808,48.70219421386719
-67.76753997802697,48.71630859374999
-67.74898529052699,48.743347167968736
-67.74672698974575,48.77087020874021
-67.75106811523402,48.824058532714844
-67.75526428222622,48.86432266235352
-67.75635528564418,48.903125762939446
-67.7535781860348,48.96972274780274
-67.74939727783168,48.982742309570305
-67.7353210449215,48.9617919921875
-67.7273559570309,48.919944763183565
-67.7068252563473,48.838283538818345
-67.70303344726524,48.822944641113274
-67.68805694580043,48.76808166503906
-67.68106079101527,48.74122619628907
-67.6643524169918,48.69900131225585
-67.65583038330041,48.67742919921874
-67.64230346679652,48.64680862426756
-67.63359832763636,48.63255691528321
-67.6294403076168,48.63186264038086
-67.61839294433555,48.62819671630858
-67.60420989990197,48.595726013183594
-67.59467315673788,48.586860656738274
-67.57588195800741,48.5771026611328
-67.56049346923791,48.59035873413087
-67.53997802734337,48.58972167968749
-67.53115081787084,48.57094573974608
-67.52396392822226,48.57593536376953
-67.52102661132773,48.567230224609354
-67.5124740600582,48.56379699707029
-67.5075836181637,48.57120895385741
-67.50445556640587,48.570686340332024
-67.49682617187463,48.561256408691406
-67.4918441772457,48.57273864746092
-67.48494720458945,48.56547164916992
-67.4767379760738,48.580532073974595
-67.47287750244104,48.57783508300781
-67.4671554565426,48.587131500244126
-67.45938110351523,48.6165657043457
-67.45635223388634,48.61196136474608
-67.44979858398396,48.62316513061524
-67.4475402832027,48.65142440795897
-67.44264221191366,48.65878677368165
-67.44380950927696,48.67533493041991
-67.43934631347615,48.69709014892576
-67.43956756591759,48.71960830688475
-67.42457580566365,48.753849029540994
-67.41572570800741,48.823833465576165
-67.40894317626912,48.8430633544922
-67.41121673583943,48.90679168701171
-67.4066162109371,48.932506561279304
-67.40553283691365,48.97315597534177
-67.40135192871055,48.982620239257805
-67.39823150634726,48.98204803466796
-67.39986419677695,49.00888061523436
-67.39346313476521,49.042427062988274
-67.38844299316366,49.05374526977537
-67.38458251953084,49.05098342895508
-67.38050842285118,49.05634689331053
-67.37738037109334,49.05577087402342
-67.37085723876912,49.09333801269531
-67.37052154540976,49.10550308227538
-67.37487792968707,49.11854934692382
-67.37039184570271,49.16665649414062
-67.37255859374959,49.1731719970703
-67.37808990478474,49.172191619873026
-67.38265991210899,49.177139282226555
-67.3867721557613,49.19832611083984
-67.38282012939412,49.199611663818345
-67.37992095947226,49.19088745117188
-67.3737792968746,49.18566131591794
-67.36993408203084,49.18286895751952
-67.36318969726523,49.17139816284179
-67.35765838623004,49.17239761352538
-67.35370635986288,49.1736946105957
-67.35240173339805,49.19177627563476
-67.35746765136676,49.2069969177246
-67.35124969482378,49.23231124877928
-67.34474182128865,49.21271896362303
-67.34870147705037,49.21146392822265
-67.35121917724568,49.205818176269524
-67.34832763671834,49.19710159301757
-67.34519958496053,49.196521759033196
-67.34001159667928,49.18535232543944
-67.33472442626912,49.17824172973633
-67.32919311523395,49.179222106933594
-67.32382965087851,49.20263671875
-67.31658935546832,49.180915832519524
-67.31384277343709,49.19464111328123
-67.3165054321285,49.21141052246093
-67.31147003173785,49.22265243530273
-67.30865478515582,49.183471679687486
-67.29623413085895,49.15063476562497
-67.29219577653781,49.12990709139686
-67.27928924560506,49.192775726318345
-67.25095367431598,49.22928619384765
-67.23880004882767,49.251495361328104
-67.23636627197223,49.262001037597635
-67.22834014892534,49.2622299194336
-67.22374725341754,49.27022171020507
-67.21746063232378,49.313945770263665
-67.22358703613237,49.35537338256834
-67.2333068847652,49.39002990722656
-67.23012542724567,49.41243362426757
-67.22005462646442,49.42047882080078
-67.2104110717769,49.411941528320305
-67.20411682128861,49.39184188842771
-67.19170379638629,49.362159729003885
-67.18379974365193,49.32695388793945
-67.17969512939408,49.30308532714844
-67.18000030517534,49.252952575683594
-67.18981933593707,49.19044876098632
-67.19338226318315,49.13736343383786
-67.19672393798785,49.10785675048827
-67.1942977905269,49.087913513183594
-67.18687438964801,49.09127044677734
-67.1761550903316,49.114086151123026
-67.16386413574175,49.14366531372069
-67.14790344238237,49.14069366455076
-67.13485717773393,49.09937667846677
-67.12940216064409,49.073047637939446
-67.13247680664017,49.052993774414055
-67.14011383056594,49.0502586364746
-67.14799499511673,49.04697799682617
-67.15585327148393,49.03602600097655
-67.16749572753864,48.99566650390622
-67.1826248168941,48.918693542480455
-67.2038879394527,48.85095977783203
-67.21681976318317,48.82069396972655
-67.22162628173785,48.803192138671875
-67.22431182861287,48.788795471191385
-67.22238159179643,48.67914962768555
-67.2168273925777,48.6498908996582
-67.21728515624955,48.59934997558593
-67.21069335937457,48.580078124999986
-67.20757293701126,48.57958602905272
-67.20150756835896,48.570514678955064
-67.19564819335893,48.553390502929695
-67.1970062255855,48.49699401855468
-67.19176483154253,48.48605728149413
-67.19058227539018,48.46971893310545
-67.18039703369097,48.435813903808594
-67.17378997802692,48.41661071777344
-67.16513824462847,48.41729736328125
-67.15824890136676,48.410182952880845
-67.15604400634723,48.403781890869126
-67.15291595458939,48.40330505371091
-67.13011932373001,48.33734893798828
-67.11826324462845,48.34162521362301
-67.11505126953081,48.3451690673828
-67.1079711914058,48.34610748291015
-67.10005950927689,48.34893798828123
-67.0930786132808,48.34588623046875
-67.08922576904251,48.343307495117166
-67.07910156249955,48.339767456054666
-67.07515716552687,48.34117507934569
-67.07121276855423,48.342617034912095
-67.06228637695267,48.32118606567382
-67.0500640869136,48.341453552246094
-67.04611206054642,48.34286880493163
-67.03820800781205,48.34570312499998
-67.03352355956984,48.344997406005845
-67.0297546386714,48.33841705322265
-67.02580261230422,48.33983612060545
-67.0077056884761,48.37722778320311
-67.00659942626908,48.3911018371582
-66.99180603027297,48.42090225219725
-66.9828796386714,48.433555603027315
-66.9790191650386,48.43095397949218
-66.97239685058547,48.44594955444336
-66.96835327148389,48.45133209228513
-66.96788024902297,48.4712791442871
-66.95555114746047,48.49536514282226
-66.95092773437455,48.5246353149414
-66.94419860839795,48.543575286865234
-66.93961334228467,48.60282135009765
-66.9279937744136,48.62892532348632
-66.92543792724562,48.668464660644524
-66.92180633544872,48.687835693359375
-66.91931915283156,48.69342041015624
-66.91619873046828,48.69292068481444
-66.90998840331982,48.7517852783203
-66.90250396728466,48.76848983764646
-66.90261840820263,48.824417114257805
-66.89218902587841,48.892463684082
-66.89485931396436,48.93884658813477
-66.89109039306594,48.96210861206053
-66.89207458496045,49.01218795776368
-66.88495635986278,49.04281997680664
-66.87984466552685,49.11371994018553
-66.87660217285108,49.1171188354492
-66.86534118652297,49.12701416015622
-66.8614959716792,49.124305725097635
-66.8567123413081,49.1274299621582
-66.84260559081983,49.15471649169921
-66.84009552001902,49.160217285156236
-66.83625030517528,49.15751266479491
-66.82967376708936,49.16824722290039
-66.82180023193311,49.19663619995116
-66.81871032714794,49.22191619873045
-66.82090759277293,49.25417327880858
-66.82751464843699,49.26934814453123
-66.84096527099558,49.2918243408203
-66.84407806396435,49.29242324829101
-66.85226440429638,49.30792999267577
-66.85777282714795,49.3069839477539
-66.86173248290966,49.3057518005371
-66.86496734619091,49.30238723754883
-66.86964416503855,49.30326843261718
-66.87313079833935,49.31791687011718
-66.87625885009717,49.31852722167966
-66.87841033935499,49.32490158081055
-66.88621520996047,49.32641601562499
-66.89364624023389,49.31387710571287
-66.89675903320264,49.31446075439451
-66.90732574462844,49.32847976684572
-66.89989471435499,49.34101867675781
-66.90205383300734,49.34745025634764
-66.90529632568311,49.34407424926757
-66.9146652221675,49.34588241577146
-66.92376708984327,49.35564804077146
-66.93612670898392,49.33603286743164
-66.94126892089795,49.32102966308594
-66.94992828369094,49.34672164916992
-66.95249656230573,49.34381169938978
-66.9599130725932,49.32115074880958
-66.9625765203379,49.2918252588796
-66.97278675815383,49.2501530823829
-66.97984124224182,49.22392970572172
-66.98429397070011,49.20983761748485
-66.99061975542472,49.20872972358499
-66.99194676242092,49.225065765465544
-66.99959816983646,49.24030431299788
-67.00908773652513,49.23865400794607
-67.01755066930531,49.241409170856244
-67.02465398724375,49.260018844915294
-67.02619919580725,49.29944351981538
-67.02697518172265,49.33412225424942
-67.03372616290608,49.36421666603083
-67.03077243707989,49.402783032466026
-67.01451865905238,49.48091572171868
-67.02083587646439,49.49305343627929
-67.0250167846675,49.50995635986328
-67.02574157714797,49.61257171630859
-67.02030944824173,49.635562896728516
-67.02451010016864,49.64187757797798
-67.02801513671828,49.68940353393555
-67.0303344726558,49.6657600402832
-67.03463745117142,49.67873001098632
-67.0339965820308,49.69869995117187
-67.03757476806595,49.70948791503906
-67.04141235351517,49.71231460571287
-67.02706146240187,49.74345016479492
-67.02497863769484,49.759098052978494
-67.0296554565425,49.80832290649411
-67.04178619384719,49.84513473510741
-67.04802703857375,49.84648895263671
-67.05146026611281,49.86131286621093
-67.05612945556595,49.86231994628906
-67.05970764160112,49.87317276000977
-67.06679534912064,49.87271499633789
-67.07106781005814,49.88573455810546
-67.0760192871089,49.878753662109354
-67.07472229003861,49.87039947509766
-67.07725524902298,49.864921569824205
-67.08256530761672,49.89429473876954
-67.10096740722612,49.88422393798828
-67.11500549316362,49.887298583984375
-67.11910247802689,49.88214874267577
-67.12429809570268,49.88627624511718
-67.13449859619097,49.87119293212889
-67.14409637451126,49.85804367065429
-67.15995025634723,49.83514785766603
-67.1764755249019,49.82035064697265
-67.17988586425737,49.8148422241211
-67.1885375976558,49.80178833007811
-67.1981277465816,49.79691696166992
-67.20360565185504,49.79010772705078
-67.20835113525345,49.7893943786621
-67.21808624267535,49.784194946289055
-67.22316741943318,49.77311706542969
-67.22577667236285,49.75907135009764
-67.22940826415973,49.73828125000001
-67.23390197753864,49.71175003051756
-67.2389984130855,49.70831298828122
-67.24150085449176,49.71441268920895
-67.24466705322223,49.71648025512696
-67.2523956298824,49.706634521484375
-67.26387786865193,49.68468856811521
-67.27347564697223,49.67522048950193
-67.28141784667926,49.67132186889647
-67.28644561767535,49.682846069335916
-67.28895568847614,49.6973304748535
-67.28752899169879,49.716564178466804
-67.28656768798784,49.73414611816405
-67.28219604492145,49.7611083984375
-67.27937316894489,49.769218444824205
-67.26789855956989,49.78207778930662
-67.26357269287067,49.790901184082024
-67.2548904418941,49.79250335693358
-67.24936676025348,49.80070877075195
-67.24296569824175,49.848064422607415
-67.24237060546831,49.86603927612303
-67.24153900146442,49.88326263427734
-67.24144744873003,49.8982162475586
-67.24234771728473,49.911647796630845
-67.23989105224567,49.92467880249023
-67.23720550537067,49.93243789672851
-67.22351837158162,49.938434600830064
-67.21189117431597,49.952735900878906
-67.19355010986284,49.95486831665038
-67.18593597412065,49.959983825683594
-67.17895507812456,49.96630859375
-67.16578674316362,49.96879196166991
-67.15585327148406,49.98121643066406
-67.1585617065425,49.99394607543944
-67.16005706787065,50.06507492065428
-67.15751647949175,50.0928077697754
-67.15327453613237,50.10193634033203
-67.15002441406206,50.10523223876952
-67.14704895019486,50.10052108764648
-67.14109802246048,50.113288879394524
-67.12705230712847,50.08784103393554
-67.12393188476517,50.08713150024413
-67.11911773681597,50.09007263183593
-67.11262512206986,50.14107513427733
-67.11347961425734,50.18364334106445
-67.1167373657222,50.20257568359374
-67.12297821044876,50.204040527343736
-67.13134002685503,50.23429489135741
-67.13430023193315,50.239021301269524
-67.14054870605423,50.24050521850586
-67.14704895019487,50.27842712402342
-67.15101623535112,50.27735137939453
-67.16262817382767,50.304389953613274
-67.16045379638629,50.34231567382812
-67.16655731201129,50.347843170166016
-67.16937255859332,50.356601715087876
-67.16620635986283,50.40038681030272
-67.1814804077144,50.43448638916014
-67.1919250488277,50.44920349121093
-67.19812011718707,50.473026275634766
-67.20004272460895,50.5059471130371
-67.20426177978473,50.51916122436524
-67.20893859863237,50.520343780517564
-67.21809387206987,50.54900741577148
-67.21194458007768,50.56571578979492
-67.21671295165973,50.58517837524414
-67.21470642089801,50.59683227539062
-67.21994018554645,50.604267120361314
-67.22321319580035,50.601028442382805
-67.22858428955034,50.60441589355468
-67.23184967040973,50.60118103027342
-67.24059295654254,50.619647979736314
-67.24333190917928,50.65083694458007
-67.23928833007771,50.67416381835936
-67.24093627929645,50.69289779663085
-67.23742675781206,50.72243881225586
-67.22994232177692,50.71240615844725
-67.22440338134723,50.71300125122068
-67.21380615234332,50.66156768798828
-67.21231842040973,50.63884735107421
-67.2071838378902,50.64971923828126
-67.20507812499956,50.64311218261719
-67.20443725585893,50.618587493896456
-67.20187377929645,50.62403488159178
-67.19478607177692,50.624263763427734
-67.18925476074176,50.62487411499022
-67.18006134033159,50.6184959411621
-67.17733764648392,50.62794494628906
-67.1769638061519,50.658226013183594
-67.18483734130815,50.67848587036133
-67.18070983886675,50.683509826660156
-67.17588043212848,50.68630599975586
-67.17330932617145,50.691730499267585
-67.1789169311519,50.70938491821289
-67.17829895019489,50.72544860839844
-67.18491363525347,50.737281799316406
-67.1835021972652,50.773403167724595
-67.17959409003765,50.79534203767809
-67.1896348118949,50.814129429172084
-67.19884257137326,50.83214724061414
-67.20691127874396,50.85898717392742
-67.2121205885972,50.89634154900671
-67.18354993569694,50.844007750699085
-67.17252491690529,50.83546378550486
-67.16619067571357,50.82773348169741
-67.16173553466751,50.82648086547852
-67.15929622620843,50.79207402831277
-67.1621459331826,50.7590354497871
-67.15589944472332,50.744161880498844
-67.14698318669892,50.785899318267944
-67.14625315165871,50.82741774708219
-67.16089630126908,50.88700866699219
-67.15523302878077,50.89594693006671
-67.14467204493614,50.8903383465896
-67.13740870938997,50.90922233146563
-67.14220428466751,50.94075393676757
-67.13581848144486,50.94308090209959
-67.13285827636675,50.938236236572266
-67.11546325683548,50.95988464355468
-67.11196899414017,50.948833465576165
-67.11557769775347,50.937679290771484
-67.12110137939408,50.93712615966796
-67.12519073486284,50.913948059082024
-67.1223983764644,50.90511703491211
-67.12719012234368,50.85850268514914
-67.12125773448862,50.83809611666889
-67.113372817411,50.836931309933334
-67.10440128678937,50.85386680771728
-67.09582208258443,50.856360638826054
-67.09138667341392,50.819820256770015
-67.08635173854319,50.78320452793568
-67.08521270751906,50.75195693969727
-67.09518432617142,50.73837280273437
-67.09549713134722,50.73038482666015
-67.08903503417923,50.71459197998047
-67.09106445312455,50.702999114990234
-67.08544921874953,50.68541717529297
-67.069328308105,50.67524337768555
-67.05895996093703,50.638355255126946
-67.06204986572219,50.59882736206053
-67.05824279785111,50.59587478637694
-67.05416870117142,50.578704833984354
-67.0597534179683,50.55593109130859
-67.05965423583939,50.53776550292968
-67.0658340454097,50.49899291992188
-67.07266998290969,50.48454666137693
-67.06959533691361,50.461624145507805
-67.06607055664016,50.45067596435546
-67.0484542846675,50.48061370849608
-67.04528045654251,50.50197601318358
-67.03099822998,50.484367370605455
-67.02684020996047,50.51152801513672
-67.01624298095656,50.50084686279296
-67.00382232665969,50.47568893432617
-66.99634552001906,50.52809906005857
-66.98850250244092,50.48598861694335
-66.98116302490187,50.472145080566406
-66.97360992431594,50.42211151123046
-66.96907806396437,50.41702651977537
-66.96070098876905,50.43104553222655
-66.9590988159175,50.452709197998026
-66.9558792114253,50.43388366699217
-66.94697570800734,50.41969680786133
-66.94297027587842,50.44276428222654
-66.94860839843705,50.46018600463865
-66.94770812988234,50.48402786254881
-66.95053100585889,50.49273681640624
-66.94781494140578,50.50208282470702
-66.94092559814406,50.47633361816407
-66.940422058105,50.448158264160156
-66.9375915527339,50.43947982788085
-66.93447875976514,50.43870544433593
-66.92810058593703,50.441154479980455
-66.9238281249995,50.45014190673827
-66.91676330566357,50.45042037963865
-66.9043655395503,50.48743057250975
-66.89968872070264,50.48630142211912
-66.89627838134717,50.49346160888672
-66.8930130004878,50.49665832519532
-66.89366912841749,50.52080917358398
-66.88871002197216,50.527587890624986
-66.88150787353466,50.57178497314451
-66.87684631347607,50.57064437866212
-66.87131500244091,50.5712661743164
-66.86267852783153,50.571125030517564
-66.85645294189402,50.569580078124986
-66.85350036621043,50.56485366821289
-66.850219726562,50.56802749633788
-66.84563625503299,50.60156498143302
-66.84256744384716,50.62401962280272
-66.83199916408918,50.63600662234436
-66.84490966796828,50.64458084106444
-66.84725189208936,50.66513061523436
-66.83613586425732,50.688270568847656
-66.81627072821811,50.713717855974096
-66.82460100407856,50.724689959060846
-66.83061218261669,50.72877502441404
-66.82718658447216,50.73588180541992
-66.81870776582123,50.74515700798725
-66.8271026611323,50.75779342651366
-66.83231353759716,50.76513671875001
-66.8294219970698,50.77834320068358
-66.82336425781202,50.7728042602539
-66.81720733642528,50.78916931152344
-66.80926513671824,50.791110992431626
-66.80530548095653,50.7920913696289
-66.80180358886666,50.78121948242187
-66.79869079589794,50.78042221069336
-66.79651641845653,50.79579925537107
-66.78723144531199,50.811355590820305
-66.7879950052423,50.79356089436067
-66.79163044934528,50.77486895827933
-66.79559274712939,50.7636283240771
-66.79869495594002,50.743203304331296
-66.79442906907497,50.739831760955646
-66.7879968760594,50.745932403507766
-66.78518376314301,50.73958219264323
-66.78686685437023,50.71386945027323
-66.78553602627541,50.70425955269561
-66.7894202587632,50.67486085213522
-66.7919224665915,50.682912351977045
-66.79484624078819,50.699740161163135
-66.79832147445529,50.70350281221609
-66.80180044801814,50.67015900671718
-66.79786259709998,50.65265707547342
-66.80426311722474,50.64164569265717
-66.80581455828677,50.619079041105444
-66.80269191941001,50.596125819693434
-66.80088251854023,50.59030464570163
-66.79724488295354,50.59250352345693
-66.79714642823525,50.57859725429337
-66.79315831659905,50.56798079617071
-66.78666687011668,50.56627273559569
-66.79406636043522,50.5391131182484
-66.79632935470302,50.51501260308889
-66.79289245605418,50.5060806274414
-66.78576246310611,50.49028572896553
-66.78017578976994,50.473150736290116
-66.77786316733064,50.468242915652354
-66.77370452880808,50.473541259765604
-66.77059173583933,50.47279357910156
-66.77321332601207,50.43228175079388
-66.77576446533152,50.312908172607415
-66.77281188964793,50.28636169433594
-66.76220703124947,50.25407028198241
-66.75526428222605,50.2504653930664
-66.7448043823237,50.23610687255859
-66.74098968505807,50.23325347900389
-66.73560333251902,50.23001098632812
-66.72796630859324,50.22427749633787
-66.723152160644,50.22712326049803
-66.71395111083933,50.22104263305663
-66.710700988769,50.22424316406249
-66.70532226562447,50.2210235595703
-66.69966125488229,50.22567367553712
-66.69527435302682,50.21672058105468
-66.69215393066355,50.21600341796874
-66.68890380859324,50.21920776367186
-66.68508911132763,50.21636199951169
-66.68097686767526,50.22136306762694
-66.6748886108393,50.21598052978515
-66.66867065429633,50.214561462402344
-66.66541290283152,50.21776580810546
-66.65947723388621,50.20848846435546
-66.6441955566401,50.19707107543945
-66.63542175292915,50.20100021362303
-66.6300430297846,50.197780609130845
-66.62522888183538,50.200618743896484
-66.61886596679633,50.20310592651366
-66.61434173583929,50.19812393188475
-66.61108398437445,50.20133590698243
-66.60740661621038,50.19457626342771
-66.59114074706976,50.18888473510741
-66.58788299560494,50.19208526611327
-66.5784072875971,50.19387435913084
-66.57458496093696,50.191020965576165
-66.57048034667916,50.195987701416
-66.5668029785151,50.189239501953104
-66.55902862548774,50.18747711181639
-66.55407714843696,50.194217681884744
-66.55124664306587,50.20735931396484
-66.5465698242182,50.20629119873046
-66.54091644287054,50.210891723632805
-66.53370666503851,50.21515655517577
-66.53016662597601,50.226142883300774
-66.52323913574162,50.22258758544921
-66.51927947997991,50.2236328125
-66.51531219482366,50.22469329833984
-66.509658813476,50.22930526733396
-66.50117492675726,50.22538757324218
-66.49537658691351,50.23389434814453
-66.48858642578071,50.226432800292955
-66.48477172851508,50.22361373901367
-66.4789657592768,50.23207473754882
-66.4741592407221,50.23491668701172
-66.46736907958928,50.24905776977536
-66.46113586425723,50.24762725830077
-66.44373321533146,50.27302551269529
-66.43327331542912,50.28040695190428
-66.42761993408146,50.28497695922849
-66.42237854003848,50.299434661865234
-66.41926574706973,50.298709869384766
-66.40936279296817,50.31208038330078
-66.40610504150332,50.31524276733397
-66.39279937744082,50.335620880126946
-66.38954162597598,50.33877563476562
-66.38232421874942,50.342952728271484
-66.37906646728459,50.34610748291014
-66.37312316894473,50.35839080810546
-66.36251068115176,50.36960220336912
-66.3461914062494,50.40678787231444
-66.34139251708926,50.40954971313476
-66.33558654785095,50.417934417724595
-66.33045196533145,50.4499053955078
-66.32363128662053,50.463871002197244
-66.31892395019472,50.48421096801757
-66.31581878662048,50.48346710205076
-66.31155395507754,50.49219512939452
-66.29396820068298,50.58151626586914
-66.28885650634705,50.59195709228513
-66.28911590576112,50.64461517333984
-66.28508758544861,50.66701126098631
-66.28742218017517,50.68706130981446
-66.27669525146423,50.75839996337889
-66.26736450195253,50.79501724243164
-66.26521301269472,50.922966003417976
-66.2548599243158,50.982585906982415
-66.25751495361267,51.01246261596679
-66.25605010986267,51.04713821411132
-66.24712371826111,51.07201766967773
-66.24441528320253,51.09855270385742
-66.23358154296812,51.11320877075194
-66.23205566406187,51.13028335571288
-66.22280120849547,51.16283416748046
-66.2171173095697,51.16714096069335
-66.21040344238219,51.176994323730455
-66.21615600585878,51.2427101135254
-66.22167968749937,51.25976181030274
-66.22290039062439,51.285369873046875
-66.22789764404234,51.296455383300774
-66.22738647460878,51.325492858886705
-66.22170257568298,51.32978439331053
-66.23065948486266,51.3575325012207
-66.23014068603455,51.36906433105469
-66.22756195068298,51.374191284179695
-66.22290039062439,51.37289428710936
-66.21186828613219,51.35623550415039
-66.199127197265,51.37798690795898
-66.19464111328062,51.37285995483398
-66.19205474853453,51.37797927856445
-66.187408447265,51.37667465209962
-66.1853332519525,51.38776016235351
-66.18033599853453,51.39413833618163
-66.17481994628844,51.39456558227538
-66.17172241210875,51.39370346069336
-66.16448974609312,51.38006591796874
-66.16206359863219,51.39878082275388
-66.15413665771422,51.417922973632805
-66.1463699340814,51.43321228027342
-66.14171600341734,51.43191146850585
-66.1391220092767,51.43700790405272
-66.13774108886656,51.450195312499986
-66.12929534912047,51.46334457397461
-66.12703704833922,51.47822952270508
-66.11444854736263,51.49596786499024
-66.10607729469628,51.53461819209846
-66.09770551372563,51.56278965840977
-66.09391557067454,51.59063526669157
-66.08618927001886,51.613784790039055
-66.0766362557258,51.65458625970437
-66.04940795898374,51.726943969726555
-66.04416656494075,51.754390716552734
-66.03949000246978,51.795318982765735
-66.03310394287044,51.82069778442383
-66.02764948762928,51.88237776946125
-66.02350855061432,51.91773173585704
-66.01976013183527,51.9325828552246
-66.01601409912044,51.960411071777344
-66.00850677490166,51.98517990112304
-66.00804138183527,52.0101203918457
-65.99665832519464,52.04912948608396
-65.99716186523372,52.08592224121094
-65.98962402343683,52.110622406005874
-65.98933410644464,52.13176345825194
-65.97373962402276,52.20600891113279
-65.97177886962822,52.24395751953124
-65.97302330342407,52.29141066950644
-65.97389221191338,52.339099884033196
-65.96630859374933,52.363677978515625
-65.96426665426306,52.38120824100676
-65.9576568603509,52.43804168701172
-65.96094512939386,52.47957611083983
-65.95674896240168,52.52834320068357
-65.95798996421388,52.574176982289416
-65.96252728319087,52.614767750959764
-65.95478995122555,52.69871249401543
-65.95796377935054,52.726781036495936
-65.95518667974116,52.76249804699396
-65.95964987554196,52.78135409557796
-65.95598220738827,52.92616053728666
-65.93658990052992,52.97797865450093
-65.92583222799522,53.06911264005628
-65.90861408128954,53.14324441860083
-65.90971271410206,53.15135065029027
-65.90542439672927,53.19652300515596
-65.8975587560924,53.222586340540715
-65.8995961369536,53.361666354635965
-65.89843646898485,53.394014987448486
-65.88911437988212,53.44746398925782
-65.87997436523368,53.494232177734375
-65.87769317626885,53.518436431884744
-65.87962341308524,53.538398742675774
-65.87297878563848,53.56951670665701
-65.85685729980399,53.62625503540038
-65.85628509521415,53.66070938110351
-65.85127258300712,53.70310592651367
-65.84795379638604,53.70571899414062
-65.84872436523368,53.73102569580076
-65.84315490722587,53.74433135986328
-65.84103393554618,53.778167724609375
-65.85427856445243,53.817825317382784
-65.85828399658133,53.85401153564454
-65.8669662475579,53.878498077392564
-65.8673095703118,53.897926330566406
-65.88193137825196,53.92494204898282
-65.87999351204105,53.955043825105875
-65.88443381965823,53.9837723102133
-65.87971144298717,54.06238602852935
-65.88090140999026,54.086601289705484
-65.88333857771678,54.12880259883227
-65.87511051292624,54.194796463029654
-65.88009386472804,54.243479740134475
-65.87048967140895,54.26804590423369
-65.87552642822199,54.30227661132812
-65.8802719966952,54.31904819694269
-65.88348904676856,54.33636505181738
-65.8850502763261,54.358243287026376
-65.88852928023235,54.388623536049806
-65.8858589921464,54.416508973061525
-65.8865459233996,54.43650263185366
-65.88431022505655,54.462243378579096
-65.88465529674338,54.49055189077511
-65.89485256982543,54.54960803522159
-65.89363098144462,54.58195495605467
-65.89257049560479,54.620178222656236
-65.89784850991414,54.639774223368896
-65.89683998424464,54.67628369714665
-65.89817834391647,54.72288352672013
-65.89628045842734,54.75519235816135
-65.88945977971639,54.77358682837622
-65.89618127629844,54.80154855933324
-65.91442946763667,54.96011720974012
-65.91803054185542,55.05273424465224
-65.91603926988277,55.06932436306044
-65.92234877916009,55.09146105129287
-65.92463759751946,55.14675890285537
-65.92674843243347,55.205242152327735
-65.951828002929,55.27337646484376
-65.95873260497979,55.29779434204101
-65.959152221679,55.3135414123535
-65.9641036987298,55.321563720703125
-65.98360443115169,55.40031433105468
-65.98819732665949,55.40237808227538
-66.01349639892511,55.48782730102539
-66.0157623291009,55.51029586791992
-66.0131454467767,55.53442382812498
-66.0227508544915,55.61680603027344
-66.04115295410091,55.625293731689446
-66.04737091064386,55.64770126342773
-66.05718994140561,55.654190063476555
-66.06216430663997,55.672119140624986
-66.07508087158139,55.68983459472656
-66.07623447170548,55.70254708673463
-66.08652496337825,55.71667861938477
-66.09481048583919,55.72248077392577
-66.10289001464778,55.751705169677734
-66.11733245849547,55.770229339599595
-66.11988830566344,55.798862457275376
-66.11502838134702,55.81028366088866
-66.11388397216732,55.83522415161133
-66.12103271484312,55.866027832031236
-66.12716674804624,55.86894989013671
-66.13172912597595,55.86130905151366
-66.13351440429625,55.84842681884764
-66.14509582519469,55.83232498168945
-66.15953063964781,55.850921630859375
-66.16871643066345,55.85529327392578
-66.17211914062439,55.86277389526368
-66.17887115478455,55.86795806884765
-66.19142150878845,55.86998748779295
-66.19571685790953,55.87594985961912
-66.20558929443297,55.90230178833008
-66.20532226562437,55.91592025756834
-66.21022033691344,55.91432189941407
-66.2138977050775,55.918067932128906
-66.2252960205072,55.94516372680663
-66.23056030273375,55.96935653686521
-66.2321548461908,55.99967193603515
-66.24662017822205,56.038196563720696
-66.25489807128847,56.04416656494139
-66.25949096679626,56.046405792236314
-66.26135253906187,56.06308364868163
-66.26689147949158,56.073669433593736
-66.27178955078062,56.072109222412095
-66.2760772705072,56.07812881469725
-66.28924560546817,56.08255386352538
-66.30062103271426,56.11972427368163
-66.30399322509705,56.11741256713866
-66.30859374999942,56.11966705322264
-66.31626129150331,56.13330078125
-66.31995391845642,56.14696884155272
-66.31997680664003,56.166778564453125
-66.31263732910097,56.17901611328124
-66.31417846679629,56.18964767456053
-66.30928802490173,56.20109558105467
-66.31420135497989,56.20945739746094
-66.31420898437439,56.21933364868165
-66.32032012939396,56.22237777709961
-66.32981109619082,56.21320343017576
-66.33745574951112,56.21697998046873
-66.34144592285098,56.22684860229492
-66.34604644775331,56.2291259765625
-66.35002899169864,56.22911834716795
-66.35522460937442,56.22377014160157
-66.36442565917909,56.228286743164055
-66.37637329101506,56.26795196533201
-66.38158416747989,56.27253341674804
-66.38710784912051,56.30304718017576
-66.3916931152338,56.30534744262695
-66.39720153808535,56.32597351074217
-66.40088653564395,56.32981491088867
-66.4020996093744,56.34431838989257
-66.39718627929629,56.38556671142577
-66.40420532226504,56.41691970825194
-66.39409637451115,56.433696746826165
-66.39591217040957,56.45050811767577
-66.3906936645502,56.46576309204102
-66.38604736328068,56.50313568115234
-66.38756561279239,56.51383209228514
-66.39123535156192,56.517692565917955
-66.39151763915959,56.533718109130845
-66.38564300537053,56.56653594970702
-66.3956222534174,56.629276275634766
-66.39339447021428,56.66591262817382
-66.39905548095645,56.72252655029297
-66.39921569824162,56.768394470214844
-66.40801239013614,56.796829223632805
-66.41104125976504,56.808376312255845
-66.41462707519474,56.83215332031249
-66.41334533691348,56.84743499755859
-66.41697692871037,56.861259460449226
-66.42364501953067,56.876731872558594
-66.4294357299799,56.8837547302246
-66.43341827392521,56.88384628295898
-66.43828582763614,56.89241027832031
-66.45816802978457,56.968746185302734
-66.46479034423771,56.994232177734375
-66.46441650390568,57.00800704956055
-66.4694976806635,57.0326805114746
-66.47125244140568,57.04959869384763
-66.47363329856677,57.06331680768297
-66.47852325439395,57.067485809326165
-66.48397064208929,57.078399658203125
-66.4882202148432,57.08467483520508
-66.50180053710885,57.121982574462876
-66.50579071044866,57.12211608886718
-66.50572967529241,57.132102966308594
-66.51296997070257,57.1500244140625
-66.51884460449163,57.193252563476555
-66.52980041503851,57.205207824707024
-66.53486633300726,57.230003356933594
-66.55371093749946,57.25230789184569
-66.55702972412055,57.260147094726555
-66.56161499023385,57.262638092041
-66.56684875488227,57.257472991943345
-66.5741577148432,57.26547241210937
-66.57813262939398,57.2656364440918
-66.58266448974554,57.278156280517564
-66.59028625488226,57.28233337402342
-66.59294128417916,57.29785537719725
-66.59599304199166,57.299537658691385
-66.60004425048774,57.28967666625975
-66.61073303222602,57.295551300048814
-66.61272430419866,57.27248382568357
-66.61890411376898,57.26580810546874
-66.62195587158149,57.26748657226561
-66.62527465820258,57.275333404541016
-66.63138580322212,57.27868270874023
-66.64260864257757,57.25059509277342
-66.64559173583933,57.26229095458983
-66.64325714111274,57.28924179077146
-66.64598846435494,57.29475021362303
-66.65123748779244,57.28956604003905
-66.65290069580024,57.270332336425774
-66.65661621093699,57.26430130004882
-66.66086578369088,57.27066040039062
-66.6636581420893,57.266143798828125
-66.66285705566355,57.247558593749986
-66.6659774780268,57.23920059204101
-66.67268371581977,57.244873046875
-66.67574310302682,57.24654388427734
-66.68251037597604,57.28861618041992
-66.68556976318307,57.290283203125
-66.69081878662057,57.285095214843736
-66.69380187988227,57.29683303833008
-66.69991302490182,57.30019378662108
-66.71073913574166,57.28594970703124
-66.7173843383784,57.25524139404296
-66.70867919921824,57.226200103759744
-66.7087936401362,57.206081390380845
-66.71224975585886,57.19381713867187
-66.71051025390572,57.176704406738274
-66.71515655517527,57.16913604736328
-66.72372436523388,57.1717872619629
-66.71926116943308,57.14914703369139
-66.71883392333932,57.11659240722656
-66.72631072997994,57.09437561035156
-66.72369384765572,57.06870651245115
-66.72983551025342,57.00533676147461
-66.72710418701122,56.99982452392577
-66.7224655151362,57.00742721557616
-66.71955108642528,56.97557067871093
-66.7168273925776,56.97006225585936
-66.7134323120112,56.97230148315428
-66.71009826660104,56.96444320678712
-66.70615386962838,56.95426940917968
-66.70846557617136,56.917160034179695
-66.70206451415963,56.907688140869126
-66.70487976074168,56.893058776855455
-66.69852447509713,56.87353897094726
-66.69949340820261,56.86193847656249
-66.70226287841744,56.85736083984374
-66.70624542236277,56.857460021972656
-66.70898437499949,56.862953186035135
-66.71269226074165,56.85684967041015
-66.71710205078074,56.82284927368163
-66.72325897216746,56.81602096557615
-66.72286971138361,56.78956873804206
-66.72055816650338,56.77777862548828
-66.7138671874995,56.755069732666
-66.70986175537058,56.7020263671875
-66.6857681274409,56.658317565917955
-66.68151855468697,56.62050247192383
-66.6724166870112,56.5609130859375
-66.6742248535151,56.53331756591796
-66.68466186523385,56.50774383544921
-66.68236541747996,56.47623825073241
-66.6636810302729,56.43816375732421
-66.63426971435493,56.38865280151366
-66.61855316162054,56.33103179931639
-66.61835479736276,56.285587310791016
-66.60868072509712,56.247669219970696
-66.5986175537104,56.229774475097656
-66.5912170410151,56.206764221191385
-66.6015472412104,56.132572174072266
-66.60609436035102,56.13199234008788
-66.61345672607366,56.12429809570311
-66.61799621581976,56.11662292480467
-66.62406921386665,56.118209838867195
-66.62969207763618,56.11106491088865
-66.63793182372994,56.113723754882805
-66.64486694335885,56.11148071289062
-66.66025543212838,56.10915756225585
-66.66699218749946,56.123863220214844
-66.6752548217768,56.14075088500975
-66.69266510009712,56.19089126586913
-66.73811340331979,56.4135627746582
-66.73429870605418,56.4347686767578
-66.73669433593699,56.4758949279785
-66.74974060058544,56.519672393798814
-66.75980377197214,56.51746368408203
-66.76372528076122,56.488800048828125
-66.76228332519482,56.44739913940428
-66.76963806152293,56.40202331542969
-66.77484130859324,56.407535552978516
-66.79369354247996,56.39036178588868
-66.81703186035107,56.38767623901365
-66.83816528320261,56.412769317626946
-66.85418701171824,56.452533721923835
-66.87069702148389,56.49130630493163
-66.86933898925732,56.5271873474121
-66.86037445068311,56.55972671508789
-66.86335754394483,56.57836532592773
-66.86871337890575,56.60211944580077
-66.85411834716749,56.61972427368164
-66.85657501220655,56.64366149902342
-66.86322021484327,56.685260772705085
-66.8593073562077,56.6860204223958
-66.86590576171825,56.703010559082024
-66.87081909179638,56.70153808593749
-66.87292480468703,56.71483993530272
-66.87757873535107,56.6969757080078
-66.88061523437453,56.708740234375
-66.88431549072217,56.70255279541014
-66.890258789062,56.65895080566404
-66.89546966552686,56.65354919433594
-66.89853668212842,56.65515518188476
-66.90094757080031,56.67472076416015
-66.89842224121047,56.705940246582024
-66.90084075927686,56.715335845947266
-66.90390777587842,56.71695709228515
-66.90789031982374,56.71702575683594
-66.91128540039014,56.714752197265604
-66.91370391845655,56.724166870117166
-66.91922760009733,56.725059509277344
-66.9423522949214,56.66295242309569
-66.94848632812453,56.619407653808594
-66.94382476806592,56.53541564941405
-66.93579101562453,56.46721267700193
-66.9316558837886,56.43210220336914
-66.9267044067378,56.281314849853516
-66.92700195312452,56.21135711669921
-66.92239379882764,56.1782112121582
-66.92707824706982,56.139892578125
-66.93747711181594,56.1092758178711
-66.9487457275386,56.13026809692381
-66.95671844482375,56.16058731079101
-66.96074676513625,56.24159622192382
-66.96604919433547,56.27281951904296
-66.96770477294875,56.28463745117187
-66.98126220703078,56.27617645263671
-66.9964752197261,56.2685432434082
-67.00474548339795,56.27275466918943
-67.00938415527297,56.290512084960945
-67.01202392578078,56.333660125732415
-67.01433563232375,56.34804916381837
-67.02260589599565,56.341289520263665
-67.07089996337845,56.25143814086913
-67.09302520751908,56.18769454956055
-67.11779785156206,56.14505767822265
-67.15398406982376,56.00855255126953
-67.18219757080034,55.9075698852539
-67.19335937499957,55.87324905395506
-67.20276641845659,55.865169525146484
-67.21059417724565,55.88123321533203
-67.21417236328082,55.91958236694337
-67.2105102539058,55.97983169555662
-67.19662475585895,56.07259750366211
-67.18906402587848,56.10977554321288
-67.1839904785152,56.15373229980468
-67.18369293212848,56.18570709228514
-67.18140411376908,56.22663879394531
-67.19512939453082,56.215923309326165
-67.23649597167925,56.20378494262694
-67.2823562622066,56.18325424194336
-67.3279571533199,56.16096115112303
-67.34355926513632,56.15618133544922
-67.3455886840816,56.19731521606444
-67.30681610107378,56.24397659301757
-67.27893829345662,56.27566146850584
-67.24652099609332,56.3135871887207
-67.2071609497066,56.36581802368163
-67.15689086914017,56.46091842651366
-67.12434387206987,56.527015686035156
-67.08822631835892,56.64509582519531
-67.07129669189408,56.73221969604492
-67.0586318969722,56.81379699707029
-67.05690002441362,56.834953308105455
-67.06264495849565,56.84908294677735
-67.06509399414016,56.855926513671875
-67.05449676513625,56.859058380126946
-67.05693054199173,56.87141036987303
-67.06401824951125,56.87964630126952
-67.0686187744136,56.88654708862305
-67.06853485107378,56.90859985351561
-67.06568145751908,56.917007446289055
-67.05510711669876,56.91460037231444
-67.0442047119136,56.921379089355455
-67.03304290771439,56.95630645751952
-67.01504516601516,57.01804733276367
-67.00615692138625,57.06303787231444
-66.98449707031203,57.05590820312499
-66.96279907226517,57.02322006225585
-66.95989227294875,56.98781204223632
-66.9597854614253,56.90843200683593
-66.94141387939405,56.82655715942381
-66.91426849365186,56.96651077270507
-66.911094726329,56.96649389423232
-66.90985587728385,56.98185117866248
-66.90707877767449,56.98645933295934
-66.90340903890497,56.98243101264684
-66.89844993245963,56.994020062939825
-66.89418070266905,57.010459883452604
-66.89520890433514,57.040676790982474
-66.8943986489726,57.06503458586031
-66.89770236628502,57.07767294456938
-66.90603255331408,57.08069156620054
-66.91564328510457,57.099520366659775
-66.92226706463936,57.12447443713685
-66.93451987225656,57.13116541614075
-66.93849478680733,57.13130274524231
-66.94679556805733,57.12768259753723
-66.95111380536201,57.12390604724426
-66.96161897172166,57.121985241486094
-66.97921416372608,57.09161678695985
-67.00603366968024,57.115147689283134
-67.03175712446216,57.09684534990771
-67.03423490988413,57.0878830831094
-67.05114542003184,57.064698857133635
-67.05598441364869,57.068825159851166
-67.0612944564604,57.06730663760267
-67.06680208850555,57.07032534230001
-67.06983254244597,57.08232468572782
-67.0688096747136,57.10834662932001
-67.07227545421217,57.197420255443724
-67.07572694265424,57.211157082292296
-67.0841035236373,57.21432948974608
-67.08305722446131,57.24036193274257
-67.0921478405238,57.303119845385766
-67.08969330034431,57.33873340735861
-67.08709496896074,57.36242630309276
-67.08001033212622,57.36435959887921
-67.06967754983627,57.35707365956537
-67.0642279690504,57.346623348869485
-67.05839902943423,57.32710096924859
-67.051897312734,57.30869099678901
-67.04706516985142,57.30451359062312
-67.03566977890306,57.32323943749474
-67.02593905474383,57.35615851523503
-67.03298211724737,57.4486815918279
-67.03262414476086,57.46619720777386
-67.03434492193433,57.49965984054927
-67.02787301719445,57.53437678627231
-67.01828259617348,57.545157563822315
-67.01168647127574,57.5414031884064
-67.01144227646024,57.51765609203831
-67.00637273930862,57.51625286353057
-66.99780273437452,57.54013061523436
-66.99100494384719,57.58133697509763
-66.99802398681594,57.6201934814453
-66.99884033203078,57.66575241088867
-67.00366973876906,57.674686431884766
-67.00646972656203,57.670135498046875
-67.0106124877925,57.68687820434568
-67.01239776611281,57.69405364990235
-67.01731109619094,57.69278335571289
-67.0168151855464,57.743812561035156
-67.02365875244097,57.766242980957024
-67.02774810790969,57.75628662109375
-67.03011322021437,57.76586914062499
-67.03073883056594,57.7949981689453
-67.03697967529251,57.81506729125975
-67.03417205810501,57.81959533691406
-67.03489685058547,57.83850860595703
-67.03981781005812,57.83726882934569
-67.04311370849562,57.84535598754883
-67.04450988769486,57.829730987548814
-67.04943084716751,57.828487396240206
-67.05224609374953,57.82396697998047
-67.05989837646437,57.85517883300781
-67.0625381469722,57.92460250854491
-67.06793212890578,57.93601989746091
-67.07416534423783,57.9561767578125
-67.07779693603472,57.98715209960937
-67.08213806152298,57.9835395812988
-67.08518981933547,57.985347747802734
-67.08753967285111,57.99497985839844
-67.09469604492142,57.98684310913085
-67.10231781005812,57.99136734008789
-67.10947418212847,58.01004791259765
-67.10724639892533,58.01697158813475
-67.10208129882766,58.01184844970703
-67.0983276367183,58.01786804199219
-67.0982055664058,58.02810668945311
-67.10337066650347,58.033233642578125
-67.1067733764644,58.03113174438474
-67.1091156005855,58.040775299072266
-67.0940780639644,58.06484603881835
-67.09103526758395,58.098208071745084
-67.09431181815009,58.119462091162504
-67.0985179804971,58.13682670666833
-67.10787926109974,58.148379675566325
-67.1180091887468,58.15148686644344
-67.1288161525895,58.1535164459201
-67.138269894288,58.157709724292204
-67.14858549661788,58.14605370031584
-67.16230020675802,58.10962636520182
-67.17270229540449,58.0905413505652
-67.18723807079003,58.07689347702143
-67.19628437881862,58.059945057972655
-67.19612409705778,58.03599593143203
-67.19900011230564,58.016839887672454
-67.21310592304157,58.02077586553693
-67.22197596441153,58.018606630604026
-67.2282278877718,58.01338067076617
-67.22983041225281,58.02777303394979
-67.22872682613858,58.04652237694498
-67.22491550368805,58.069621194200245
-67.21890517006467,58.091394749514166
-67.21535673782574,58.09225090369477
-67.20910230590766,58.09745163777599
-67.19920940824157,58.11090609226637
-67.19893684903424,58.13311445686459
-67.19452790190161,58.149849891882376
-67.18866976201976,58.176143787608396
-67.16880376715058,58.214447111674204
-67.15216412795603,58.24646444231068
-67.13593784498197,58.25301207101674
-67.10961540254858,58.246190470119735
-67.097418913693,58.23617359791016
-67.0980353974496,58.249179227351966
-67.12100931957012,58.2728530781834
-67.12478637695268,58.28355407714841
-67.13158693424849,58.28842541604429
-67.13722252320377,58.32185578285658
-67.14486713264449,58.34176803930933
-67.15072631835895,58.386226654052706
-67.14862060546831,58.42634201049805
-67.15507507324175,58.42616271972657
-67.15964508056598,58.42897033691405
-67.16363525390581,58.42935180664062
-67.16987609863237,58.422821044921875
-67.17292022705034,58.424701690673814
-67.1821206754681,58.419842495700316
-67.19111750377306,58.43204705709329
-67.19752459950446,58.44934353338888
-67.19270324706989,58.48042297363279
-67.19711303710895,58.49353408813475
-67.19282531738239,58.51369857788084
-67.1884613037105,58.517230987548835
-67.18541717529253,58.51534271240231
-67.18222045898393,58.52373123168946
-67.17791748046834,58.543880462646484
-67.17577362060504,58.58403015136718
-67.1725692749019,58.59241104125976
-67.17172241210893,58.627132415771484
-67.16945648193315,58.63400650024415
-67.16641235351517,58.632125854492195
-67.16358184814409,58.636573791503906
-67.15831756591753,58.65816497802734
-67.15219116210893,58.71444320678711
-67.15391540527298,58.7217445373535
-67.15731811523392,58.71974563598633
-67.16347503662067,58.75679779052734
-67.15496063232378,58.7700958251953
-67.15765380859332,58.792541503906236
-67.15483856201128,58.81358337402342
-67.16323852539018,58.84379577636719
-67.16365051269489,58.87310409545899
-67.17144775390581,58.884296417236314
-67.17927551269487,58.92874908447264
-67.18686676025348,58.933597564697266
-67.18897247314409,58.95365905761719
-67.19352722167925,58.95658111572265
-67.20075988769486,58.98200988769532
-67.20379638671831,58.98395538330078
-67.21025085449175,58.983943939208984
-67.21291351318315,58.98981094360352
-67.21633148193317,58.98784255981444
-67.22239685058551,58.991748809814446
-67.22621917724567,59.00251388549805
-67.23475646972614,59.005935668945305
-67.23456573486285,59.03290939331054
-67.247291564941,59.05988693237304
-67.24311065673787,59.08637619018554
-67.24594879150347,59.098636627197244
-67.25885772705035,59.11536407470703
-67.26342773437459,59.10163497924804
-67.26000976562457,59.08690261840819
-67.25411987304645,59.089332580566406
-67.25355529785115,59.07018661499022
-67.25679016113239,59.06186294555664
-67.26286315917926,59.06579589843751
-67.2693176269527,59.06580352783202
-67.27748870849565,59.03977966308593
-67.28660583496051,59.04567337036132
-67.28831481933553,59.069759368896484
-67.29363250732379,59.06485366821289
-67.29382324218706,59.054534912109375
-67.29781341552692,59.05503082275389
-67.30066680908162,59.050605773925774
-67.30788421630818,59.02600479125975
-67.3116760253902,58.98665618896484
-67.31127929687459,58.95713424682617
-67.30499267578095,58.93011474609374
-67.30512149829644,58.91642188024093
-67.29646099077237,58.86728469475029
-67.2868660242043,58.84613653097244
-67.28003998550281,58.78957269880811
-67.27578855150627,58.760959814279715
-67.26224173101858,58.7116042775791
-67.25810689896292,58.671885878825464
-67.26095963394198,58.651432324355184
-67.26540494368211,58.641023930257454
-67.2723067537851,58.62809381431823
-67.28408753374505,58.618314597899364
-67.2896012492425,58.61785678601963
-67.2994088249658,58.6301913344319
-67.30597638288137,58.64376044037555
-67.30966709658938,58.65267773814123
-67.31620259834457,58.665659395292415
-67.31776898089517,58.685595665815434
-67.33275093221273,58.73239511286371
-67.33567440342962,58.759934436678456
-67.34106780122494,58.79496833761815
-67.35194822539559,58.84487711795836
-67.35373687744101,58.85050964355467
-67.35567474365193,58.881061553955085
-67.3613815307613,58.888908386230476
-67.36420002744444,58.90701531675134
-67.36910282012077,58.92227794239393
-67.37552898787021,58.91558259932151
-67.38230895996054,58.92331695556639
-67.38117980956989,58.93516159057616
-67.38499450683553,58.96279144287109
-67.38840484619102,58.96080780029297
-67.39089965820274,58.97708511352539
-67.39602661132773,58.98250961303709
-67.40039825439412,58.995841979980476
-67.40800476074182,59.00076675415038
-67.41028594970665,59.01065063476562
-67.40648651123004,59.016586303710945
-67.40649329105484,59.0312810165158
-67.41085815429646,59.029911041259766
-67.41446685790976,59.03436279296873
-67.41731262206991,59.02992248535156
-67.41998291015585,59.03583908081053
-67.42549133300741,59.03733444213867
-67.42776489257773,59.04723358154297
-67.42770884117222,59.06042936419804
-67.42929022638877,59.07805793534725
-67.43364715576132,59.09521484374999
-67.4319305419918,59.10460662841797
-67.42850494384726,59.123390197753906
-67.42355395492876,59.136935364416175
-67.428688049316,59.13376998901367
-67.43917083740195,59.13422775268554
-67.45265960693321,59.13373947143554
-67.46083068847616,59.130340576171875
-67.46542358398398,59.12225341796874
-67.46701049804646,59.10577392578126
-67.46839141845663,59.08214569091797
-67.46702575683555,59.06840515136718
-67.46434020996054,59.04738235473633
-67.46528625488241,59.02815246582031
-67.47150421142538,59.00533676147461
-67.47698211669884,58.99021148681639
-67.4865188598629,58.98647689819335
-67.48957824706993,58.99664688110351
-67.49105834960899,59.042034149169915
-67.49964904785116,59.04822540283203
-67.50853729248007,59.065303802490234
-67.51036834716759,59.10981750488282
-67.50453186035116,59.16117095947263
-67.50222015380821,59.17978286743165
-67.49913024902305,59.21168136596678
-67.48495483398399,59.24676895141601
-67.48160552978477,59.26969528198242
-67.48553466796835,59.28224945068357
-67.49596405029259,59.285667419433594
-67.52288818359337,59.34754562377929
-67.53988647460899,59.405269622802734
-67.55506134033165,59.43132019042969
-67.57346343994104,59.462665557861335
-67.5814361572262,59.47925186157226
-67.5893249511715,59.50333023071287
-67.5938644409176,59.52349472045898
-67.59645843505821,59.54757308959959
-67.59616851806604,59.56675720214842
-67.59615325927696,59.59034729003906
-67.58718109130822,59.612659454345696
-67.57437133789024,59.612937927246065
-67.55872344970665,59.56198501586915
-67.52952575683555,59.51453399658201
-67.51865386962852,59.51356887817382
-67.50941467285118,59.534290313720696
-67.51077270507774,59.55455780029296
-67.52198028564415,59.58856964111326
-67.51978302001915,59.62638854980469
-67.50939178466759,59.66740798950195
-67.50059509277305,59.701278686523445
-67.49024963378866,59.717060089111335
-67.4798507690426,59.7087631225586
-67.45709991455038,59.68032455444336
-67.44390106201132,59.68652725219726
-67.44075775146457,59.64752197265625
-67.4349365234371,59.63301086425781
-67.430152893066,59.64029693603515
-67.43104553222616,59.65565872192383
-67.42243957519491,59.668766021728516
-67.41620635986288,59.658206939697266
-67.41317749023395,59.65614318847656
-67.41419982910116,59.63787841796875
-67.40892791748009,59.62587738037109
-67.40303039550741,59.62819290161132
-67.39808654785116,59.62904739379881
-67.39274597167928,59.633842468261726
-67.39363098144491,59.64917755126953
-67.38973999023398,59.67177581787109
-67.39780426025351,59.696216583251925
-67.39573669433553,59.732704162597656
-67.40243749018401,59.82441768042088
-67.39918371691492,59.83826354025919
-67.39585925022347,59.85807288124186
-67.3924581889262,59.88424074896446
-67.39750618799539,60.00761292482058
-67.40346273902995,60.05781163756601
-67.3990478515621,60.103794097900376
-67.3980762211385,60.13773025023357
-67.39514772475907,60.15312220355321
-67.38948059081993,60.1645622253418
-67.3867645263668,60.2216911315918
-67.38002777099568,60.25490570068359
-67.38205851983413,60.31186135266728
-67.37657165527303,60.32628631591797
-67.37167652569643,60.34748810153538
-67.3772860116258,60.346128721642266
-67.38456445400863,60.3618719772575
-67.3901367187496,60.382385253906236
-67.38558959960898,60.402355194091754
-67.37512969970663,60.42440414428712
-67.36202805066503,60.458754688304474
-67.36530869031347,60.47376933674199
-67.37326614880955,60.475268512767364
-67.37889664197363,60.48355022053104
-67.3823298695127,60.481799274486114
-67.38451187634864,60.491820484202925
-67.38419921972684,60.52572947667128
-67.39104395809989,60.56649869195129
-67.39270201432183,60.61919851278281
-67.39922514664603,60.649334621181254
-67.40223875748588,60.65151281331992
-67.40899840104058,60.64162893270468
-67.41256132828667,60.646336269130465
-67.41600218522028,60.6446120259664
-67.43199920654254,60.69819259643555
-67.43610382080038,60.70542526245117
-67.43766021728477,60.736228942871094
-67.44261169433553,60.735618591308565
-67.44573974609335,60.74428939819336
-67.44542694091756,60.75466156005859
-67.43673706054646,60.76734542846679
-67.4311523437496,60.78868484497071
-67.43374633789023,60.79482269287106
-67.43965148925741,60.792823791503906
-67.43703002308649,60.802895697086555
-67.43547821044884,60.80882644653321
-67.42925262451132,60.82118988037107
-67.41978454589804,60.81844329833983
-67.42021942138632,60.84420013427733
-67.41689300537071,60.85232925415039
-67.42249298095663,60.86071014404297
-67.4197006225582,60.871356964111335
-67.4241256713863,60.86825561523436
-67.42713165283163,60.870494842529304
-67.43401336669882,60.86711502075196
-67.44403076171835,60.87240219116211
-67.44661712646445,60.878562927246094
-67.4569549560543,60.87347412109376
-67.45996856689415,60.87570571899413
-67.46437835693321,60.902351379394524
-67.46320343017538,60.920600891113274
-67.46858978271445,60.94584655761717
-67.47171020507773,60.95454788208008
-67.48344421386682,60.94416046142577
-67.48828124999962,60.96690368652343
-67.48107910156212,60.98065185546874
-67.4778366088863,60.99525451660156
-67.46729278564415,60.98737335205077
-67.46663665771446,61.00814437866211
-67.46135711669882,61.019065856933594
-67.46296691894491,61.02664947509766
-67.46694946289023,61.0275001525879
-67.46968478424539,61.01315048993259
-67.47502899169884,61.00592422485351
-67.47966003417929,61.015754699707
-67.48762512206991,61.0174674987793
-67.49170684814415,61.024784088134766
-67.4902479089555,61.044701155297844
-67.4950408935543,61.04642868041992
-67.49664306640587,61.05402374267579
-67.48865509033165,61.08206939697264
-67.49949645996057,61.109409332275376
-67.50314331054649,61.12067794799805
-67.50572204589804,61.126873016357415
-67.50320434570273,61.15692520141602
-67.50588226318321,61.169605255126946
-67.51250457763634,61.17599487304686
-67.51718139648399,61.171253204345696
-67.51988983154259,61.16438674926758
-67.52237701415976,61.15735244750976
-67.5263137817379,61.14822387695313
-67.53043365478477,61.146244049072266
-67.53352355956993,61.149215698242195
-67.53635406494104,61.150085449218736
-67.54046630859338,61.14267730712888
-67.54298400878868,61.13310623168946
-67.54811096191368,61.12422943115234
-67.55175018310509,61.119964599609354
-67.55503082275352,61.12117004394531
-67.55758666992149,61.12342071533203
-67.56081390380821,61.13064956665038
-67.56204986572227,61.14371490478514
-67.56230926513632,61.155715942382805
-67.55912780761679,61.165748596191406
-67.55020904540977,61.18897628784178
-67.5490646362301,61.2015037536621
-67.55194091796835,61.21071243286133
-67.55752563476526,61.21751785278321
-67.56465911865196,61.22358703613281
-67.57615661621055,61.22883224487304
-67.58174133300741,61.23564529418945
-67.5866851806637,61.24932861328124
-67.59173583984337,61.270778656005845
-67.59402465820276,61.285320281982415
-67.59359741210899,61.29682540893555
-67.59207916259727,61.310379028320305
-67.59047698974571,61.32258224487304
-67.58701324462854,61.324081420898445
-67.5798263549801,61.329433441162095
-67.57662963867149,61.33945083618164
-67.57415771484338,61.34842300415039
-67.57073974609337,61.34589767456055
-67.56726837158166,61.34888458251953
-67.56565856933557,61.361068725585945
-67.56425229434474,61.39385640236165
-67.55752563476526,61.41611862182618
-67.5577850341793,61.43556594848633
-67.56185150146446,61.442989349365234
-67.56113433837852,61.463829040527344
-67.56937408447226,61.44878768920898
-67.5725555419918,61.46408843994141
-67.56837463378868,61.48655319213867
-67.56192779540977,61.48582077026367
-67.55802154540977,61.49136734008788
-67.56172943115196,61.50922012329103
-67.54853057861291,61.52464294433593
-67.54612731933555,61.53134536743163
-67.54321289062462,61.535491943359375
-67.54397583007774,61.55748367309571
-67.54016876220665,61.56947708129883
-67.54085540771445,61.58498001098633
-67.5340576171871,61.63742446899413
-67.53871154785118,61.653900146484375
-67.53947448730432,61.67588424682617
-67.5425491333004,61.684707641601555
-67.54855346679649,61.689422607421875
-67.55223846435507,61.707298278808615
-67.55110931396446,61.73853302001953
-67.54403686523399,61.77150726318359
-67.55001068115195,61.81905364990235
-67.54508209228477,61.86870193481447
-67.54678344726523,61.88934326171875
-67.5423507690426,61.89223861694336
-67.54144287109337,61.900085449218764
-67.54705810546837,61.91526794433594
-67.54325866699182,61.93368148803711
-67.54895019531212,61.95534896850586
-67.54756927490195,61.967117309570305
-67.55238030220941,62.00555257013521
-67.55142974853476,62.06027221679689
-67.56013488769494,62.09087371826172
-67.55828857421835,62.106563568115234
-67.56963348388635,62.156513214111335
-67.56627655029257,62.17098617553711
-67.56835174560509,62.181243896484375
-67.57872009277307,62.17676162719728
-67.58219146728479,62.17525863647462
-67.58385467529259,62.1959571838379
-67.58722699648979,62.214208863873864
-67.58870697021447,62.245052337646484
-67.59129333496055,62.25791168212891
-67.59526824951135,62.25900650024415
-67.5979461669918,62.28485870361327
-67.59701538085899,62.29270553588867
-67.59258270263632,62.295524597167976
-67.594254971497,62.30895502044983
-67.58935546874963,62.32949829101563
-67.59927368164024,62.32898712158204
-67.60259246826135,62.376930236816406
-67.60815429687462,62.392269134521484
-67.61432893112934,62.38577710358866
-67.62204742431604,62.392906188964844
-67.62751770019494,62.395240783691406
-67.6305084228512,62.397705078125
-67.63217926025355,62.42496490478517
-67.6278228759762,62.4407958984375
-67.62744140624963,62.45773696899415
-67.63973236083949,62.51969909667969
-67.63788604736293,62.54191970825195
-67.64907073974574,62.59226989746093
-67.64868164062464,62.60922241210938
-67.65167236328088,62.6117172241211
-67.65473175048791,62.62724304199219
-67.6611480712887,62.62179946899415
-67.66223907470666,62.63999938964844
-67.66084289550744,62.65830612182617
-67.64949798583947,62.670436859130845
-67.64858245849571,62.6847915649414
-67.65319061279261,62.714614868164055
-67.64835357665977,62.740833282470696
-67.6434249877926,62.74750137329102
-67.64021301269496,62.807502746582024
-67.63726043701134,62.81150054931641
-67.63475036621057,62.80505752563477
-67.6312866210934,62.80645751953125
-67.62632751464807,62.806602478027344
-67.623870849609,62.81317901611329
-67.62297821044886,62.83401870727538
-67.61949920654257,62.83542633056641
-67.6145706176754,62.842063903808594
-67.61305236816368,62.83429718017578
-67.61009216308557,62.838279724121094
-67.60234832763634,62.88789367675781
-67.60241699218712,62.907386779785156
-67.59550476074182,62.916664123535156
-67.59404754638634,62.92839050292969
-67.58222961425743,62.95074462890625
-67.58080291748009,62.96896743774414
-67.57389068603479,62.97819519042968
-67.5685043334957,63.00167083740234
-67.56108856201136,63.0083122253418
-67.55968475341759,63.03947830200195
-67.5527801513668,63.04867172241212
-67.55229949951132,63.05906677246094
-67.54389190673788,63.06698989868164
-67.54196166992149,63.08905792236328
-67.53060150146445,63.10738372802734
-67.52855283028471,63.12611914770383
-67.53421783447226,63.18379211425781
-67.52782440185509,63.21495056152344
-67.52640533447227,63.26549530029297
-67.51898193359335,63.278507232666016
-67.51259613037071,63.34846115112305
-67.5046844482418,63.37825393676758
-67.5121231079098,63.423561096191406
-67.49824523925743,63.48048782348633
-67.50070953369102,63.50637435913087
-67.49424743652304,63.53740310668946
-67.50807952880822,63.58406829833984
-67.50207519531212,63.63707733154298
-67.50991058349571,63.691520690917976
-67.51485443115196,63.70453262329101
-67.51136016845663,63.71873092651368
-67.51380157470666,63.73819351196289
-67.5112762451168,63.76404571533203
-67.51719665527304,63.77579116821291
-67.52307891845665,63.80049133300781
-67.53295135498009,63.81360244750975
-67.53490447998007,63.824012756347656
-67.52993774414024,63.83039093017579
-67.52782440185509,63.87831497192383
-67.52328491210899,63.90023040771485
-67.52619934081993,63.92232131958007
-67.52461242675743,63.95337677001953
-67.52998352050743,63.97552871704103
-67.52738189697229,64.00785827636719
-67.53177642822226,64.02481842041016
-67.54705810546837,64.04727935791016
-67.54549407958946,64.06538391113281
-67.55172351081323,64.14347553769025
-67.55009082038355,64.17456532040508
-67.54987985063177,64.20914792411557
-67.56523975593959,64.21120324861612
-67.56268591419787,64.23642911604767
-67.56137856767552,64.26339283700263
-67.56539778675027,64.28665666355415
-67.57010370670395,64.3180351658836
-67.57592010498009,64.32337188720703
-67.58751678466759,64.37322235107422
-67.59088134765587,64.39155578613281
-67.58927154540977,64.40968322753908
-67.59472449779848,64.42078006891032
-67.59548950195274,64.4437484741211
-67.59944915771446,64.44523620605469
-67.60588073730432,64.44682312011719
-67.60675048828088,64.46508026123047
-67.61353302001916,64.48881530761719
-67.6112976074215,64.5238265991211
-67.6136322021481,64.54345703125
-67.6154193309907,64.54915381975663
-67.6202792553071,64.56242133684648
-67.61964601556102,64.5793204457332
-67.61514282226523,64.6059799194336
-67.61942291259729,64.62963104248047
-67.62880706787072,64.6340560913086
-67.63598768946748,64.65058238102473
-67.64858245849571,64.70291137695312
-67.6532911236477,64.72927340691747
-67.66282653808557,64.77545166015625
-67.66174761956177,64.80154130195626
-67.66442871093714,64.81858825683594
-67.66190783684691,64.83677384590158
-67.6626097411438,64.86811539863595
-67.663421630859,64.92284393310547
-67.6614424437805,64.9371690485383
-67.66956054685025,64.97442094712142
-67.66954040527307,65.00543212890625
-67.67386206473756,65.04668170444236
-67.67046983318755,65.14461934848408
-67.6766995884509,65.1554311234044
-67.67679114118528,65.19067892613877
-67.68097204938839,65.21451315465441
-67.6777982212634,65.23122915807237
-67.68054199218713,65.26206207275392
-67.67534637451135,65.28119659423828
-67.67695617675744,65.31136322021484
-67.67331695556604,65.32539367675781
-67.67342111297573,65.36030377240051
-67.67698138752601,65.38136749978544
-67.68164935988918,65.41745379948124
-67.68022155761683,65.44218444824219
-67.68309400041562,65.48802391909314
-67.68560028076136,65.5575942993164
-67.68891212133147,65.60695147303935
-67.6941817568133,65.62919980797044
-67.70357370355043,65.67960914126805
-67.70748758294496,65.71662696353366
-67.70526742913636,65.73208411685398
-67.71629953362856,65.7894876813071
-67.71624612786684,65.82480414859225
-67.7259928246238,65.8782232906757
-67.73396301269497,65.93275451660156
-67.74033054283309,65.97038378506589
-67.74155527021082,66.0200310517303
-67.74470621015223,66.03874595651546
-67.74256235028895,66.04765708932797
-67.74876717860887,66.10617196649855
-67.75990609462448,66.12196481317825
-67.76260690028856,66.13803231806105
-67.76383523280809,66.15261209101027
-67.75455788905809,66.19864785761183
-67.75669246078131,66.21738193135215
-67.75119882489832,66.25837333688655
-67.7528544035116,66.27563865671077
-67.75946145917568,66.29355247507016
-67.75820260907801,66.30781181344905
-67.76132303144131,66.32658012399592
-67.75936227704676,66.3512306977264
-67.76069329900166,66.37525901567332
-67.76271921064053,66.40807731637874
-67.75884347821862,66.42851646432796
-67.7625208463827,66.44346244821466
-67.76559987351246,66.45413789234415
-67.76730122849293,66.4937268205668
-67.77366749102428,66.5117883361407
-67.7752665651862,66.54421867025064
-67.77772567921679,66.59135247691688
-67.77774047851528,66.63980102539062
-67.78271199051105,66.69446656079793
-67.7960052490231,66.71475982666016
-67.79266357421841,66.7313232421875
-67.78756713867152,66.73712158203125
-67.78028106689418,66.72945404052734
-67.77840423583949,66.74752807617188
-67.77010345458949,66.7633285522461
-67.77039337158169,66.81718444824219
-67.77001800860315,66.84395660929711
-67.77571391418144,66.87576868044813
-67.78639984130825,66.8787841796875
-67.78813934326138,66.88955688476564
-67.78551483154261,66.89571380615234
-67.78260040283168,66.89262390136719
-67.7775039672848,66.89838409423828
-67.77268218994105,66.91334533691406
-67.77412414550746,66.93721008300781
-67.76828002929652,66.95333862304688
-67.76705169677699,67.00563049316406
-67.7594375610348,67.03324127197267
-67.7630462646481,67.04828643798828
-67.75672912597621,67.0839614868164
-67.75782012939418,67.1208724975586
-67.76396179199183,67.1744155883789
-67.76691150053016,67.18672718065497
-67.77243349491336,67.2578512806734
-67.7773555849339,67.25990974977253
-67.78019371969951,67.28538429811238
-67.78455010397687,67.29009163453816
-67.78549614889873,67.31128609254597
-67.7878078554417,67.31826698854206
-67.79490202037447,67.33412007689115
-67.8028244203374,67.34067764552607
-67.81002415546284,67.363536980962
-67.82392120361294,67.41645812988283
-67.82415771484341,67.4638900756836
-67.82933044433558,67.51227569580078
-67.82206726074186,67.59648132324219
-67.82854763403478,67.62967321194844
-67.82447353735509,67.70396062649922
-67.82808224096837,67.73497411526876
-67.82463375464025,67.7514154604836
-67.83134762182775,67.79491826810079
-67.83119503393712,67.81728765286643
-67.8351165427262,67.81940099515157
-67.83679500952306,67.83028814114766
-67.83336941137851,67.86254522122579
-67.83468929663242,67.90234777249532
-67.831408656984,67.91221257962422
-67.83204580747848,67.96829649346914
-67.83682909729652,68.0024985900881
-67.84193420410122,68.04457092285156
-67.85039520263636,68.0608901977539
-67.8520584106442,68.08763885498047
-67.8554643155501,68.0956254419778
-67.86054992675747,68.15150451660156
-67.8630218505856,68.16789245605469
-67.8670752893397,68.18317976768293
-67.87769996784475,68.205328208699
-67.88156890869105,68.2274627685547
-67.8848724365231,68.23348236083984
-67.88443756103483,68.2783203125
-67.88793945312466,68.27778625488281
-67.89778900146453,68.34349060058594
-67.89404296874966,68.36643981933594
-67.89648437499964,68.39874267578125
-67.88587951660124,68.4637222290039
-67.880088806152,68.47293853759766
-67.87880706787075,68.49644470214844
-67.87281036376919,68.51219940185547
-67.87605285644497,68.53411865234375
-67.87247467040983,68.56631469726562
-67.87467193603483,68.58930969238281
-67.87049865722621,68.60945892333986
-67.87437438964808,68.62757110595703
-67.8698806762692,68.68594360351562
-67.87826538085905,68.7593994140625
-67.88481903076138,68.7716064453125
-67.88683319091761,68.78533935546875
-67.88468933105435,68.80332946777344
-67.87699127197233,68.82388305664064
-67.87979125976528,68.84310913085938
-67.87936663567929,68.90251113812113
-67.87171173095669,68.94287872314453
-67.86717224121061,68.9853515625
-67.85928344726527,68.99652862548828
-67.85999298095669,69.01786041259766
-67.85728454589811,69.02376556396484
-67.85414886474577,69.06787872314453
-67.83930206298794,69.10494995117188
-67.82321166992153,69.17462158203126
-67.80765533447232,69.19026947021484
-67.79792785644496,69.19691467285156
-67.79506683349574,69.19351959228516
-67.79092407226528,69.19767761230469
-67.78519439697232,69.19088745117188
-67.76284463636694,69.20268156989037
-67.74620819091763,69.25812530517578
-67.73560333251918,69.29998016357422
-67.72993469238246,69.34313201904297
-67.7294311523434,69.3811264038086
-67.72982156526353,69.4128200438339
-67.72427171205094,69.4530213711804
-67.7314028529511,69.52890715598951
-67.74183656165668,69.60402709563634
-67.75794832139373,69.63795279641035
-67.76470033555387,69.64382743019941
-67.77117769151091,69.65623282570722
-67.77506868272184,69.65866660256269
-67.77895204453826,69.66111563820722
-67.78350679307341,69.65978812355878
-67.79118196397185,69.65538596291425
-67.79675905137418,69.65304373879316
-67.80754701524137,69.6455821909416
-67.81066743760465,69.64252280373456
-67.81352083115935,69.64597129006269
-67.81664125352265,69.64291953225019
-67.81988374619841,69.64913748879316
-67.82404176621795,69.64504813332441
-67.82832185654998,69.65024375100019
-67.83325044541715,69.651662818383
-67.83637086778043,69.64859580178145
-67.85699312119841,69.66909598488691
-67.8646301451242,69.68984030861738
-67.86813203721402,69.6895275034416
-67.87201539903047,69.69199179787519
-67.87526552110076,69.69821738381269
-67.88632814317107,69.68421744484785
-67.88918153672576,69.68770407814863
-67.89645234971405,69.6805400766838
-67.89881746201873,69.671926490258
-67.92794649033905,69.64322470803143
-67.93353883653046,69.64085196633222
-67.94602815537813,69.62851523537519
-67.95381013779999,69.63342093605878
-67.96291200547577,69.63073538918378
-67.96642152696016,69.63042258400802
-67.97057954697968,69.62630271096113
-67.97486726670623,69.63152884621503
-67.98631135850312,69.6201915659416
-67.99098054795626,69.62820243019941
-68.00670885535938,69.6128485374544
-68.01660026404427,69.61167699124395
-68.03028074559687,69.6007864402257
-68.03313413915156,69.60427307352647
-68.03625456151482,69.60117553934678
-68.04015318212029,69.60363220438585
-68.04820982274529,69.60194610819444
-68.05249754247185,69.60719513163194
-68.05952421483516,69.60653900370225
-68.0623699789953,69.61003326639758
-68.06796232518673,69.60765289530381
-68.07717100438593,69.61432098612413
-68.08146635350704,69.61957000956163
-68.08601347264765,69.61820434794053
-68.08925596532343,69.62450622782335
-68.09381834325313,69.62314056620225
-68.10121122655389,69.62528442606553
-68.10550657567501,69.6305487082921
-68.10900846776484,69.63023590311631
-68.11367765721796,69.6382849143468
-68.1213528281164,69.633821718546
-68.13355222997187,69.65345215067491
-68.14330259618282,69.64691375956163
-68.14824644383906,69.64835571512803
-68.15537992772579,69.65714477762803
-68.15796629247188,69.66729950174913
-68.16900602635859,69.67858337626085
-68.18129698094845,69.7077200339757
-68.18897978124141,69.70326446756944
-68.19365660008908,69.71136688456163
-68.20068327245232,69.71074127421006
-68.20780912694453,69.71958374247178
-68.20896879491328,69.72799896463975
-68.21895567235468,69.74038147196397
-68.22285429296018,69.74288391337022
-68.23503843602658,69.7626745627843
-68.24224378928365,69.77402778389124
-68.24645201024532,69.77685760721788
-68.25150266942502,69.78780578837024
-68.26136747655393,69.79076599344833
-68.26631895360471,69.79223846659289
-68.27136198338987,69.80320953592881
-68.27449766454222,69.8001043723546
-68.27733579930783,69.80365967020616
-68.29077116307734,69.84147094950303
-68.2942959433508,69.84118866190539
-68.30104032811641,69.84728454813585
-68.30685392674923,69.86391662821397
-68.31359831151485,69.8700277732335
-68.3162685996008,69.88977264628038
-68.32330290135863,69.88922332987413
-68.32872740087033,69.90305542215928
-68.3373050708074,69.917454017468
-68.35303771792366,69.94315758462864
-68.35608184634161,69.96577111001926
-68.36539733706427,69.9822353434177
-68.37015044985723,69.99997368570286
-68.3729962140174,70.0035747599216
-68.38305938540412,69.99042931314426
-68.39512145815803,70.00097313638645
-68.39769256411506,70.01128044839817
-68.40301788149789,70.01565209146457
-68.40718353091192,70.04685631509739
-68.41146362124395,70.05227318521457
-68.4153546124549,70.05485192056614
-68.42095458804083,70.0525478434177
-68.42808807192755,70.06158867593723
-68.42959106265022,70.07294884439426
-68.43976104556037,70.06935539957004
-68.44678771792364,70.06885185953098
-68.45248687563851,70.07609215494114
-68.45809448061897,70.07377281900364
-68.46377837954475,70.08104363199193
-68.46692169009164,70.0779384684177
-68.46976745425177,70.08157006021457
-68.47642028628303,70.07822838540989
-68.47860229311897,70.0857280802341
-68.48487627985072,70.11594594085979
-68.47936323699955,70.04408980449114
-68.45821114785683,69.93949203397695
-68.43143873022464,69.80340280679825
-68.42687157957646,69.67041360281881
-68.43006025436827,69.5455739771219
-68.43287249858878,69.43706411485061
-68.44301696057096,69.23577979333143
-68.44137113139999,69.01865833741014
-68.44725964720746,68.74942633969785
-68.46830180583824,68.4586494746214
-68.49908801557919,68.24903601374469
-68.55456059285692,68.01129685167676
-68.62076052952098,67.43588393639287
-68.71147502331692,66.87297540584903
-68.82778169619554,66.42486826618418
-68.85254051012672,66.27511619222437
-68.86347103614526,66.13698963685883
-68.89758074218078,65.91692608194725
-68.95178179548793,65.60756401509678
-69.05914726632903,65.05148161839548
-69.1303321260944,64.71273995548694
-69.25105630981646,64.39798296409207
-69.33232468660032,64.20285340955812
-69.5021868691856,63.9985446328946
-69.64936052381691,63.97003465863103
-69.78087469687213,63.650886894626865
-69.83574196519605,63.51545530594815
-69.88553835671463,63.43300763232748
-69.93646752718199,63.13054408197338
-69.97132195513137,62.860206498179664
-70.03633899732914,62.45847883861434
-70.03488865614061,62.05038398755042
-70.03048148935694,61.59256726096745
-70.09366231800279,60.69207981885762
-70.22738265818198,59.45987518622819
-70.32341870048863,58.16374407395209
-70.44615132344335,57.33914059672967
-70.6380525830662,56.43507429328852
-70.71177133131901,56.205541640666524
-70.8562655335055,55.893632095495654
-71.12281872538809,55.479243086435176
-71.41795324011964,54.80248682195259
-71.88267645235753,53.040803537418
-71.91402845077299,52.91932875338212
-71.91526604267183,52.9151140296421
-72.1451915115519,52.3001482496323
-72.4599580148722,51.62689534286016
-72.71304492697855,51.065617319310405
-73.25157428472195,50.064855355349174
-73.44675411461994,49.70622584679782
-73.69658868107837,49.22933803706145
-74.2148083489315,48.39191363554544
-74.42287993867185,47.97846370337358
-74.77564757544093,47.04277317248153
-75.02272777417883,46.20635926924591
-75.28446620079818,45.359518675411955
-75.86682045440972,43.74301947464137
-76.18862059819632,42.59663280517024
-76.69741297332995,40.74506407804226
-76.91429221562477,40.09243221892592
-77.14427414575142,39.61340248435844
-77.27326919866012,39.30686971645536
-77.19750348498134,38.928622836243854
-77.07969708092155,38.787775262235044
-76.93749509344762,38.87247033748423
-76.64464595321503,39.196725927287666
-76.30313451406576,39.33148354064225
-75.90126057587011,39.66197602414653
-75.70247495993283,39.90670085968682
-75.53904992580946,40.052618612676376
-75.30341611125804,39.9277164289559
-75.13205653080578,39.91019644220315
-74.9373335585764,39.908133828491415
-74.71769673798305,39.74054873794517
-74.40122788367144,39.27117004500546
-74.20043495056527,39.056667496251656
-73.9951765125383,38.88962714243764
-73.70147130974507,38.483281099774835
-73.2922385136452,37.88057328592209
-73.04566308877475,37.613232758958816
-72.79191898865913,37.43856596932255
-72.27443369454032,37.506208169501555
-71.86284830304443,37.53450859018684
-71.63799557103499,37.5982136950446
-71.56687344669304,37.55899489451398
-71.41077929807595,37.422928251000265
-71.356737109903,37.33143879956817
-71.31547003839626,37.22082260280358
-71.19097161278181,36.88501530412351
-71.09539167201176,36.64573933864869
-71.0353367488628,36.44139166442502
-70.89016262643878,36.006559350620506
-70.77750973436643,35.6274352605669
-70.61617212108942,35.244896492887115
-70.43318656957264,34.85433910531262
-70.30666008052233,34.673845456768056
-70.20589416620862,34.52543649243086
-70.03729310286116,34.42912939801502
-69.9749710970328,34.34954081788861
-69.91196585482015,34.2691533690147
-69.84496325668735,34.189817829680074
-69.73683141134201,34.10823957551231
-69.63121306775581,34.035178365395005
-69.54347481301144,34.057600322477
-69.4597417194215,34.07112340577504
-69.43786570396416,34.00179411561711
-69.36329451585421,33.71851277779349
-69.25771863041048,33.48240855721103
-69.18965818074948,33.326528016085895
-69.11300675397149,33.211977708834716
-69.03255906200393,33.16287742946355
-68.97349164008565,33.19256058446987
-68.93375050530899,33.212467074428815
-68.9503446392527,33.053039259349404
-68.97288724600351,32.92802597892656
-69.02215814716396,32.80096563458282
-69.04189721779802,32.752180205328074
-69.06719135703946,32.679037541710336
-69.08622652365825,32.59588260882937
-69.1033248901365,32.52475281716115
-69.1096013300009,32.51787144790917
-69.10127258300761,32.513851165771484
-69.0966567993162,32.51668548583985
-69.09384155273415,32.51166152954101
-69.08922576904277,32.514537811279304
-69.07487487792946,32.49633789062499
-69.07025909423807,32.499198913574226
-69.06683349609355,32.49681472778321
-69.0606002807615,32.53000640869139
-69.0541000366209,32.52951049804686
-69.0464172363279,32.534248352050774
-69.03556823730446,32.52968978881836
-69.03215026855449,32.52729797363281
-69.02719116210916,32.52586364746095
-69.0237808227537,32.5234489440918
-69.01634979248026,32.52128982543946
-69.00643920898418,32.51841735839842
-69.00301361083963,32.516021728515625
-68.9961929321287,32.511238098144545
-68.9931182861326,32.51313400268555
-68.99055480957009,32.501224517822266
-68.97808837890602,32.48646545410158
-68.9737319946287,32.48241806030274
-68.9706573486326,32.48432540893554
-68.96339416503882,32.50452041625976
-68.95878601074197,32.50736618041993
-68.9559631347654,32.50236892700197
-68.9510116577146,32.500934600830085
-68.94545745849587,32.50212860107421
-68.94084930419899,32.50497817993163
-68.93402099609352,32.500194549560554
-68.92633056640604,32.504940032958984
-68.92069244384743,32.4949607849121
-68.9178771972654,32.489982604980455
-68.91292572021462,32.48856735229492
-68.90250396728493,32.49945831298828
-68.89883422851541,32.50393676757813
-68.89515686035134,32.508438110351555
-68.89183044433571,32.517208099365234
-68.88627624511696,32.51836395263672
-68.88294219970679,32.527130126953125
-68.87892913818338,32.52735900878905
-68.87081146240212,32.55691146850585
-68.86124420165991,32.55828857421875
-68.85295867919898,32.56558609008789
-68.84745788574195,32.61803817749024
-68.84437561035134,32.61991119384766
-68.84096527099587,32.6175193786621
-68.8345565795896,32.62810516357421
-68.82546234130837,32.65591049194335
-68.81630706787085,32.672573089599595
-68.80696868896462,32.70716857910156
-68.79653167724585,32.71789550781251
-68.7923202514646,32.7360191345215
-68.78436279296851,32.74745559692382
-68.76836395263649,32.81035232543945
-68.75979614257787,32.82432556152343
-68.75167846679665,32.86466598510743
-68.7421722412107,32.87696838378908
-68.72534942626929,32.97110748291015
-68.70585632324193,33.03120803833007
-68.6984252929685,33.101886749267585
-68.69538116455054,33.11471176147461
-68.69229888915991,33.11649322509765
-68.68621826171851,33.142112731933594
-68.68346405029271,33.148105621337905
-68.67766571044898,33.16691589355467
-68.67687225341771,33.20933151245118
-68.66505432128882,33.28672409057617
-68.66365051269504,33.34266662597655
-68.66770935058568,33.36463546752931
-68.6683731079099,33.395145416259766
-68.66385650634741,33.45281982421875
-68.66606903076145,33.49347305297851
-68.65870666503882,33.53504943847658
-68.66058349609351,33.56044387817383
-68.65413665771457,33.60367965698242
-68.66094207763649,33.64177703857422
-68.65752410888646,33.78239440917969
-68.67256164550757,33.86893081665039
-68.670715332031,33.87653350830079
-68.67741394042945,33.93679809570313
-68.68278503417943,34.03524398803711
-68.687072753906,34.05058670043945
-68.6839752197263,34.166728973388665
-68.67961120605445,34.184436798095696
-68.68285369873023,34.23114776611327
-68.69046020507785,34.26021194458008
-68.6927108764646,34.3162727355957
-68.69915008544898,34.328338623046875
-68.70561981201146,34.32939529418947
-68.71298217773413,34.34320449829101
-68.71598052978491,34.36368942260742
-68.71878051757788,34.357837677001946
-68.72216796874977,34.36048889160156
-68.72709655761695,34.36235046386719
-68.73352813720679,34.37446594238282
-68.74125671386693,34.37046051025392
-68.74406433105445,34.36459350585938
-68.74836730957007,34.36899185180664
-68.76074218749976,34.362590789794915
-68.76441192626929,34.36952209472656
-68.76905059814429,34.36710739135742
-68.77606201171851,34.3877944946289
-68.78225708007791,34.38458251953126
-68.7856292724607,34.387264251708984
-68.7906112670896,34.3780517578125
-68.80072021484358,34.39714431762695
-68.80912017822241,34.38072204589843
-68.81145477294898,34.37630462646484
-68.82124328613259,34.35561752319336
-68.82987976074195,34.327831268310554
-68.83797454833963,34.29305648803711
-68.84519195556616,34.25024414062499
-68.85600280761696,34.20057678222656
-68.8679046630857,34.1568717956543
-68.8826980590818,34.119552612304695
-68.8936386108396,34.101757049560554
-68.9239349365232,34.04273605346679
-68.93247222900368,34.024353027343736
-68.94387054443338,33.994132995605455
-68.95412445068337,33.96714401245117
-68.96042633056618,33.94256591796874
-68.96231079101541,33.933315277099624
-68.96488952636697,33.918975830078125
-68.96974945068337,33.90103530883789
-68.97520446777321,33.894523620605476
-68.97910308837868,33.89739227294922
-68.98467254638652,33.89846801757812
-68.98992919921852,33.8905906677246
-68.99819946289041,33.87310791015626
-69.007987976074,33.84416580200195
-69.01577758789041,33.81689071655275
-69.01993560790993,33.798080444335945
-69.02205657958963,33.78776931762694
-69.02804565429665,33.77088546752929
-69.03203582763649,33.7542152404785
-69.03537750244121,33.741737365722656
-69.0378952026365,33.73413467407227
-69.04367065429668,33.727672576904304
-69.05087280273416,33.72336959838867
-69.05546569824196,33.72701263427734
-69.05875396728494,33.73463439941405
-69.06025695800763,33.75271224975586
-69.06004333496072,33.76169204711914
-69.06048583984354,33.77385711669922
-69.06345367431618,33.78432846069337
-69.06828308105447,33.79140090942382
-69.07523345947246,33.79848861694336
-69.07844543457009,33.80055236816405
-69.0830307006834,33.814575195312514
-69.08656311035134,33.82119750976561
-69.08751678466776,33.845222473144524
-69.08714294433572,33.85489273071289
-69.08383178710916,33.869434356689446
-69.08299255371072,33.890594482421875
-69.0862045288084,33.89415359497071
-69.08978271484355,33.89395904541015
-69.09327697753885,33.892627716064446
-69.09873199462868,33.8890380859375
-69.10594940185524,33.90460205078124
-69.11316680908183,33.920177459716804
-69.12214660644511,33.997585296630874
-69.12940979003886,34.062938690185554
-69.13935089111308,34.12154769897461
-69.1413574218748,34.13231658935547
-69.14235687255838,34.1531105041504
-69.14125061035135,34.16792297363281
-69.13529205322244,34.20132827758789
-69.12606811523416,34.28321075439454
-69.12263488769511,34.32940673828124
-69.11981964111308,34.340946197509766
-69.11410522460916,34.365840911865234
-69.11032104492168,34.37551498413086
-69.09959411621072,34.41069412231444
-69.09347534179666,34.432796478271484
-69.08443450927712,34.45227050781249
-69.07627868652322,34.50726318359376
-69.0744171142576,34.536540985107415
-69.06979370117166,34.54954147338867
-69.05802154540993,34.575649261474624
-69.05844879150371,34.601356506347656
-69.06164550781229,34.61150360107421
-69.0716629028318,34.635845184326186
-69.08233642578105,34.64749145507814
-69.08660888671852,34.62583541870116
-69.09135437011699,34.621040344238274
-69.09840393066386,34.62569046020508
-69.10818481445291,34.6496124267578
-69.11427307128885,34.67839813232423
-69.11603546142558,34.7088050842285
-69.11794281005838,34.741508483886705
-69.12359619140605,34.76050186157226
-69.1272506713865,34.78464889526368
-69.13620758056621,34.81913757324219
-69.14386749267558,34.84010696411132
-69.16188812255838,34.868320465087905
-69.2153549194334,34.984378814697266
-69.22199249267557,34.999469757080085
-69.2453384399412,35.05972290039062
-69.25850677490213,35.098960876464844
-69.26869201660136,35.14447021484375
-69.2783432006834,35.17481613159181
-69.28779602050761,35.19160461425781
-69.29837036132793,35.19239044189453
-69.30934143066386,35.18583679199219
-69.31757354736308,35.175849914550774
-69.32925415039044,35.1534309387207
-69.34290313720685,35.138969421386726
-69.35669708251935,35.14411163330079
-69.37699890136699,35.1592025756836
-69.39373016357405,35.18145751953126
-69.4161376953123,35.206954956054695
-69.4616165161131,35.20319366455079
-69.4647216796873,35.202266693115234
-69.47126770019511,35.199047088623054
-69.47600555419905,35.179901123046875
-69.48310852050761,35.151172637939446
-69.49816131591777,35.12507629394532
-69.5099792480467,35.14266586303712
-69.5174255371092,35.15762329101562
-69.52453613281233,35.16373062133789
-69.53118896484358,35.17609024047851
-69.53487396240214,35.19173049926757
-69.53917694091778,35.21068191528322
-69.54180145263655,35.22624969482423
-69.54734802246074,35.2343635559082
-69.56131744384749,35.22145462036133
-69.57832336425766,35.18892288208007
-69.60232543945295,35.129287719726555
-69.62396240234358,35.08641815185546
-69.64191436767561,35.073165893554695
-69.64981842040999,35.08207702636717
-69.66161346435531,35.10822677612305
-69.66648101806625,35.13391494750976
-69.66727447509749,35.161743164062486
-69.67024230957016,35.17189407348633
-69.6878356933592,35.17204284667968
-69.70841217041,35.22507095336915
-69.71530151367172,35.26950073242188
-69.71433258056625,35.31006622314453
-69.71091461181625,35.3342170715332
-69.70404815673812,35.36065292358399
-69.69049072265608,35.395179748535156
-69.68255615234361,35.428749084472635
-69.67067718505842,35.510231018066406
-69.66938018798811,35.560516357421875
-69.67103576660139,35.60029220581054
-69.6679077148436,35.72502517700194
-69.66516876220687,35.77688598632812
-69.66659545898419,35.79479980468751
-69.6688156127928,35.82027816772462
-69.66909790039045,35.83502960205078
-69.67092895507795,35.851165771484375
-69.67333984374984,35.87464523315429
-69.67668151855453,35.89307403564453
-69.67587280273419,35.916439056396484
-69.66758728027328,35.96803283691407
-69.65360260009749,36.023372650146484
-69.64189910888653,36.04378128051758
-69.63616943359358,36.06206893920898
-69.63806915283187,36.0775146484375
-69.64065551757795,36.09023284912111
-69.65001678466778,36.10776138305665
-69.6578979492186,36.121139526367195
-69.66484069824203,36.13676071166992
-69.66987609863266,36.159893035888686
-69.67613220214828,36.193981170654304
-69.67741394042953,36.221832275390625
-69.67345428466781,36.23023986816404
-69.67147827148422,36.23655700683593
-69.67445373535139,36.26063156127929
-69.67427062988267,36.2927474975586
-69.67146301269514,36.33085250854491
-69.66938781738266,36.34324264526367
-69.66548156738264,36.352806091308594
-69.6597824096678,36.37220764160156
-69.6544342041014,36.370315551757805
-69.64060211181625,36.343158721923835
-69.62858581542953,36.33453750610352
-69.62023925781234,36.331558227539055
-69.61058044433577,36.32373428344727
-69.59760284423812,36.30893707275391
-69.59024810791,36.30493545532227
-69.58239746093734,36.31138229370118
-69.57615661621075,36.32433700561523
-69.57626342773422,36.33812332153321
-69.57756042480449,36.358608245849624
-69.58024909668907,36.37682790893308
-69.58598024663014,36.39857773938478
-69.58908790959596,36.421318768143095
-69.59955392859584,36.446595568034354
-69.60193765166949,36.42933210195286
-69.61647809220615,36.49295560038379
-69.62956237792952,36.62643814086916
-69.63243103027325,36.64210128784179
-69.63450622558577,36.65952301025391
-69.63756561279281,36.686038970947266
-69.64207458496077,36.700721740722656
-69.65632629394514,36.704227447509766
-69.66004180908187,36.72830963134767
-69.6670074462889,36.73799514770508
-69.683753967285,36.747314453125014
-69.6918640136717,36.74151229858399
-69.69638824462876,36.743850708007805
-69.69886016845686,36.75551223754884
-69.70470428466778,36.79237747192382
-69.7144699096678,36.82400512695312
-69.72246551513658,36.84550094604493
-69.7297515869139,36.86125564575194
-69.7382736206053,36.89346313476563
-69.7443771362303,36.91941833496093
-69.74666595458967,36.9318084716797
-69.7516555786131,36.939456939697266
-69.75981903076156,36.951877593994126
-69.76416778564439,36.94646072387697
-69.76981353759749,36.94173049926758
-69.77316284179675,36.945819854736335
-69.77515411376936,36.95228195190431
-69.7786788940428,36.95994186401368
-69.78225708007797,36.96454620361328
-69.78760528564437,36.96660995483399
-69.79119110107406,36.966968536376946
-69.79383087158187,36.978031158447266
-69.7953491210936,36.98773193359375
-69.79880523681625,37.002716064453125
-69.80310058593733,37.00036621093749
-69.8071670532225,36.9847412109375
-69.8113403320311,36.97999954223633
-69.81992340087875,36.97953414916992
-69.83126831054672,36.984027862548835
-69.84182739257795,37.00709915161132
-69.85332489013656,37.03224563598632
-69.85576629638656,37.06108856201172
-69.85303497314437,37.08289337158203
-69.85090637207016,37.09531784057618
-69.84946441650376,37.11780548095703
-69.85037994384749,37.13265228271484
-69.84811401367172,37.15120697021483
-69.84925842285139,37.170829772949226
-69.84994506835922,37.180900573730476
-69.84874725341783,37.19110870361328
-69.84408569335922,37.19904708862305
-69.84142303466781,37.20922851562501
-69.8411026000975,37.22029876708986
-69.83720397949202,37.230964660644524
-69.83354949951153,37.23362731933594
-69.82997131347639,37.23321914672851
-69.82690429687484,37.23503494262695
-69.82676696777327,37.24542236328125
-69.82280731201156,37.25488281250001
-69.81834411621078,37.253604888916016
-69.80963134765611,37.233356475830085
-69.79956817626937,37.21123123168946
-69.78895568847642,37.199661254882805
-69.7805557250975,37.19510269165039
-69.73929595947251,37.22714996337892
-69.73546600341783,37.230472564697244
-69.73378753662094,37.24807357788085
-69.73398590087875,37.26129913330078
-69.73325347900375,37.272472381591804
-69.73169708251937,37.28396606445313
-69.72916412353499,37.287979125976555
-69.72440338134749,37.28923416137696
-69.72111511230453,37.286285400390625
-69.71817779540999,37.28622436523438
-69.71633148193344,37.296009063720696
-69.71733093261703,37.31737136840821
-69.71617126464825,37.332927703857415
-69.71837615966781,37.34415817260742
-69.72422790527327,37.35276794433593
-69.72815704345686,37.35608291625976
-69.73139953613267,37.37175750732422
-69.73167419433578,37.39583206176757
-69.73223876953108,37.403472900390625
-69.73509216308578,37.41083908081054
-69.7468872070311,37.41658782958984
-69.75019836425766,37.42923355102538
-69.75498199462876,37.437686920166016
-69.75917816162094,37.46513366699219
-69.75994110107405,37.481788635253906
-69.75758361816392,37.49902725219725
-69.75447082519514,37.49960708618164
-69.75170898437484,37.49884414672851
-69.74884796142564,37.50960922241211
-69.7477416992186,37.53603744506836
-69.74681091308577,37.54788208007812
-69.74412536621077,37.55796432495117
-69.74113464355452,37.570579528808594
-69.74131011962874,37.583812713623054
-69.7389831542967,37.592548370361335
-69.7349014282225,37.599517822265625
-69.72566986083969,37.59934997558594
-69.7199096679686,37.58761978149413
-69.71453094482405,37.55220031738281
-69.7095108032225,37.529338836669915
-69.70169830322249,37.514186859130845
-69.6927413940428,37.506114959716804
-69.68903350830064,37.50751876831056
-69.6836318969725,37.54995727539063
-69.68369293212876,37.56500625610352
-69.68690490722639,37.659660339355476
-69.68782806396469,37.67559432983397
-69.68839263916,37.69286727905274
-69.68535614013655,37.7000160217285
-69.6821899414061,37.6993751525879
-69.67826843261702,37.69599914550783
-69.6761627197264,37.705211639404304
-69.67702484130844,37.71995544433593
-69.6784591674803,37.73810195922852
-69.67630767822249,37.755760192871094
-69.67861175537094,37.765159606933594
-69.68122100830062,37.78167724609374
-69.68582153320298,37.80049133300781
-69.69174957275374,37.81159591674803
-69.70584106445295,37.81311035156248
-69.71044921874983,37.79876708984375
-69.71774291992172,37.80757522583008
-69.72514343261703,37.809112548828125
-69.73511505126937,37.80246353149413
-69.73889923095687,37.8077278137207
-69.74784088134749,37.79661560058594
-69.75711822509749,37.798065185546875
-69.7576599121092,37.805728912353516
-69.75482940673814,37.807971954345696
-69.75403594970687,37.82337570190431
-69.75697326660139,37.833194732666016
-69.75429534912092,37.84867477416992
-69.75169372558578,37.861103057861335
-69.75041198730452,37.87003326416015
-69.74819183349592,37.876876831054695
-69.74587249755844,37.89101028442382
-69.74468231201155,37.902313232421875
-69.74215698242172,37.911678314209
-69.7393493652342,37.919334411621094
-69.73725891113264,37.924308776855476
-69.73161534416073,37.94663821481674
