x,y
['x' => 80.990,'y' => 510.360 ]
['x' => 81.128,'y' => 510.197 ]
['x' => 81.112,'y' => 509.952 ]
['x' => 81.014,'y' => 509.740 ]
['x' => 80.639,'y' => 509.332 ]
['x' => 80.329,'y' => 508.680 ]
['x' => 80.280,'y' => 508.223 ]
['x' => 80.427,'y' => 507.847 ]
['x' => 80.427,'y' => 507.276 ]
['x' => 80.427,'y' => 506.624 ]
['x' => 80.427,'y' => 506.183 ]
['x' => 80.574,'y' => 505.808 ]
['x' => 80.932,'y' => 505.367 ]
['x' => 81.340,'y' => 505.025 ]
['x' => 81.781,'y' => 504.763 ]
['x' => 82.009,'y' => 504.731 ]
['x' => 82.254,'y' => 504.780 ]
['x' => 82.417,'y' => 504.894 ]
['x' => 82.727,'y' => 505.090 ]
['x' => 83.005,'y' => 505.122 ]
['x' => 83.396,'y' => 505.139 ]
['x' => 83.641,'y' => 505.090 ]
['x' => 83.788,'y' => 505.008 ]
['x' => 84.049,'y' => 504.943 ]
['x' => 84.245,'y' => 504.861 ]
['x' => 84.294,'y' => 504.584 ]
['x' => 83.967,'y' => 504.339 ]
['x' => 83.772,'y' => 503.833 ]
['x' => 83.641,'y' => 503.458 ]
['x' => 83.152,'y' => 503.034 ]
['x' => 83.070,'y' => 502.593 ]
['x' => 83.005,'y' => 501.957 ]
['x' => 83.021,'y' => 501.647 ]
['x' => 83.037,'y' => 501.272 ]
['x' => 83.037,'y' => 500.896 ]
['x' => 83.021,'y' => 500.505 ]
['x' => 82.956,'y' => 500.244 ]
['x' => 82.793,'y' => 500.129 ]
['x' => 82.483,'y' => 499.950 ]
['x' => 82.760,'y' => 499.950 ]
['x' => 83.021,'y' => 499.934 ]
['x' => 83.396,'y' => 499.754 ]
['x' => 83.706,'y' => 499.558 ]
['x' => 83.919,'y' => 499.362 ]
['x' => 84.082,'y' => 498.840 ]
['x' => 84.408,'y' => 498.563 ]
['x' => 84.751,'y' => 498.220 ]
['x' => 85.216,'y' => 498.001 ]
['x' => 85.179,'y' => 497.987 ]
['x' => 84.506,'y' => 497.739 ]
['x' => 84.082,'y' => 497.510 ]
['x' => 83.560,'y' => 497.021 ]
['x' => 82.842,'y' => 496.466 ]
['x' => 82.499,'y' => 496.221 ]
['x' => 81.993,'y' => 496.042 ]
['x' => 81.275,'y' => 496.140 ]
['x' => 81.047,'y' => 496.189 ]
['x' => 80.720,'y' => 496.499 ]
['x' => 80.525,'y' => 496.760 ]
['x' => 80.459,'y' => 496.825 ]
['x' => 80.133,'y' => 496.825 ]
['x' => 79.415,'y' => 496.793 ]
['x' => 79.154,'y' => 496.531 ]
['x' => 78.795,'y' => 495.862 ]
['x' => 78.224,'y' => 495.895 ]
['x' => 78.110,'y' => 495.455 ]
['x' => 78.240,'y' => 495.193 ]
['x' => 78.371,'y' => 494.965 ]
['x' => 78.501,'y' => 494.573 ]
['x' => 78.501,'y' => 494.084 ]
['x' => 78.730,'y' => 493.301 ]
['x' => 78.534,'y' => 492.811 ]
['x' => 78.240,'y' => 492.224 ]
['x' => 77.718,'y' => 491.473 ]
['x' => 77.081,'y' => 491.078 ]
['x' => 77.052,'y' => 491.093 ]
['x' => 77.001,'y' => 491.156 ]
['x' => 77.014,'y' => 491.246 ]
['x' => 76.937,'y' => 491.361 ]
['x' => 76.950,'y' => 491.412 ]
['x' => 76.912,'y' => 491.424 ]
['x' => 76.899,'y' => 491.488 ]
['x' => 76.937,'y' => 491.565 ]
['x' => 77.078,'y' => 491.654 ]
['x' => 77.065,'y' => 491.846 ]
['x' => 77.116,'y' => 491.897 ]
['x' => 77.129,'y' => 492.012 ]
['x' => 77.193,'y' => 492.050 ]
['x' => 77.193,'y' => 492.114 ]
['x' => 77.256,'y' => 492.165 ]
['x' => 77.231,'y' => 492.216 ]
['x' => 77.282,'y' => 492.241 ]
['x' => 77.371,'y' => 492.241 ]
['x' => 77.435,'y' => 492.318 ]
['x' => 77.435,'y' => 492.497 ]
['x' => 77.371,'y' => 492.548 ]
['x' => 77.320,'y' => 492.548 ]
['x' => 77.269,'y' => 492.599 ]
['x' => 77.269,'y' => 492.637 ]
['x' => 77.499,'y' => 492.854 ]
['x' => 77.473,'y' => 492.982 ]
['x' => 77.410,'y' => 492.982 ]
['x' => 77.320,'y' => 493.160 ]
['x' => 77.244,'y' => 493.199 ]
['x' => 77.180,'y' => 493.275 ]
['x' => 77.103,'y' => 493.301 ]
['x' => 77.078,'y' => 493.326 ]
['x' => 76.988,'y' => 493.326 ]
['x' => 76.937,'y' => 493.288 ]
['x' => 76.771,'y' => 493.250 ]
['x' => 76.605,'y' => 493.403 ]
['x' => 76.465,'y' => 493.377 ]
['x' => 76.452,'y' => 493.416 ]
['x' => 76.401,'y' => 493.416 ]
['x' => 76.376,'y' => 493.390 ]
['x' => 76.350,'y' => 493.416 ]
['x' => 76.274,'y' => 493.454 ]
['x' => 76.222,'y' => 493.530 ]
['x' => 76.146,'y' => 493.518 ]
['x' => 76.108,'y' => 493.518 ]
['x' => 76.066,'y' => 493.698 ]
['x' => 75.976,'y' => 493.698 ]
['x' => 75.912,'y' => 493.762 ]
['x' => 75.810,'y' => 493.775 ]
['x' => 75.785,'y' => 493.800 ]
['x' => 75.551,'y' => 493.749 ]
['x' => 75.393,'y' => 493.492 ]
['x' => 75.342,'y' => 493.505 ]
['x' => 75.291,'y' => 493.531 ]
['x' => 75.240,'y' => 493.531 ]
['x' => 75.189,'y' => 493.492 ]
['x' => 75.074,'y' => 493.505 ]
['x' => 74.895,'y' => 493.403 ]
['x' => 74.844,'y' => 493.416 ]
['x' => 74.793,'y' => 493.467 ]
['x' => 74.691,'y' => 493.441 ]
['x' => 74.448,'y' => 493.454 ]
['x' => 74.321,'y' => 493.454 ]
['x' => 74.295,'y' => 493.479 ]
['x' => 74.244,'y' => 493.505 ]
['x' => 74.206,'y' => 493.518 ]
['x' => 74.155,'y' => 493.569 ]
['x' => 74.129,'y' => 493.594 ]
['x' => 74.065,'y' => 493.696 ]
['x' => 74.014,'y' => 493.837 ]
['x' => 74.002,'y' => 494.016 ]
['x' => 74.065,'y' => 494.041 ]
['x' => 74.167,'y' => 494.156 ]
['x' => 74.270,'y' => 494.424 ]
['x' => 74.206,'y' => 494.475 ]
['x' => 74.129,'y' => 494.641 ]
['x' => 74.053,'y' => 494.641 ]
['x' => 74.001,'y' => 494.692 ]
['x' => 73.938,'y' => 494.717 ]
['x' => 73.874,'y' => 494.717 ]
['x' => 73.823,'y' => 494.730 ]
['x' => 73.784,'y' => 494.756 ]
['x' => 73.759,'y' => 494.781 ]
['x' => 73.516,'y' => 494.887 ]
['x' => 73.363,'y' => 494.909 ]
['x' => 73.274,'y' => 494.922 ]
['x' => 73.172,'y' => 494.986 ]
['x' => 73.134,'y' => 494.986 ]
['x' => 73.083,'y' => 495.062 ]
['x' => 72.904,'y' => 495.254 ]
['x' => 72.904,'y' => 495.177 ]
['x' => 72.827,'y' => 495.062 ]
['x' => 72.840,'y' => 494.960 ]
['x' => 72.763,'y' => 494.858 ]
['x' => 72.763,'y' => 494.794 ]
['x' => 72.661,'y' => 494.807 ]
['x' => 72.623,'y' => 494.794 ]
['x' => 72.636,'y' => 494.730 ]
['x' => 72.674,'y' => 494.730 ]
['x' => 72.700,'y' => 494.692 ]
['x' => 72.687,'y' => 494.564 ]
['x' => 72.636,'y' => 494.437 ]
['x' => 72.559,'y' => 494.411 ]
['x' => 72.546,'y' => 494.373 ]
['x' => 72.495,'y' => 494.360 ]
['x' => 72.457,'y' => 494.398 ]
['x' => 72.380,'y' => 494.386 ]
['x' => 72.355,'y' => 494.411 ]
['x' => 72.304,'y' => 494.449 ]
['x' => 72.253,'y' => 494.462 ]
['x' => 72.215,'y' => 494.526 ]
['x' => 72.176,'y' => 494.552 ]
['x' => 72.074,'y' => 494.590 ]
['x' => 72.100,'y' => 494.666 ]
['x' => 72.061,'y' => 494.718 ]
['x' => 71.921,'y' => 494.641 ]
['x' => 71.921,'y' => 494.552 ]
['x' => 71.870,'y' => 494.564 ]
['x' => 71.857,'y' => 494.666 ]
['x' => 71.998,'y' => 494.756 ]
['x' => 72.061,'y' => 494.947 ]
['x' => 72.215,'y' => 495.049 ]
['x' => 72.215,'y' => 495.203 ]
['x' => 72.342,'y' => 495.279 ]
['x' => 72.406,'y' => 495.369 ]
['x' => 72.444,'y' => 495.381 ]
['x' => 72.495,'y' => 495.369 ]
['x' => 72.585,'y' => 495.445 ]
['x' => 72.585,'y' => 495.547 ]
['x' => 72.634,'y' => 495.633 ]
['x' => 72.623,'y' => 495.688 ]
['x' => 72.827,'y' => 495.841 ]
['x' => 72.942,'y' => 495.994 ]
['x' => 72.904,'y' => 496.109 ]
['x' => 72.862,'y' => 496.207 ]
['x' => 72.840,'y' => 496.260 ]
['x' => 72.774,'y' => 496.360 ]
['x' => 72.648,'y' => 496.351 ]
['x' => 72.572,'y' => 496.364 ]
['x' => 72.521,'y' => 496.543 ]
['x' => 72.457,'y' => 496.607 ]
['x' => 72.470,'y' => 496.709 ]
['x' => 72.432,'y' => 496.824 ]
['x' => 72.400,'y' => 496.957 ]
['x' => 72.335,'y' => 497.013 ]
['x' => 72.276,'y' => 497.133 ]
['x' => 72.251,'y' => 497.067 ]
['x' => 72.046,'y' => 496.991 ]
['x' => 71.928,'y' => 497.036 ]
['x' => 71.870,'y' => 496.926 ]
['x' => 71.746,'y' => 496.991 ]
['x' => 71.673,'y' => 496.831 ]
['x' => 71.640,'y' => 496.734 ]
['x' => 71.564,'y' => 496.670 ]
['x' => 71.602,'y' => 496.530 ]
['x' => 71.564,'y' => 496.504 ]
['x' => 71.551,'y' => 496.390 ]
['x' => 71.589,'y' => 496.364 ]
['x' => 71.602,'y' => 496.288 ]
['x' => 71.666,'y' => 496.224 ]
['x' => 71.678,'y' => 496.173 ]
['x' => 71.742,'y' => 496.134 ]
['x' => 71.755,'y' => 496.083 ]
['x' => 71.819,'y' => 496.019 ]
['x' => 71.793,'y' => 495.892 ]
['x' => 71.678,'y' => 495.841 ]
['x' => 71.576,'y' => 495.662 ]
['x' => 71.538,'y' => 495.688 ]
['x' => 71.500,'y' => 495.764 ]
['x' => 71.449,'y' => 495.803 ]
['x' => 71.474,'y' => 495.854 ]
['x' => 71.423,'y' => 495.854 ]
['x' => 71.398,'y' => 495.879 ]
['x' => 71.296,'y' => 495.879 ]
['x' => 71.206,'y' => 495.815 ]
['x' => 71.130,'y' => 495.803 ]
['x' => 71.091,'y' => 495.688 ]
['x' => 71.015,'y' => 495.688 ]
['x' => 70.989,'y' => 495.713 ]
['x' => 70.836,'y' => 495.726 ]
['x' => 70.734,'y' => 495.700 ]
['x' => 70.734,'y' => 495.662 ]
['x' => 70.670,'y' => 495.624 ]
['x' => 70.542,'y' => 495.637 ]
['x' => 70.440,'y' => 495.585 ]
['x' => 70.428,'y' => 495.547 ]
['x' => 70.351,'y' => 495.547 ]
['x' => 70.313,'y' => 495.585 ]
['x' => 70.262,'y' => 495.585 ]
['x' => 70.160,'y' => 495.522 ]
['x' => 70.070,'y' => 495.534 ]
['x' => 70.019,'y' => 495.522 ]
['x' => 69.994,'y' => 495.547 ]
['x' => 69.891,'y' => 495.547 ]
['x' => 69.853,'y' => 495.585 ]
['x' => 69.828,'y' => 495.509 ]
['x' => 69.764,'y' => 495.496 ]
['x' => 69.738,'y' => 495.407 ]
['x' => 69.649,'y' => 495.330 ]
['x' => 69.560,'y' => 495.318 ]
['x' => 69.534,'y' => 495.343 ]
['x' => 69.432,'y' => 495.330 ]
['x' => 69.432,'y' => 495.394 ]
['x' => 69.534,'y' => 495.471 ]
['x' => 69.534,'y' => 495.522 ]
['x' => 69.687,'y' => 495.598 ]
['x' => 69.828,'y' => 495.764 ]
['x' => 69.789,'y' => 495.803 ]
['x' => 69.687,'y' => 495.815 ]
['x' => 69.624,'y' => 495.879 ]
['x' => 69.598,'y' => 495.930 ]
['x' => 69.521,'y' => 495.981 ]
['x' => 69.521,'y' => 496.071 ]
['x' => 69.432,'y' => 496.070 ]
['x' => 69.381,'y' => 495.968 ]
['x' => 69.241,'y' => 495.917 ]
['x' => 69.202,'y' => 495.828 ]
['x' => 69.164,'y' => 495.790 ]
['x' => 69.062,'y' => 495.764 ]
['x' => 69.075,'y' => 495.713 ]
['x' => 69.023,'y' => 495.688 ]
['x' => 68.972,'y' => 495.700 ]
['x' => 68.934,'y' => 495.764 ]
['x' => 68.960,'y' => 495.841 ]
['x' => 68.909,'y' => 495.841 ]
['x' => 68.832,'y' => 495.790 ]
['x' => 68.781,'y' => 495.790 ]
['x' => 68.755,'y' => 495.828 ]
['x' => 68.704,'y' => 495.828 ]
['x' => 68.641,'y' => 495.790 ]
['x' => 68.653,'y' => 495.700 ]
['x' => 68.615,'y' => 495.649 ]
['x' => 68.462,'y' => 495.573 ]
['x' => 68.334,'y' => 495.573 ]
['x' => 68.309,'y' => 495.649 ]
['x' => 68.296,'y' => 495.688 ]
['x' => 68.309,'y' => 495.790 ]
['x' => 68.270,'y' => 495.802 ]
['x' => 68.245,'y' => 495.892 ]
['x' => 68.245,'y' => 496.134 ]
['x' => 68.385,'y' => 496.313 ]
['x' => 68.487,'y' => 496.351 ]
['x' => 68.487,'y' => 496.390 ]
['x' => 68.385,'y' => 496.402 ]
['x' => 68.322,'y' => 496.453 ]
['x' => 68.296,'y' => 496.530 ]
['x' => 68.347,'y' => 496.568 ]
['x' => 68.321,'y' => 496.696 ]
['x' => 68.360,'y' => 496.747 ]
['x' => 68.321,'y' => 496.760 ]
['x' => 68.321,'y' => 496.798 ]
['x' => 68.513,'y' => 497.258 ]
['x' => 68.564,'y' => 497.500 ]
['x' => 68.487,'y' => 497.564 ]
['x' => 68.347,'y' => 497.538 ]
['x' => 68.309,'y' => 497.628 ]
['x' => 68.258,'y' => 497.743 ]
['x' => 68.143,'y' => 497.781 ]
['x' => 68.041,'y' => 497.781 ]
['x' => 67.939,'y' => 497.691 ]
['x' => 67.836,'y' => 497.704 ]
['x' => 67.798,'y' => 497.704 ]
['x' => 67.773,'y' => 497.730 ]
['x' => 67.734,'y' => 497.730 ]
['x' => 67.670,'y' => 497.679 ]
['x' => 67.492,'y' => 497.692 ]
['x' => 67.479,'y' => 497.819 ]
['x' => 67.444,'y' => 497.877 ]
['x' => 67.517,'y' => 498.036 ]
['x' => 67.492,'y' => 498.113 ]
['x' => 67.505,'y' => 498.330 ]
['x' => 67.454,'y' => 498.355 ]
['x' => 67.386,'y' => 498.412 ]
['x' => 67.313,'y' => 498.432 ]
['x' => 67.198,'y' => 498.445 ]
['x' => 67.186,'y' => 498.279 ]
['x' => 67.096,'y' => 498.202 ]
['x' => 67.083,'y' => 498.113 ]
['x' => 67.036,'y' => 498.029 ]
['x' => 66.956,'y' => 497.991 ]
['x' => 66.888,'y' => 497.916 ]
['x' => 66.790,'y' => 497.704 ]
['x' => 66.803,'y' => 497.602 ]
['x' => 66.751,'y' => 497.475 ]
['x' => 66.790,'y' => 497.449 ]
['x' => 66.815,'y' => 497.398 ]
['x' => 66.841,'y' => 497.258 ]
['x' => 66.752,'y' => 497.219 ]
['x' => 66.713,'y' => 497.155 ]
['x' => 66.624,'y' => 497.130 ]
['x' => 66.649,'y' => 497.283 ]
['x' => 66.598,'y' => 497.321 ]
['x' => 66.547,'y' => 497.372 ]
['x' => 66.483,'y' => 497.475 ]
['x' => 66.445,'y' => 497.475 ]
['x' => 66.420,'y' => 497.500 ]
['x' => 66.394,'y' => 497.602 ]
['x' => 66.445,'y' => 497.653 ]
['x' => 66.458,'y' => 497.768 ]
['x' => 66.547,'y' => 497.819 ]
['x' => 66.534,'y' => 498.049 ]
['x' => 66.662,'y' => 498.036 ]
['x' => 66.662,'y' => 498.087 ]
['x' => 66.598,'y' => 498.074 ]
['x' => 66.547,'y' => 498.177 ]
['x' => 66.560,'y' => 498.266 ]
['x' => 66.649,'y' => 498.330 ]
['x' => 66.649,'y' => 498.368 ]
['x' => 66.560,'y' => 498.432 ]
['x' => 66.522,'y' => 498.559 ]
['x' => 66.586,'y' => 498.636 ]
['x' => 66.764,'y' => 498.726 ]
['x' => 66.803,'y' => 498.776 ]
['x' => 66.777,'y' => 498.802 ]
['x' => 66.726,'y' => 498.802 ]
['x' => 66.688,'y' => 498.853 ]
['x' => 66.560,'y' => 498.866 ]
['x' => 66.465,'y' => 498.720 ]
['x' => 66.398,'y' => 498.733 ]
['x' => 66.292,'y' => 498.598 ]
['x' => 66.266,'y' => 498.496 ]
['x' => 66.190,'y' => 498.445 ]
['x' => 66.203,'y' => 498.304 ]
['x' => 66.152,'y' => 498.266 ]
['x' => 66.190,'y' => 498.189 ]
['x' => 66.190,'y' => 498.100 ]
['x' => 66.152,'y' => 497.998 ]
['x' => 66.113,'y' => 497.972 ]
['x' => 65.986,'y' => 497.985 ]
['x' => 65.960,'y' => 498.011 ]
['x' => 65.909,'y' => 498.023 ]
['x' => 65.871,'y' => 498.062 ]
['x' => 65.718,'y' => 498.342 ]
['x' => 65.603,'y' => 498.445 ]
['x' => 65.628,'y' => 498.509 ]
['x' => 65.539,'y' => 498.534 ]
['x' => 65.564,'y' => 498.636 ]
['x' => 65.488,'y' => 498.687 ]
['x' => 65.360,'y' => 498.853 ]
['x' => 65.271,'y' => 499.019 ]
['x' => 65.220,'y' => 499.172 ]
['x' => 65.245,'y' => 499.440 ]
['x' => 65.220,'y' => 499.542 ]
['x' => 65.598,'y' => 499.882 ]
['x' => 65.631,'y' => 499.942 ]
['x' => 65.528,'y' => 500.006 ]
['x' => 65.515,'y' => 500.175 ]
['x' => 65.424,'y' => 500.248 ]
['x' => 65.380,'y' => 500.317 ]
['x' => 65.245,'y' => 500.534 ]
['x' => 65.158,'y' => 500.756 ]
['x' => 65.030,'y' => 500.729 ]
['x' => 64.998,'y' => 500.771 ]
['x' => 64.919,'y' => 500.763 ]
['x' => 64.775,'y' => 500.864 ]
['x' => 64.579,'y' => 500.986 ]
['x' => 64.559,'y' => 500.890 ]
['x' => 64.610,'y' => 500.769 ]
['x' => 64.811,'y' => 500.522 ]
['x' => 64.998,'y' => 500.246 ]
['x' => 64.905,'y' => 499.985 ]
['x' => 64.748,'y' => 499.657 ]
['x' => 64.411,'y' => 499.635 ]
['x' => 64.238,'y' => 499.546 ]
['x' => 64.104,'y' => 499.413 ]
['x' => 63.964,'y' => 499.098 ]
['x' => 63.864,'y' => 499.184 ]
['x' => 63.716,'y' => 499.091 ]
['x' => 63.685,'y' => 499.036 ]
['x' => 63.597,'y' => 498.984 ]
['x' => 63.638,'y' => 498.792 ]
['x' => 63.652,'y' => 498.572 ]
['x' => 63.554,'y' => 498.490 ]
['x' => 63.537,'y' => 498.416 ]
['x' => 63.457,'y' => 498.328 ]
['x' => 63.548,'y' => 498.189 ]
['x' => 63.560,'y' => 498.036 ]
['x' => 63.509,'y' => 497.857 ]
['x' => 63.548,'y' => 497.832 ]
['x' => 63.573,'y' => 497.487 ]
['x' => 63.612,'y' => 497.411 ]
['x' => 63.535,'y' => 497.219 ]
['x' => 63.637,'y' => 497.092 ]
['x' => 63.586,'y' => 497.002 ]
['x' => 63.645,'y' => 496.747 ]
['x' => 63.583,'y' => 496.536 ]
['x' => 63.607,'y' => 496.453 ]
['x' => 63.497,'y' => 496.275 ]
['x' => 63.535,'y' => 496.198 ]
['x' => 63.482,'y' => 496.102 ]
['x' => 63.393,'y' => 495.817 ]
['x' => 63.267,'y' => 495.983 ]
['x' => 63.254,'y' => 496.032 ]
['x' => 63.203,'y' => 496.096 ]
['x' => 63.190,'y' => 496.160 ]
['x' => 63.058,'y' => 496.213 ]
['x' => 63.066,'y' => 496.399 ]
['x' => 62.945,'y' => 496.607 ]
['x' => 62.908,'y' => 496.631 ]
['x' => 62.795,'y' => 496.568 ]
['x' => 62.723,'y' => 496.520 ]
['x' => 62.679,'y' => 496.464 ]
['x' => 62.584,'y' => 496.427 ]
['x' => 62.559,'y' => 496.357 ]
['x' => 62.602,'y' => 496.225 ]
['x' => 62.586,'y' => 496.160 ]
['x' => 62.470,'y' => 496.142 ]
['x' => 62.315,'y' => 496.278 ]
['x' => 62.254,'y' => 496.319 ]
['x' => 62.204,'y' => 496.357 ]
['x' => 62.141,'y' => 496.441 ]
['x' => 62.085,'y' => 496.507 ]
['x' => 62.033,'y' => 496.574 ]
['x' => 61.973,'y' => 496.640 ]
['x' => 61.997,'y' => 496.720 ]
['x' => 61.978,'y' => 496.773 ]
['x' => 61.876,'y' => 496.760 ]
['x' => 61.888,'y' => 496.849 ]
['x' => 61.837,'y' => 496.862 ]
['x' => 61.761,'y' => 496.849 ]
['x' => 61.722,'y' => 496.875 ]
['x' => 61.684,'y' => 496.900 ]
['x' => 61.646,'y' => 496.938 ]
['x' => 61.659,'y' => 496.990 ]
['x' => 61.608,'y' => 497.041 ]
['x' => 61.608,'y' => 497.117 ]
['x' => 61.544,'y' => 497.143 ]
['x' => 61.544,'y' => 497.207 ]
['x' => 61.378,'y' => 497.194 ]
['x' => 61.340,'y' => 497.232 ]
['x' => 61.314,'y' => 497.321 ]
['x' => 61.268,'y' => 497.412 ]
['x' => 61.126,'y' => 497.469 ]
['x' => 61.056,'y' => 497.488 ]
['x' => 60.931,'y' => 497.387 ]
['x' => 60.842,'y' => 497.341 ]
['x' => 60.752,'y' => 497.347 ]
['x' => 60.676,'y' => 497.347 ]
['x' => 60.574,'y' => 497.309 ]
['x' => 60.497,'y' => 497.385 ]
['x' => 60.432,'y' => 497.458 ]
['x' => 60.343,'y' => 497.547 ]
['x' => 60.221,'y' => 497.613 ]
['x' => 60.144,'y' => 497.660 ]
['x' => 60.117,'y' => 497.706 ]
['x' => 60.140,'y' => 497.870 ]
['x' => 60.076,'y' => 497.960 ]
['x' => 60.040,'y' => 497.991 ]
['x' => 60.007,'y' => 498.024 ]
['x' => 59.961,'y' => 498.062 ]
['x' => 59.786,'y' => 498.290 ]
['x' => 59.712,'y' => 498.287 ]
['x' => 59.602,'y' => 498.258 ]
['x' => 59.626,'y' => 498.086 ]
['x' => 59.609,'y' => 497.925 ]
['x' => 59.566,'y' => 497.875 ]
['x' => 59.541,'y' => 497.806 ]
['x' => 59.537,'y' => 497.726 ]
['x' => 59.481,'y' => 497.633 ]
['x' => 59.425,'y' => 497.589 ]
['x' => 59.408,'y' => 497.709 ]
['x' => 59.420,'y' => 497.810 ]
['x' => 59.412,'y' => 497.858 ]
['x' => 59.374,'y' => 497.883 ]
['x' => 59.323,'y' => 497.883 ]
['x' => 59.272,'y' => 497.845 ]
['x' => 59.217,'y' => 497.820 ]
['x' => 59.121,'y' => 497.821 ]
['x' => 59.095,'y' => 497.937 ]
['x' => 59.083,'y' => 497.985 ]
['x' => 59.052,'y' => 498.102 ]
['x' => 58.985,'y' => 498.191 ]
['x' => 58.946,'y' => 498.230 ]
['x' => 58.806,'y' => 498.242 ]
['x' => 58.768,'y' => 498.281 ]
['x' => 58.742,'y' => 498.370 ]
['x' => 58.678,'y' => 498.383 ]
['x' => 58.602,'y' => 498.408 ]
['x' => 58.563,'y' => 498.447 ]
['x' => 58.576,'y' => 498.523 ]
['x' => 58.627,'y' => 498.549 ]
['x' => 58.614,'y' => 498.587 ]
['x' => 58.580,'y' => 498.602 ]
['x' => 58.528,'y' => 498.619 ]
['x' => 58.346,'y' => 498.661 ]
['x' => 58.251,'y' => 498.674 ]
['x' => 58.238,'y' => 498.713 ]
['x' => 58.200,'y' => 498.713 ]
['x' => 58.161,'y' => 498.751 ]
['x' => 58.148,'y' => 498.789 ]
['x' => 58.238,'y' => 498.802 ]
['x' => 58.353,'y' => 498.968 ]
['x' => 58.404,'y' => 498.968 ]
['x' => 58.378,'y' => 498.891 ]
['x' => 58.442,'y' => 498.891 ]
['x' => 58.506,'y' => 498.871 ]
['x' => 58.556,'y' => 498.873 ]
['x' => 58.582,'y' => 498.930 ]
['x' => 58.764,'y' => 498.794 ]
['x' => 58.844,'y' => 498.797 ]
['x' => 58.816,'y' => 499.029 ]
['x' => 58.889,'y' => 499.134 ]
['x' => 58.965,'y' => 499.088 ]
['x' => 59.016,'y' => 499.075 ]
['x' => 59.106,'y' => 499.088 ]
['x' => 59.182,'y' => 499.223 ]
['x' => 59.195,'y' => 499.300 ]
['x' => 59.157,'y' => 499.338 ]
['x' => 59.004,'y' => 499.351 ]
['x' => 58.978,'y' => 499.389 ]
['x' => 58.978,'y' => 499.440 ]
['x' => 59.055,'y' => 499.479 ]
['x' => 59.080,'y' => 499.530 ]
['x' => 59.068,'y' => 499.581 ]
['x' => 58.771,'y' => 499.534 ]
['x' => 58.720,'y' => 499.598 ]
['x' => 58.631,'y' => 499.610 ]
['x' => 58.467,'y' => 499.775 ]
['x' => 58.052,'y' => 500.015 ]
['x' => 58.049,'y' => 500.067 ]
['x' => 57.985,'y' => 500.105 ]
['x' => 57.947,'y' => 500.130 ]
['x' => 57.896,'y' => 500.143 ]
['x' => 57.870,'y' => 500.169 ]
['x' => 57.819,'y' => 500.169 ]
['x' => 57.755,'y' => 500.233 ]
['x' => 57.717,'y' => 500.335 ]
['x' => 57.755,'y' => 500.373 ]
['x' => 57.793,'y' => 500.335 ]
['x' => 57.844,'y' => 500.309 ]
['x' => 57.895,'y' => 500.296 ]
['x' => 58.010,'y' => 500.309 ]
['x' => 58.049,'y' => 500.284 ]
['x' => 58.074,'y' => 500.258 ]
['x' => 58.112,'y' => 500.245 ]
['x' => 58.174,'y' => 500.272 ]
['x' => 58.238,'y' => 500.259 ]
['x' => 58.276,'y' => 500.259 ]
['x' => 58.301,'y' => 500.234 ]
['x' => 58.352,'y' => 500.246 ]
['x' => 58.404,'y' => 500.208 ]
['x' => 58.442,'y' => 500.195 ]
['x' => 58.544,'y' => 500.308 ]
['x' => 58.570,'y' => 500.410 ]
['x' => 58.505,'y' => 500.475 ]
['x' => 58.492,'y' => 500.552 ]
['x' => 58.428,'y' => 500.539 ]
['x' => 58.403,'y' => 500.590 ]
['x' => 58.441,'y' => 500.679 ]
['x' => 58.377,'y' => 500.769 ]
['x' => 58.249,'y' => 500.769 ]
['x' => 58.224,'y' => 500.718 ]
['x' => 58.198,'y' => 500.654 ]
['x' => 58.034,'y' => 500.666 ]
['x' => 57.893,'y' => 500.666 ]
['x' => 57.817,'y' => 500.717 ]
['x' => 57.778,'y' => 500.768 ]
['x' => 57.689,'y' => 500.768 ]
['x' => 57.638,'y' => 500.819 ]
['x' => 57.664,'y' => 500.934 ]
['x' => 57.638,'y' => 501.048 ]
['x' => 57.676,'y' => 501.112 ]
['x' => 57.638,'y' => 501.125 ]
['x' => 57.638,'y' => 501.189 ]
['x' => 57.676,'y' => 501.176 ]
['x' => 57.715,'y' => 501.163 ]
['x' => 57.842,'y' => 501.317 ]
['x' => 57.842,'y' => 501.482 ]
['x' => 57.906,'y' => 501.534 ]
['x' => 57.957,'y' => 501.508 ]
['x' => 57.970,'y' => 501.457 ]
['x' => 58.008,'y' => 501.457 ]
['x' => 58.123,'y' => 501.572 ]
['x' => 58.276,'y' => 501.610 ]
['x' => 58.353,'y' => 501.546 ]
['x' => 58.442,'y' => 501.521 ]
['x' => 58.493,'y' => 501.508 ]
['x' => 58.570,'y' => 501.431 ]
['x' => 58.583,'y' => 501.317 ]
['x' => 58.646,'y' => 501.291 ]
['x' => 58.710,'y' => 501.291 ]
['x' => 58.761,'y' => 501.329 ]
['x' => 58.799,'y' => 501.202 ]
['x' => 58.863,'y' => 501.202 ]
['x' => 58.978,'y' => 501.253 ]
['x' => 59.080,'y' => 501.253 ]
['x' => 59.119,'y' => 501.202 ]
['x' => 59.182,'y' => 501.176 ]
['x' => 59.233,'y' => 501.163 ]
['x' => 59.285,'y' => 501.138 ]
['x' => 59.323,'y' => 501.112 ]
['x' => 59.489,'y' => 501.074 ]
['x' => 59.578,'y' => 501.023 ]
['x' => 59.553,'y' => 500.972 ]
['x' => 59.489,'y' => 500.946 ]
['x' => 59.514,'y' => 500.844 ]
['x' => 59.667,'y' => 500.832 ]
['x' => 59.693,'y' => 500.793 ]
['x' => 59.808,'y' => 500.768 ]
['x' => 59.884,'y' => 500.729 ]
['x' => 59.936,'y' => 500.729 ]
['x' => 59.999,'y' => 500.678 ]
['x' => 60.152,'y' => 500.627 ]
['x' => 60.191,'y' => 500.564 ]
['x' => 60.229,'y' => 500.551 ]
['x' => 60.267,'y' => 500.564 ]
['x' => 60.344,'y' => 500.551 ]
['x' => 60.395,'y' => 500.576 ]
['x' => 60.421,'y' => 500.704 ]
['x' => 60.446,'y' => 500.729 ]
['x' => 60.535,'y' => 500.729 ]
['x' => 60.599,'y' => 500.678 ]
['x' => 60.663,'y' => 500.653 ]
['x' => 60.727,'y' => 500.525 ]
['x' => 60.752,'y' => 500.500 ]
['x' => 60.746,'y' => 500.347 ]
['x' => 60.839,'y' => 500.270 ]
['x' => 60.902,'y' => 500.270 ]
['x' => 60.953,'y' => 500.309 ]
['x' => 61.030,'y' => 500.296 ]
['x' => 61.081,'y' => 500.334 ]
['x' => 61.168,'y' => 500.433 ]
['x' => 61.186,'y' => 500.563 ]
['x' => 61.148,'y' => 500.576 ]
['x' => 61.071,'y' => 500.678 ]
['x' => 61.071,'y' => 500.729 ]
['x' => 61.148,'y' => 500.768 ]
['x' => 61.161,'y' => 500.717 ]
['x' => 61.212,'y' => 500.704 ]
['x' => 61.278,'y' => 500.709 ]
['x' => 61.391,'y' => 500.717 ]
['x' => 61.442,'y' => 500.640 ]
['x' => 61.490,'y' => 500.553 ]
['x' => 61.623,'y' => 500.580 ]
['x' => 61.731,'y' => 500.655 ]
['x' => 61.774,'y' => 500.768 ]
['x' => 61.802,'y' => 500.845 ]
['x' => 61.735,'y' => 500.883 ]
['x' => 61.722,'y' => 500.921 ]
['x' => 61.633,'y' => 500.946 ]
['x' => 61.569,'y' => 500.959 ]
['x' => 61.518,'y' => 500.998 ]
['x' => 61.518,'y' => 501.074 ]
['x' => 61.467,'y' => 501.138 ]
['x' => 61.416,'y' => 501.100 ]
['x' => 61.352,'y' => 501.112 ]
['x' => 61.327,'y' => 501.195 ]
['x' => 61.290,'y' => 501.256 ]
['x' => 61.235,'y' => 501.289 ]
['x' => 61.109,'y' => 501.296 ]
['x' => 61.110,'y' => 501.380 ]
['x' => 61.276,'y' => 501.380 ]
['x' => 61.352,'y' => 501.393 ]
['x' => 61.416,'y' => 501.368 ]
['x' => 61.518,'y' => 501.368 ]
['x' => 61.633,'y' => 501.431 ]
['x' => 61.735,'y' => 501.559 ]
['x' => 61.786,'y' => 501.533 ]
['x' => 61.914,'y' => 501.521 ]
['x' => 61.978,'y' => 501.521 ]
['x' => 62.003,'y' => 501.546 ]
['x' => 62.284,'y' => 501.521 ]
['x' => 62.347,'y' => 501.523 ]
['x' => 62.399,'y' => 501.495 ]
['x' => 62.463,'y' => 501.508 ]
['x' => 62.501,'y' => 501.470 ]
['x' => 62.565,'y' => 501.457 ]
['x' => 62.667,'y' => 501.470 ]
['x' => 62.756,'y' => 501.380 ]
['x' => 62.871,'y' => 501.419 ]
['x' => 62.999,'y' => 501.317 ]
['x' => 63.126,'y' => 501.304 ]
['x' => 63.165,'y' => 501.317 ]
['x' => 63.165,'y' => 501.355 ]
['x' => 63.101,'y' => 501.380 ]
['x' => 63.075,'y' => 501.444 ]
['x' => 63.152,'y' => 501.482 ]
['x' => 63.152,'y' => 501.585 ]
['x' => 63.114,'y' => 501.610 ]
['x' => 63.101,'y' => 501.674 ]
['x' => 63.063,'y' => 501.687 ]
['x' => 63.063,'y' => 501.725 ]
['x' => 62.973,'y' => 501.776 ]
['x' => 62.948,'y' => 501.814 ]
['x' => 62.846,'y' => 501.853 ]
['x' => 62.782,'y' => 501.865 ]
['x' => 62.705,'y' => 501.891 ]
['x' => 62.590,'y' => 501.916 ]
['x' => 62.556,'y' => 501.877 ]
['x' => 62.366,'y' => 501.881 ]
['x' => 62.267,'y' => 501.945 ]
['x' => 62.157,'y' => 501.959 ]
['x' => 62.093,'y' => 502.010 ]
['x' => 62.004,'y' => 502.036 ]
['x' => 61.918,'y' => 502.115 ]
['x' => 61.867,'y' => 502.141 ]
['x' => 61.803,'y' => 502.128 ]
['x' => 61.748,'y' => 502.176 ]
['x' => 61.659,'y' => 502.265 ]
['x' => 61.608,'y' => 502.291 ]
['x' => 61.556,'y' => 502.328 ]
['x' => 61.505,'y' => 502.354 ]
['x' => 61.466,'y' => 502.379 ]
['x' => 61.403,'y' => 502.405 ]
['x' => 61.327,'y' => 502.445 ]
['x' => 61.276,'y' => 502.453 ]
['x' => 61.084,'y' => 502.465 ]
['x' => 60.957,'y' => 502.440 ]
['x' => 60.918,'y' => 502.402 ]
['x' => 60.842,'y' => 502.402 ]
['x' => 60.816,'y' => 502.427 ]
['x' => 60.625,'y' => 502.414 ]
['x' => 60.586,'y' => 502.516 ]
['x' => 60.561,'y' => 502.593 ]
['x' => 60.561,'y' => 502.835 ]
['x' => 60.510,'y' => 502.887 ]
['x' => 60.472,'y' => 502.899 ]
['x' => 60.433,'y' => 502.912 ]
['x' => 60.331,'y' => 502.874 ]
['x' => 60.229,'y' => 502.746 ]
['x' => 60.127,'y' => 502.746 ]
['x' => 60.040,'y' => 502.699 ]
['x' => 59.955,'y' => 502.713 ]
['x' => 59.880,'y' => 502.705 ]
['x' => 59.854,'y' => 502.638 ]
['x' => 59.793,'y' => 502.463 ]
['x' => 59.724,'y' => 502.407 ]
['x' => 59.660,'y' => 502.388 ]
['x' => 59.616,'y' => 502.391 ]
['x' => 59.527,'y' => 502.427 ]
['x' => 59.553,'y' => 502.465 ]
['x' => 59.553,'y' => 502.529 ]
['x' => 59.458,'y' => 502.520 ]
['x' => 59.383,'y' => 502.587 ]
['x' => 59.332,'y' => 502.612 ]
['x' => 59.281,'y' => 502.638 ]
['x' => 59.125,'y' => 502.659 ]
['x' => 59.125,'y' => 502.697 ]
['x' => 59.087,'y' => 502.736 ]
['x' => 59.048,'y' => 502.761 ]
['x' => 58.963,'y' => 502.881 ]
['x' => 58.898,'y' => 502.931 ]
['x' => 58.953,'y' => 502.950 ]
['x' => 58.940,'y' => 502.989 ]
['x' => 58.914,'y' => 503.019 ]
['x' => 58.831,'y' => 503.055 ]
['x' => 58.816,'y' => 503.166 ]
['x' => 58.765,'y' => 503.179 ]
['x' => 58.714,'y' => 503.217 ]
['x' => 58.676,'y' => 503.243 ]
['x' => 58.618,'y' => 503.315 ]
['x' => 58.622,'y' => 503.374 ]
['x' => 58.621,'y' => 503.410 ]
['x' => 58.570,'y' => 503.461 ]
['x' => 58.612,'y' => 503.622 ]
['x' => 58.551,'y' => 503.703 ]
['x' => 58.582,'y' => 503.793 ]
['x' => 58.621,'y' => 503.806 ]
['x' => 58.608,'y' => 503.882 ]
['x' => 58.519,'y' => 503.882 ]
['x' => 58.493,'y' => 503.818 ]
['x' => 58.440,'y' => 503.845 ]
['x' => 58.320,'y' => 503.871 ]
['x' => 58.250,'y' => 503.890 ]
['x' => 58.195,'y' => 503.927 ]
['x' => 58.137,'y' => 503.980 ]
['x' => 58.091,'y' => 504.018 ]
['x' => 57.983,'y' => 504.048 ]
['x' => 57.937,'y' => 504.068 ]
['x' => 57.836,'y' => 503.904 ]
['x' => 57.746,'y' => 503.899 ]
['x' => 57.638,'y' => 503.780 ]
['x' => 57.587,'y' => 503.764 ]
['x' => 57.528,'y' => 503.734 ]
['x' => 57.479,'y' => 503.751 ]
['x' => 57.442,'y' => 503.751 ]
['x' => 57.339,'y' => 503.695 ]
['x' => 57.344,'y' => 503.831 ]
['x' => 57.293,'y' => 503.882 ]
['x' => 57.255,'y' => 503.882 ]
['x' => 57.218,'y' => 503.846 ]
['x' => 57.209,'y' => 503.801 ]
['x' => 57.160,'y' => 503.723 ]
['x' => 57.157,'y' => 503.626 ]
['x' => 57.102,'y' => 503.701 ]
['x' => 57.041,'y' => 503.768 ]
['x' => 57.025,'y' => 503.857 ]
['x' => 57.051,'y' => 503.908 ]
['x' => 57.089,'y' => 503.908 ]
['x' => 57.076,'y' => 503.959 ]
['x' => 56.990,'y' => 503.939 ]
['x' => 56.939,'y' => 503.939 ]
['x' => 56.888,'y' => 503.990 ]
['x' => 56.812,'y' => 503.990 ]
['x' => 56.786,'y' => 504.041 ]
['x' => 56.722,'y' => 504.054 ]
['x' => 56.697,'y' => 504.079 ]
['x' => 56.658,'y' => 504.079 ]
['x' => 56.620,'y' => 504.117 ]
['x' => 56.505,'y' => 504.143 ]
['x' => 56.467,'y' => 504.181 ]
['x' => 56.378,'y' => 504.194 ]
['x' => 56.339,'y' => 504.207 ]
['x' => 56.258,'y' => 504.221 ]
['x' => 56.188,'y' => 504.271 ]
['x' => 56.149,'y' => 504.266 ]
['x' => 56.084,'y' => 504.258 ]
['x' => 56.029,'y' => 504.300 ]
['x' => 55.832,'y' => 504.301 ]
['x' => 55.787,'y' => 504.331 ]
['x' => 55.693,'y' => 504.365 ]
['x' => 55.625,'y' => 504.429 ]
['x' => 55.578,'y' => 504.503 ]
['x' => 55.608,'y' => 504.597 ]
['x' => 55.547,'y' => 504.680 ]
['x' => 55.440,'y' => 504.749 ]
['x' => 55.455,'y' => 504.852 ]
['x' => 55.455,'y' => 505.056 ]
['x' => 55.532,'y' => 505.108 ]
['x' => 55.532,'y' => 505.159 ]
['x' => 55.468,'y' => 505.248 ]
['x' => 55.532,'y' => 505.324 ]
['x' => 55.438,'y' => 505.554 ]
['x' => 55.410,'y' => 505.690 ]
['x' => 55.472,'y' => 505.772 ]
['x' => 55.501,'y' => 505.839 ]
['x' => 55.455,'y' => 506.039 ]
['x' => 55.608,'y' => 506.147 ]
['x' => 55.672,'y' => 506.192 ]
['x' => 55.705,'y' => 506.330 ]
['x' => 55.813,'y' => 506.550 ]
['x' => 56.004,'y' => 506.729 ]
['x' => 56.058,'y' => 506.702 ]
['x' => 56.111,'y' => 506.631 ]
['x' => 56.157,'y' => 506.595 ]
['x' => 56.247,'y' => 506.601 ]
['x' => 56.363,'y' => 506.623 ]
['x' => 56.413,'y' => 506.690 ]
['x' => 56.421,'y' => 506.798 ]
['x' => 56.476,'y' => 506.882 ]
['x' => 56.578,'y' => 506.890 ]
['x' => 56.649,'y' => 506.915 ]
['x' => 56.732,'y' => 506.920 ]
['x' => 56.796,'y' => 506.958 ]
['x' => 56.847,'y' => 506.958 ]
['x' => 56.966,'y' => 506.934 ]
['x' => 56.980,'y' => 506.845 ]
['x' => 56.961,'y' => 506.780 ]
['x' => 57.015,'y' => 506.769 ]
['x' => 57.075,'y' => 506.926 ]
['x' => 57.099,'y' => 507.068 ]
['x' => 57.140,'y' => 507.175 ]
['x' => 57.217,'y' => 507.201 ]
['x' => 57.319,'y' => 507.175 ]
['x' => 57.357,'y' => 507.175 ]
['x' => 57.408,'y' => 507.201 ]
['x' => 57.395,'y' => 507.277 ]
['x' => 57.434,'y' => 507.316 ]
['x' => 57.498,'y' => 507.316 ]
['x' => 57.549,'y' => 507.277 ]
['x' => 57.638,'y' => 507.265 ]
['x' => 57.676,'y' => 507.226 ]
['x' => 57.908,'y' => 507.191 ]
['x' => 58.100,'y' => 507.284 ]
['x' => 58.183,'y' => 507.371 ]
['x' => 58.152,'y' => 507.507 ]
['x' => 58.068,'y' => 507.560 ]
['x' => 57.891,'y' => 507.619 ]
['x' => 57.655,'y' => 507.591 ]
['x' => 57.600,'y' => 507.711 ]
['x' => 57.536,'y' => 507.711 ]
['x' => 57.523,'y' => 507.775 ]
['x' => 57.453,'y' => 508.069 ]
['x' => 57.523,'y' => 508.120 ]
['x' => 57.498,'y' => 508.158 ]
['x' => 57.421,'y' => 508.171 ]
['x' => 57.383,'y' => 508.235 ]
['x' => 57.332,'y' => 508.260 ]
['x' => 57.242,'y' => 508.222 ]
['x' => 57.178,'y' => 508.222 ]
['x' => 57.127,'y' => 508.247 ]
['x' => 56.997,'y' => 508.170 ]
['x' => 57.009,'y' => 508.106 ]
['x' => 57.013,'y' => 508.056 ]
['x' => 56.863,'y' => 507.929 ]
['x' => 56.709,'y' => 507.866 ]
['x' => 56.646,'y' => 507.878 ]
['x' => 56.569,'y' => 507.891 ]
['x' => 56.518,'y' => 507.929 ]
['x' => 56.528,'y' => 507.992 ]
['x' => 56.602,'y' => 508.018 ]
['x' => 56.732,'y' => 508.132 ]
['x' => 56.723,'y' => 508.260 ]
['x' => 56.656,'y' => 508.308 ]
['x' => 56.543,'y' => 508.372 ]
['x' => 56.430,'y' => 508.365 ]
['x' => 56.418,'y' => 508.295 ]
['x' => 56.379,'y' => 508.193 ]
['x' => 56.328,'y' => 508.193 ]
['x' => 56.277,'y' => 508.231 ]
['x' => 56.260,'y' => 508.304 ]
['x' => 56.136,'y' => 508.320 ]
['x' => 56.098,'y' => 508.346 ]
['x' => 56.034,'y' => 508.359 ]
['x' => 56.004,'y' => 508.541 ]
['x' => 56.004,'y' => 508.579 ]
['x' => 55.966,'y' => 508.592 ]
['x' => 55.966,'y' => 508.669 ]
['x' => 56.055,'y' => 508.732 ]
['x' => 56.030,'y' => 508.835 ]
['x' => 55.940,'y' => 508.860 ]
['x' => 55.864,'y' => 508.771 ]
['x' => 55.787,'y' => 508.758 ]
['x' => 55.800,'y' => 508.707 ]
['x' => 55.723,'y' => 508.592 ]
['x' => 55.591,'y' => 508.719 ]
['x' => 55.489,'y' => 508.732 ]
['x' => 55.452,'y' => 508.894 ]
['x' => 55.463,'y' => 509.013 ]
['x' => 55.455,'y' => 509.090 ]
['x' => 55.391,'y' => 509.103 ]
['x' => 55.326,'y' => 509.080 ]
['x' => 55.249,'y' => 509.131 ]
['x' => 55.211,'y' => 509.195 ]
['x' => 55.161,'y' => 509.191 ]
['x' => 55.136,'y' => 509.217 ]
['x' => 54.970,'y' => 509.141 ]
['x' => 54.945,'y' => 509.218 ]
['x' => 54.894,'y' => 509.256 ]
['x' => 54.932,'y' => 509.332 ]
['x' => 54.983,'y' => 509.345 ]
['x' => 54.983,'y' => 509.486 ]
['x' => 55.034,'y' => 509.549 ]
['x' => 54.994,'y' => 509.617 ]
['x' => 54.894,'y' => 509.662 ]
['x' => 54.868,'y' => 509.830 ]
['x' => 54.766,'y' => 509.843 ]
['x' => 54.575,'y' => 509.817 ]
['x' => 54.498,'y' => 509.741 ]
['x' => 54.511,'y' => 509.600 ]
['x' => 54.473,'y' => 509.549 ]
['x' => 54.379,'y' => 509.521 ]
['x' => 54.341,'y' => 509.572 ]
['x' => 54.201,'y' => 509.572 ]
['x' => 54.060,'y' => 509.700 ]
['x' => 54.022,'y' => 509.713 ]
['x' => 53.873,'y' => 509.741 ]
['x' => 53.809,'y' => 509.677 ]
['x' => 53.736,'y' => 509.639 ]
['x' => 53.699,'y' => 509.474 ]
['x' => 53.715,'y' => 509.280 ]
['x' => 53.671,'y' => 509.184 ]
['x' => 53.592,'y' => 509.103 ]
['x' => 53.534,'y' => 508.966 ]
['x' => 53.477,'y' => 508.898 ]
['x' => 53.400,'y' => 508.911 ]
['x' => 53.362,'y' => 508.975 ]
['x' => 53.285,'y' => 508.988 ]
['x' => 53.222,'y' => 508.962 ]
['x' => 53.158,'y' => 508.975 ]
['x' => 53.171,'y' => 509.026 ]
['x' => 53.324,'y' => 509.103 ]
['x' => 53.311,'y' => 509.179 ]
['x' => 53.234,'y' => 509.154 ]
['x' => 53.171,'y' => 509.167 ]
['x' => 53.196,'y' => 509.230 ]
['x' => 53.158,'y' => 509.217 ]
['x' => 53.158,'y' => 509.256 ]
['x' => 53.234,'y' => 509.320 ]
['x' => 53.222,'y' => 509.371 ]
['x' => 53.158,'y' => 509.345 ]
['x' => 53.107,'y' => 509.358 ]
['x' => 53.107,'y' => 509.460 ]
['x' => 53.273,'y' => 509.651 ]
['x' => 53.260,'y' => 509.690 ]
['x' => 53.209,'y' => 509.728 ]
['x' => 53.209,'y' => 509.805 ]
['x' => 53.158,'y' => 509.843 ]
['x' => 53.158,'y' => 509.881 ]
['x' => 53.107,'y' => 509.945 ]
['x' => 53.119,'y' => 510.009 ]
['x' => 53.081,'y' => 509.996 ]
['x' => 53.043,'y' => 510.034 ]
['x' => 52.979,'y' => 510.034 ]
['x' => 52.966,'y' => 510.124 ]
['x' => 52.890,'y' => 510.136 ]
['x' => 52.877,'y' => 510.264 ]
['x' => 52.826,'y' => 510.277 ]
['x' => 52.737,'y' => 510.315 ]
['x' => 52.685,'y' => 510.328 ]
['x' => 52.698,'y' => 510.443 ]
['x' => 52.647,'y' => 510.545 ]
['x' => 52.724,'y' => 510.647 ]
['x' => 52.673,'y' => 510.647 ]
['x' => 52.647,'y' => 510.609 ]
['x' => 52.507,'y' => 510.571 ]
['x' => 52.468,'y' => 510.532 ]
['x' => 52.341,'y' => 510.532 ]
['x' => 52.290,'y' => 510.507 ]
['x' => 52.239,'y' => 510.456 ]
['x' => 52.251,'y' => 510.392 ]
['x' => 52.188,'y' => 510.417 ]
['x' => 52.162,'y' => 510.456 ]
['x' => 52.098,'y' => 510.443 ]
['x' => 52.073,'y' => 510.468 ]
['x' => 51.984,'y' => 510.417 ]
['x' => 51.932,'y' => 510.315 ]
['x' => 51.881,'y' => 510.328 ]
['x' => 51.932,'y' => 510.520 ]
['x' => 52.022,'y' => 510.558 ]
['x' => 52.022,'y' => 510.660 ]
['x' => 51.983,'y' => 510.685 ]
['x' => 51.932,'y' => 510.698 ]
['x' => 51.894,'y' => 510.711 ]
['x' => 51.907,'y' => 510.864 ]
['x' => 51.869,'y' => 510.915 ]
['x' => 51.818,'y' => 510.915 ]
['x' => 51.779,'y' => 510.877 ]
['x' => 51.715,'y' => 510.890 ]
['x' => 51.715,'y' => 510.953 ]
['x' => 51.766,'y' => 511.005 ]
['x' => 51.639,'y' => 511.017 ]
['x' => 51.601,'y' => 511.068 ]
['x' => 51.728,'y' => 511.183 ]
['x' => 51.766,'y' => 511.183 ]
['x' => 51.818,'y' => 511.132 ]
['x' => 51.971,'y' => 511.170 ]
['x' => 52.022,'y' => 511.234 ]
['x' => 52.009,'y' => 511.387 ]
['x' => 52.111,'y' => 511.413 ]
['x' => 52.137,'y' => 511.489 ]
['x' => 52.200,'y' => 511.490 ]
['x' => 52.226,'y' => 511.413 ]
['x' => 52.303,'y' => 511.362 ]
['x' => 52.315,'y' => 511.298 ]
['x' => 52.366,'y' => 511.260 ]
['x' => 52.405,'y' => 511.260 ]
['x' => 52.520,'y' => 511.426 ]
['x' => 52.469,'y' => 511.592 ]
['x' => 52.558,'y' => 511.668 ]
['x' => 52.571,'y' => 511.758 ]
['x' => 52.634,'y' => 511.821 ]
['x' => 52.545,'y' => 511.796 ]
['x' => 52.532,'y' => 511.860 ]
['x' => 52.711,'y' => 511.962 ]
['x' => 52.826,'y' => 512.204 ]
['x' => 52.864,'y' => 512.217 ]
['x' => 52.902,'y' => 512.204 ]
['x' => 53.017,'y' => 512.294 ]
['x' => 53.068,'y' => 512.345 ]
['x' => 53.068,'y' => 512.421 ]
['x' => 53.196,'y' => 512.421 ]
['x' => 53.260,'y' => 512.447 ]
['x' => 53.429,'y' => 512.622 ]
['x' => 53.429,'y' => 512.673 ]
['x' => 53.366,'y' => 512.724 ]
['x' => 53.263,'y' => 512.877 ]
['x' => 53.238,'y' => 512.979 ]
['x' => 53.187,'y' => 513.018 ]
['x' => 53.149,'y' => 513.043 ]
['x' => 52.908,'y' => 513.001 ]
['x' => 52.800,'y' => 512.957 ]
['x' => 52.685,'y' => 512.983 ]
['x' => 52.609,'y' => 512.919 ]
['x' => 52.583,'y' => 512.843 ]
['x' => 52.277,'y' => 512.689 ]
['x' => 52.226,'y' => 512.689 ]
['x' => 52.175,'y' => 512.740 ]
['x' => 52.124,'y' => 512.740 ]
['x' => 52.098,'y' => 512.766 ]
['x' => 51.983,'y' => 512.740 ]
['x' => 51.945,'y' => 512.766 ]
['x' => 51.894,'y' => 512.766 ]
['x' => 51.856,'y' => 512.689 ]
['x' => 51.613,'y' => 512.460 ]
['x' => 51.511,'y' => 512.536 ]
['x' => 51.473,'y' => 512.562 ]
['x' => 51.371,'y' => 512.562 ]
['x' => 51.345,'y' => 512.587 ]
['x' => 51.281,'y' => 512.587 ]
['x' => 51.230,'y' => 512.626 ]
['x' => 51.179,'y' => 512.626 ]
['x' => 51.205,'y' => 512.702 ]
['x' => 51.167,'y' => 512.728 ]
['x' => 51.128,'y' => 512.766 ]
['x' => 51.090,'y' => 512.817 ]
['x' => 51.039,'y' => 512.843 ]
['x' => 50.988,'y' => 512.843 ]
['x' => 50.950,'y' => 512.766 ]
['x' => 50.911,'y' => 512.766 ]
['x' => 50.911,'y' => 512.843 ]
['x' => 50.847,'y' => 512.906 ]
['x' => 50.822,'y' => 512.983 ]
['x' => 50.822,'y' => 513.085 ]
['x' => 50.934,'y' => 513.222 ]
['x' => 50.899,'y' => 513.251 ]
['x' => 50.898,'y' => 513.328 ]
['x' => 50.962,'y' => 513.366 ]
['x' => 50.962,'y' => 513.596 ]
['x' => 51.001,'y' => 513.698 ]
['x' => 51.141,'y' => 513.787 ]
['x' => 51.192,'y' => 513.979 ]
['x' => 51.281,'y' => 514.017 ]
['x' => 51.282,'y' => 514.081 ]
['x' => 51.358,'y' => 514.145 ]
['x' => 51.320,'y' => 514.208 ]
['x' => 51.327,'y' => 514.288 ]
['x' => 51.243,'y' => 514.323 ]
['x' => 51.141,'y' => 514.323 ]
['x' => 51.116,'y' => 514.349 ]
['x' => 51.179,'y' => 514.553 ]
['x' => 51.128,'y' => 514.591 ]
['x' => 51.090,'y' => 514.732 ]
['x' => 51.332,'y' => 515.051 ]
['x' => 51.498,'y' => 515.178 ]
['x' => 51.601,'y' => 515.191 ]
['x' => 51.626,'y' => 515.153 ]
['x' => 51.664,'y' => 515.140 ]
['x' => 51.677,'y' => 515.089 ]
['x' => 51.728,'y' => 515.089 ]
['x' => 51.754,'y' => 515.051 ]
['x' => 51.805,'y' => 515.051 ]
['x' => 51.843,'y' => 515.025 ]
['x' => 51.894,'y' => 515.063 ]
['x' => 52.073,'y' => 515.089 ]
['x' => 52.162,'y' => 515.191 ]
['x' => 52.200,'y' => 515.153 ]
['x' => 52.264,'y' => 515.153 ]
['x' => 52.277,'y' => 515.102 ]
['x' => 52.341,'y' => 515.102 ]
['x' => 52.481,'y' => 515.204 ]
['x' => 52.481,'y' => 515.293 ]
['x' => 52.558,'y' => 515.281 ]
['x' => 52.634,'y' => 515.242 ]
['x' => 52.698,'y' => 515.217 ]
['x' => 52.762,'y' => 515.191 ]
['x' => 52.826,'y' => 515.204 ]
['x' => 52.839,'y' => 515.293 ]
['x' => 52.928,'y' => 515.383 ]
['x' => 52.864,'y' => 515.446 ]
['x' => 52.851,'y' => 515.497 ]
['x' => 52.928,'y' => 515.561 ]
['x' => 52.915,'y' => 515.651 ]
['x' => 52.979,'y' => 515.689 ]
['x' => 52.966,'y' => 515.791 ]
['x' => 53.005,'y' => 515.842 ]
['x' => 52.979,'y' => 515.868 ]
['x' => 52.813,'y' => 515.855 ]
['x' => 52.788,'y' => 515.970 ]
['x' => 52.698,'y' => 515.931 ]
['x' => 52.609,'y' => 515.944 ]
['x' => 52.622,'y' => 516.008 ]
['x' => 52.813,'y' => 516.110 ]
['x' => 52.813,'y' => 516.174 ]
['x' => 52.851,'y' => 516.187 ]
['x' => 52.826,'y' => 516.263 ]
['x' => 52.775,'y' => 516.289 ]
['x' => 52.724,'y' => 516.302 ]
['x' => 52.737,'y' => 516.391 ]
['x' => 52.607,'y' => 516.378 ]
['x' => 52.587,'y' => 516.511 ]
['x' => 52.641,'y' => 516.646 ]
['x' => 52.456,'y' => 516.721 ]
['x' => 52.366,'y' => 516.633 ]
['x' => 52.264,'y' => 516.595 ]
['x' => 52.213,'y' => 516.608 ]
['x' => 52.175,'y' => 516.621 ]
['x' => 52.047,'y' => 516.621 ]
['x' => 51.920,'y' => 516.557 ]
['x' => 51.894,'y' => 516.582 ]
['x' => 51.754,'y' => 516.582 ]
['x' => 51.690,'y' => 516.429 ]
['x' => 51.626,'y' => 516.416 ]
['x' => 51.664,'y' => 516.493 ]
['x' => 51.652,'y' => 516.570 ]
['x' => 51.601,'y' => 516.557 ]
['x' => 51.524,'y' => 516.672 ]
['x' => 51.447,'y' => 516.672 ]
['x' => 51.435,'y' => 516.570 ]
['x' => 51.384,'y' => 516.519 ]
['x' => 51.384,'y' => 516.467 ]
['x' => 51.422,'y' => 516.442 ]
['x' => 51.422,'y' => 516.365 ]
['x' => 51.422,'y' => 516.327 ]
['x' => 51.358,'y' => 516.327 ]
['x' => 51.269,'y' => 516.251 ]
['x' => 51.167,'y' => 516.263 ]
['x' => 51.128,'y' => 516.225 ]
['x' => 50.847,'y' => 516.212 ]
['x' => 50.771,'y' => 516.238 ]
['x' => 50.707,'y' => 516.199 ]
['x' => 50.643,'y' => 516.212 ]
['x' => 50.596,'y' => 516.271 ]
['x' => 50.579,'y' => 516.391 ]
['x' => 50.537,'y' => 516.447 ]
['x' => 50.525,'y' => 516.511 ]
['x' => 50.423,'y' => 516.524 ]
['x' => 50.384,'y' => 516.588 ]
['x' => 50.346,'y' => 516.626 ]
['x' => 50.268,'y' => 516.697 ]
['x' => 50.005,'y' => 516.621 ]
['x' => 49.980,'y' => 516.659 ]
['x' => 49.928,'y' => 516.684 ]
['x' => 49.877,'y' => 516.761 ]
['x' => 49.801,'y' => 516.774 ]
['x' => 49.763,'y' => 516.825 ]
['x' => 49.673,'y' => 516.838 ]
['x' => 49.673,'y' => 516.889 ]
['x' => 49.724,'y' => 516.914 ]
['x' => 49.702,'y' => 516.969 ]
['x' => 49.763,'y' => 517.029 ]
['x' => 49.877,'y' => 517.029 ]
['x' => 49.992,'y' => 517.093 ]
['x' => 50.069,'y' => 517.093 ]
['x' => 50.158,'y' => 517.144 ]
['x' => 50.248,'y' => 517.144 ]
['x' => 50.439,'y' => 517.336 ]
['x' => 50.465,'y' => 517.412 ]
['x' => 50.541,'y' => 517.438 ]
['x' => 50.682,'y' => 517.425 ]
['x' => 50.771,'y' => 517.604 ]
['x' => 50.835,'y' => 517.616 ]
['x' => 50.860,'y' => 517.591 ]
['x' => 50.899,'y' => 517.591 ]
['x' => 51.039,'y' => 517.655 ]
['x' => 51.052,'y' => 517.731 ]
['x' => 51.001,'y' => 517.782 ]
['x' => 51.001,'y' => 517.872 ]
['x' => 50.962,'y' => 517.910 ]
['x' => 50.886,'y' => 517.884 ]
['x' => 50.848,'y' => 517.948 ]
['x' => 50.784,'y' => 517.948 ]
['x' => 50.758,'y' => 518.037 ]
['x' => 50.567,'y' => 517.986 ]
['x' => 50.490,'y' => 518.063 ]
['x' => 50.414,'y' => 518.076 ]
['x' => 50.324,'y' => 518.025 ]
['x' => 50.286,'y' => 518.114 ]
['x' => 50.286,'y' => 518.242 ]
['x' => 50.222,'y' => 518.331 ]
['x' => 50.158,'y' => 518.369 ]
['x' => 49.980,'y' => 518.357 ]
['x' => 49.954,'y' => 518.306 ]
['x' => 49.852,'y' => 518.280 ]
['x' => 49.814,'y' => 518.229 ]
['x' => 49.711,'y' => 518.229 ]
['x' => 49.686,'y' => 518.255 ]
['x' => 49.558,'y' => 518.229 ]
['x' => 49.482,'y' => 518.229 ]
['x' => 49.443,'y' => 518.178 ]
['x' => 49.290,'y' => 518.165 ]
['x' => 49.265,'y' => 518.191 ]
['x' => 49.188,'y' => 518.191 ]
['x' => 49.099,'y' => 518.101 ]
['x' => 49.061,'y' => 518.101 ]
['x' => 49.009,'y' => 518.165 ]
['x' => 48.971,'y' => 518.178 ]
['x' => 48.933,'y' => 518.191 ]
['x' => 48.946,'y' => 518.255 ]
['x' => 49.073,'y' => 518.293 ]
['x' => 49.201,'y' => 518.459 ]
['x' => 49.201,'y' => 518.586 ]
['x' => 49.354,'y' => 518.765 ]
['x' => 49.341,'y' => 518.931 ]
['x' => 49.431,'y' => 519.059 ]
['x' => 49.712,'y' => 519.199 ]
['x' => 49.775,'y' => 519.161 ]
['x' => 49.852,'y' => 519.135 ]
['x' => 49.903,'y' => 519.097 ]
['x' => 49.980,'y' => 519.071 ]
['x' => 50.145,'y' => 519.071 ]
['x' => 50.197,'y' => 519.123 ]
['x' => 50.197,'y' => 519.186 ]
['x' => 50.133,'y' => 519.276 ]
['x' => 50.145,'y' => 519.365 ]
['x' => 50.273,'y' => 519.441 ]
['x' => 50.350,'y' => 519.416 ]
['x' => 50.388,'y' => 519.378 ]
['x' => 50.439,'y' => 519.390 ]
['x' => 50.426,'y' => 519.505 ]
['x' => 50.528,'y' => 519.633 ]
['x' => 50.516,'y' => 519.761 ]
['x' => 50.439,'y' => 519.837 ]
['x' => 50.362,'y' => 519.837 ]
['x' => 50.248,'y' => 519.761 ]
['x' => 49.877,'y' => 519.722 ]
['x' => 49.750,'y' => 519.646 ]
['x' => 49.724,'y' => 519.671 ]
['x' => 49.660,'y' => 519.646 ]
['x' => 49.584,'y' => 519.659 ]
['x' => 49.520,'y' => 519.608 ]
['x' => 49.456,'y' => 519.607 ]
['x' => 49.482,'y' => 519.684 ]
['x' => 49.533,'y' => 519.684 ]
['x' => 49.648,'y' => 519.748 ]
['x' => 49.622,'y' => 519.824 ]
['x' => 49.622,'y' => 519.876 ]
['x' => 49.584,'y' => 519.914 ]
['x' => 49.546,'y' => 519.914 ]
['x' => 49.520,'y' => 519.939 ]
['x' => 49.469,'y' => 519.939 ]
['x' => 49.392,'y' => 519.901 ]
['x' => 49.162,'y' => 519.901 ]
['x' => 49.112,'y' => 519.901 ]
['x' => 49.086,'y' => 519.927 ]
['x' => 48.873,'y' => 519.910 ]
['x' => 48.741,'y' => 519.812 ]
['x' => 48.741,'y' => 519.710 ]
['x' => 48.614,'y' => 519.633 ]
['x' => 48.614,'y' => 519.671 ]
['x' => 48.588,'y' => 519.697 ]
['x' => 48.550,'y' => 519.697 ]
['x' => 48.563,'y' => 519.748 ]
['x' => 48.524,'y' => 519.761 ]
['x' => 48.614,'y' => 519.837 ]
['x' => 48.614,'y' => 519.875 ]
['x' => 48.575,'y' => 519.901 ]
['x' => 48.575,'y' => 519.965 ]
['x' => 48.473,'y' => 519.901 ]
['x' => 48.422,'y' => 520.016 ]
['x' => 48.550,'y' => 520.284 ]
['x' => 48.461,'y' => 520.246 ]
['x' => 48.435,'y' => 520.297 ]
['x' => 48.665,'y' => 520.488 ]
['x' => 48.690,'y' => 520.450 ]
['x' => 48.729,'y' => 520.463 ]
['x' => 48.792,'y' => 520.654 ]
['x' => 48.792,'y' => 520.705 ]
['x' => 48.741,'y' => 520.769 ]
['x' => 48.895,'y' => 520.897 ]
['x' => 48.895,'y' => 520.820 ]
['x' => 49.022,'y' => 520.795 ]
['x' => 49.099,'y' => 520.769 ]
['x' => 49.175,'y' => 520.769 ]
['x' => 49.226,'y' => 520.705 ]
['x' => 49.303,'y' => 520.718 ]
['x' => 49.316,'y' => 520.680 ]
['x' => 49.380,'y' => 520.641 ]
['x' => 49.456,'y' => 520.641 ]
['x' => 49.558,'y' => 520.782 ]
['x' => 49.609,'y' => 520.769 ]
['x' => 49.648,'y' => 520.756 ]
['x' => 49.711,'y' => 520.769 ]
['x' => 49.737,'y' => 520.846 ]
['x' => 49.801,'y' => 520.833 ]
['x' => 49.852,'y' => 520.795 ]
['x' => 49.928,'y' => 520.794 ]
['x' => 49.992,'y' => 520.897 ]
['x' => 49.967,'y' => 520.999 ]
['x' => 49.992,'y' => 521.024 ]
['x' => 50.107,'y' => 521.037 ]
['x' => 50.145,'y' => 521.101 ]
['x' => 50.120,'y' => 521.292 ]
['x' => 50.069,'y' => 521.318 ]
['x' => 50.031,'y' => 521.356 ]
['x' => 49.903,'y' => 521.369 ]
['x' => 49.826,'y' => 521.446 ]
['x' => 49.737,'y' => 521.420 ]
['x' => 49.686,'y' => 521.369 ]
['x' => 49.635,'y' => 521.369 ]
['x' => 49.584,'y' => 521.420 ]
['x' => 49.495,'y' => 521.433 ]
['x' => 49.418,'y' => 521.407 ]
['x' => 49.380,'y' => 521.433 ]
['x' => 49.354,'y' => 521.509 ]
['x' => 49.392,'y' => 521.573 ]
['x' => 49.316,'y' => 521.573 ]
['x' => 49.316,'y' => 521.624 ]
['x' => 49.392,'y' => 521.739 ]
['x' => 49.354,'y' => 521.803 ]
['x' => 49.380,'y' => 521.880 ]
['x' => 49.469,'y' => 521.943 ]
['x' => 49.533,'y' => 521.982 ]
['x' => 49.456,'y' => 522.007 ]
['x' => 49.456,'y' => 522.045 ]
['x' => 49.533,'y' => 522.109 ]
['x' => 49.507,'y' => 522.135 ]
['x' => 49.520,'y' => 522.211 ]
['x' => 49.405,'y' => 522.199 ]
['x' => 49.354,'y' => 522.199 ]
['x' => 49.329,'y' => 522.224 ]
['x' => 49.277,'y' => 522.224 ]
['x' => 49.214,'y' => 522.096 ]
['x' => 49.035,'y' => 521.956 ]
['x' => 48.997,'y' => 521.994 ]
['x' => 48.997,'y' => 522.058 ]
['x' => 48.946,'y' => 522.109 ]
['x' => 48.946,'y' => 522.160 ]
['x' => 48.895,'y' => 522.173 ]
['x' => 48.844,'y' => 522.148 ]
['x' => 48.792,'y' => 522.033 ]
['x' => 48.805,'y' => 521.867 ]
['x' => 48.856,'y' => 521.828 ]
['x' => 48.856,'y' => 521.777 ]
['x' => 48.754,'y' => 521.714 ]
['x' => 48.716,'y' => 521.828 ]
['x' => 48.652,'y' => 521.854 ]
['x' => 48.627,'y' => 521.892 ]
['x' => 48.575,'y' => 521.892 ]
['x' => 48.588,'y' => 521.828 ]
['x' => 48.601,'y' => 521.752 ]
['x' => 48.473,'y' => 521.765 ]
['x' => 48.486,'y' => 521.688 ]
['x' => 48.448,'y' => 521.650 ]
['x' => 48.486,'y' => 521.586 ]
['x' => 48.550,'y' => 521.535 ]
['x' => 48.346,'y' => 521.343 ]
['x' => 48.256,'y' => 521.292 ]
['x' => 48.129,'y' => 521.305 ]
['x' => 47.988,'y' => 521.165 ]
['x' => 47.925,'y' => 521.190 ]
['x' => 47.886,'y' => 521.216 ]
['x' => 47.656,'y' => 520.973 ]
['x' => 47.593,'y' => 520.948 ]
['x' => 47.376,'y' => 520.948 ]
['x' => 47.376,'y' => 520.986 ]
['x' => 47.465,'y' => 521.012 ]
['x' => 47.529,'y' => 521.177 ]
['x' => 47.414,'y' => 521.177 ]
['x' => 47.363,'y' => 521.292 ]
['x' => 47.324,'y' => 521.292 ]
['x' => 47.401,'y' => 521.446 ]
['x' => 47.376,'y' => 521.484 ]
['x' => 47.388,'y' => 521.586 ]
['x' => 47.350,'y' => 521.611 ]
['x' => 47.299,'y' => 521.637 ]
['x' => 47.222,'y' => 521.650 ]
['x' => 47.248,'y' => 521.752 ]
['x' => 47.184,'y' => 521.752 ]
['x' => 47.044,'y' => 521.624 ]
['x' => 47.005,'y' => 521.650 ]
['x' => 46.916,'y' => 521.624 ]
['x' => 46.852,'y' => 521.650 ]
['x' => 46.827,'y' => 521.675 ]
['x' => 46.750,'y' => 521.675 ]
['x' => 46.712,'y' => 521.637 ]
['x' => 46.635,'y' => 521.650 ]
['x' => 46.559,'y' => 521.573 ]
['x' => 46.533,'y' => 521.637 ]
['x' => 46.571,'y' => 521.688 ]
['x' => 46.495,'y' => 521.675 ]
['x' => 46.457,'y' => 521.688 ]
['x' => 46.291,'y' => 521.522 ]
['x' => 46.125,'y' => 521.548 ]
['x' => 45.924,'y' => 521.576 ]
['x' => 46.023,'y' => 521.650 ]
['x' => 46.125,'y' => 521.650 ]
['x' => 46.125,'y' => 521.701 ]
['x' => 46.265,'y' => 521.765 ]
['x' => 46.265,'y' => 521.828 ]
['x' => 46.201,'y' => 521.879 ]
['x' => 46.176,'y' => 521.969 ]
['x' => 46.023,'y' => 521.854 ]
['x' => 45.984,'y' => 521.892 ]
['x' => 45.946,'y' => 521.892 ]
['x' => 45.870,'y' => 521.841 ]
['x' => 45.780,'y' => 521.841 ]
['x' => 45.729,'y' => 521.879 ]
['x' => 45.678,'y' => 521.956 ]
['x' => 45.589,'y' => 521.994 ]
['x' => 45.538,'y' => 522.033 ]
['x' => 45.499,'y' => 522.033 ]
['x' => 45.448,'y' => 522.096 ]
['x' => 45.333,'y' => 522.096 ]
['x' => 45.244,'y' => 522.109 ]
['x' => 45.193,'y' => 522.147 ]
['x' => 45.155,'y' => 522.160 ]
['x' => 44.989,'y' => 522.186 ]
['x' => 44.938,'y' => 522.250 ]
['x' => 44.925,'y' => 522.339 ]
['x' => 44.823,'y' => 522.352 ]
['x' => 44.759,'y' => 522.581 ]
['x' => 44.836,'y' => 522.760 ]
['x' => 45.027,'y' => 522.850 ]
['x' => 45.027,'y' => 522.888 ]
['x' => 44.989,'y' => 522.913 ]
['x' => 45.002,'y' => 523.003 ]
['x' => 44.950,'y' => 523.041 ]
['x' => 44.861,'y' => 523.028 ]
['x' => 44.797,'y' => 523.118 ]
['x' => 44.746,'y' => 523.105 ]
['x' => 44.721,'y' => 523.041 ]
['x' => 44.644,'y' => 522.990 ]
['x' => 44.644,'y' => 522.901 ]
['x' => 44.580,'y' => 522.901 ]
['x' => 44.555,'y' => 523.003 ]
['x' => 44.491,'y' => 523.054 ]
['x' => 44.529,'y' => 523.130 ]
['x' => 44.453,'y' => 523.130 ]
['x' => 44.414,'y' => 523.143 ]
['x' => 44.440,'y' => 523.232 ]
['x' => 44.593,'y' => 523.373 ]
['x' => 44.568,'y' => 523.513 ]
['x' => 44.542,'y' => 523.539 ]
['x' => 44.491,'y' => 523.539 ]
['x' => 44.440,'y' => 523.513 ]
['x' => 44.414,'y' => 523.539 ]
['x' => 44.427,'y' => 523.603 ]
['x' => 44.376,'y' => 523.615 ]
['x' => 44.338,'y' => 523.577 ]
['x' => 44.376,'y' => 523.424 ]
['x' => 44.351,'y' => 523.386 ]
['x' => 44.287,'y' => 523.386 ]
['x' => 44.223,'y' => 523.526 ]
['x' => 44.185,'y' => 523.641 ]
['x' => 44.172,'y' => 523.730 ]
['x' => 44.159,'y' => 523.794 ]
['x' => 44.121,'y' => 523.807 ]
['x' => 44.121,'y' => 523.935 ]
['x' => 44.197,'y' => 523.998 ]
['x' => 44.197,'y' => 524.037 ]
['x' => 44.057,'y' => 524.037 ]
['x' => 44.057,'y' => 524.100 ]
['x' => 44.121,'y' => 524.164 ]
['x' => 44.121,'y' => 524.203 ]
['x' => 44.070,'y' => 524.215 ]
['x' => 44.044,'y' => 524.254 ]
['x' => 44.095,'y' => 524.407 ]
['x' => 44.159,'y' => 524.420 ]
['x' => 44.197,'y' => 524.356 ]
['x' => 44.197,'y' => 524.228 ]
['x' => 44.236,'y' => 524.228 ]
['x' => 44.351,'y' => 524.037 ]
['x' => 44.453,'y' => 524.037 ]
['x' => 44.491,'y' => 523.973 ]
['x' => 44.555,'y' => 523.960 ]
['x' => 44.606,'y' => 523.998 ]
['x' => 44.606,'y' => 524.075 ]
['x' => 44.529,'y' => 524.088 ]
['x' => 44.414,'y' => 524.241 ]
['x' => 44.414,'y' => 524.356 ]
['x' => 44.453,'y' => 524.420 ]
['x' => 44.376,'y' => 524.420 ]
['x' => 44.389,'y' => 524.496 ]
['x' => 44.427,'y' => 524.509 ]
['x' => 44.389,'y' => 524.547 ]
['x' => 44.376,'y' => 524.713 ]
['x' => 44.414,'y' => 524.726 ]
['x' => 44.466,'y' => 524.662 ]
['x' => 44.465,'y' => 524.573 ]
['x' => 44.555,'y' => 524.560 ]
['x' => 44.593,'y' => 524.547 ]
['x' => 44.619,'y' => 524.496 ]
['x' => 44.682,'y' => 524.522 ]
['x' => 44.734,'y' => 524.496 ]
['x' => 44.797,'y' => 524.496 ]
['x' => 44.823,'y' => 524.534 ]
['x' => 44.746,'y' => 524.637 ]
['x' => 44.734,'y' => 524.726 ]
['x' => 44.785,'y' => 524.751 ]
['x' => 44.823,'y' => 524.700 ]
['x' => 44.836,'y' => 524.764 ]
['x' => 44.874,'y' => 524.777 ]
['x' => 44.887,'y' => 524.713 ]
['x' => 44.848,'y' => 524.624 ]
['x' => 44.925,'y' => 524.522 ]
['x' => 45.002,'y' => 524.522 ]
['x' => 45.053,'y' => 524.560 ]
['x' => 45.053,'y' => 524.649 ]
['x' => 45.104,'y' => 524.713 ]
['x' => 45.065,'y' => 524.751 ]
['x' => 45.027,'y' => 524.790 ]
['x' => 45.065,'y' => 524.879 ]
['x' => 45.104,'y' => 524.854 ]
['x' => 45.167,'y' => 524.828 ]
['x' => 45.270,'y' => 524.828 ]
['x' => 45.321,'y' => 524.866 ]
['x' => 45.308,'y' => 524.943 ]
['x' => 45.206,'y' => 524.981 ]
['x' => 45.167,'y' => 524.994 ]
['x' => 45.167,'y' => 525.032 ]
['x' => 45.257,'y' => 525.071 ]
['x' => 45.231,'y' => 525.173 ]
['x' => 45.295,'y' => 525.198 ]
['x' => 45.423,'y' => 525.083 ]
['x' => 45.487,'y' => 525.160 ]
['x' => 45.461,'y' => 525.224 ]
['x' => 45.397,'y' => 525.236 ]
['x' => 45.397,'y' => 525.275 ]
['x' => 45.487,'y' => 525.339 ]
['x' => 45.563,'y' => 525.339 ]
['x' => 45.610,'y' => 525.398 ]
['x' => 45.576,'y' => 525.428 ]
['x' => 45.601,'y' => 525.479 ]
['x' => 45.640,'y' => 525.479 ]
['x' => 45.665,'y' => 525.453 ]
['x' => 45.831,'y' => 525.453 ]
['x' => 45.933,'y' => 525.568 ]
['x' => 45.946,'y' => 525.747 ]
['x' => 45.869,'y' => 525.824 ]
['x' => 45.831,'y' => 525.836 ]
['x' => 45.755,'y' => 525.875 ]
['x' => 45.691,'y' => 525.887 ]
['x' => 45.729,'y' => 526.066 ]
['x' => 45.831,'y' => 526.168 ]
['x' => 45.921,'y' => 526.372 ]
['x' => 45.946,'y' => 526.398 ]
['x' => 46.035,'y' => 526.385 ]
['x' => 46.150,'y' => 526.155 ]
['x' => 46.303,'y' => 526.181 ]
['x' => 46.329,'y' => 526.206 ]
['x' => 46.316,'y' => 526.321 ]
['x' => 46.380,'y' => 526.321 ]
['x' => 46.495,'y' => 526.155 ]
['x' => 46.520,'y' => 526.079 ]
['x' => 46.584,'y' => 526.066 ]
['x' => 46.648,'y' => 526.104 ]
['x' => 46.661,'y' => 526.207 ]
['x' => 46.737,'y' => 526.245 ]
['x' => 46.725,'y' => 526.296 ]
['x' => 46.674,'y' => 526.309 ]
['x' => 46.661,'y' => 526.398 ]
['x' => 46.699,'y' => 526.449 ]
['x' => 46.686,'y' => 526.526 ]
['x' => 46.750,'y' => 526.602 ]
['x' => 46.814,'y' => 526.602 ]
['x' => 46.954,'y' => 526.436 ]
['x' => 47.056,'y' => 526.487 ]
['x' => 47.120,'y' => 526.589 ]
['x' => 47.057,'y' => 526.730 ]
['x' => 47.018,'y' => 526.730 ]
['x' => 46.954,'y' => 526.781 ]
['x' => 46.891,'y' => 526.794 ]
['x' => 46.827,'y' => 526.857 ]
['x' => 46.788,'y' => 526.870 ]
['x' => 46.750,'y' => 526.883 ]
['x' => 46.788,'y' => 526.985 ]
['x' => 46.903,'y' => 527.087 ]
['x' => 46.878,'y' => 527.151 ]
['x' => 46.891,'y' => 527.279 ]
['x' => 46.840,'y' => 527.330 ]
['x' => 46.725,'y' => 527.317 ]
['x' => 46.674,'y' => 527.189 ]
['x' => 46.597,'y' => 527.151 ]
['x' => 46.610,'y' => 527.304 ]
['x' => 46.571,'y' => 527.355 ]
['x' => 46.495,'y' => 527.368 ]
['x' => 46.406,'y' => 527.304 ]
['x' => 46.367,'y' => 527.330 ]
['x' => 46.303,'y' => 527.304 ]
['x' => 46.252,'y' => 527.317 ]
['x' => 46.091,'y' => 527.323 ]
['x' => 45.997,'y' => 527.419 ]
['x' => 45.972,'y' => 527.483 ]
['x' => 45.997,'y' => 527.611 ]
['x' => 45.972,'y' => 527.674 ]
['x' => 45.870,'y' => 527.764 ]
['x' => 45.806,'y' => 527.764 ]
['x' => 45.767,'y' => 527.725 ]
['x' => 45.806,'y' => 527.547 ]
['x' => 45.767,'y' => 527.394 ]
['x' => 45.793,'y' => 527.304 ]
['x' => 45.691,'y' => 527.177 ]
['x' => 45.665,'y' => 527.202 ]
['x' => 45.627,'y' => 527.202 ]
['x' => 45.627,'y' => 527.164 ]
['x' => 45.627,'y' => 527.125 ]
['x' => 45.576,'y' => 527.113 ]
['x' => 45.563,'y' => 527.074 ]
['x' => 45.525,'y' => 527.062 ]
['x' => 45.499,'y' => 527.100 ]
['x' => 45.423,'y' => 527.087 ]
['x' => 45.435,'y' => 527.151 ]
['x' => 45.397,'y' => 527.151 ]
['x' => 45.295,'y' => 527.023 ]
['x' => 45.257,'y' => 527.023 ]
['x' => 45.231,'y' => 527.049 ]
['x' => 45.091,'y' => 527.062 ]
['x' => 45.040,'y' => 526.985 ]
['x' => 44.989,'y' => 526.985 ]
['x' => 44.938,'y' => 526.998 ]
['x' => 44.836,'y' => 527.113 ]
['x' => 44.721,'y' => 526.998 ]
['x' => 44.695,'y' => 527.023 ]
['x' => 44.580,'y' => 526.909 ]
['x' => 44.504,'y' => 526.921 ]
['x' => 44.516,'y' => 527.062 ]
['x' => 44.657,'y' => 527.202 ]
['x' => 44.619,'y' => 527.291 ]
['x' => 44.631,'y' => 527.394 ]
['x' => 44.606,'y' => 527.419 ]
['x' => 44.606,'y' => 527.483 ]
['x' => 44.680,'y' => 527.594 ]
['x' => 44.657,'y' => 527.662 ]
['x' => 44.759,'y' => 527.725 ]
['x' => 44.733,'y' => 527.764 ]
['x' => 44.721,'y' => 527.815 ]
['x' => 44.670,'y' => 527.840 ]
['x' => 44.682,'y' => 527.942 ]
['x' => 44.606,'y' => 527.942 ]
['x' => 44.580,'y' => 527.891 ]
['x' => 44.504,'y' => 527.879 ]
['x' => 44.414,'y' => 528.006 ]
['x' => 44.414,'y' => 528.070 ]
['x' => 44.542,'y' => 528.147 ]
['x' => 44.593,'y' => 528.223 ]
['x' => 44.644,'y' => 528.223 ]
['x' => 44.708,'y' => 528.185 ]
['x' => 44.746,'y' => 528.185 ]
['x' => 44.848,'y' => 528.262 ]
['x' => 44.848,'y' => 528.313 ]
['x' => 44.784,'y' => 528.325 ]
['x' => 44.746,'y' => 528.376 ]
['x' => 44.759,'y' => 528.478 ]
['x' => 44.874,'y' => 528.606 ]
['x' => 44.938,'y' => 528.606 ]
['x' => 44.976,'y' => 528.555 ]
['x' => 45.014,'y' => 528.542 ]
['x' => 45.116,'y' => 528.632 ]
['x' => 45.091,'y' => 528.721 ]
['x' => 44.989,'y' => 528.785 ]
['x' => 45.104,'y' => 528.976 ]
['x' => 45.078,'y' => 529.002 ]
['x' => 45.002,'y' => 528.989 ]
['x' => 44.989,'y' => 529.027 ]
['x' => 44.950,'y' => 529.027 ]
['x' => 44.912,'y' => 528.964 ]
['x' => 44.810,'y' => 528.925 ]
['x' => 44.785,'y' => 528.964 ]
['x' => 44.772,'y' => 529.027 ]
['x' => 44.818,'y' => 529.085 ]
['x' => 44.759,'y' => 529.129 ]
['x' => 44.733,'y' => 529.180 ]
['x' => 44.657,'y' => 529.168 ]
['x' => 44.606,'y' => 529.193 ]
['x' => 44.619,'y' => 529.270 ]
['x' => 44.695,'y' => 529.346 ]
['x' => 44.670,'y' => 529.461 ]
['x' => 44.657,'y' => 529.538 ]
['x' => 44.580,'y' => 529.538 ]
['x' => 44.567,'y' => 529.436 ]
['x' => 44.440,'y' => 529.359 ]
['x' => 44.389,'y' => 529.398 ]
['x' => 44.287,'y' => 529.410 ]
['x' => 44.223,'y' => 529.372 ]
['x' => 44.159,'y' => 529.372 ]
['x' => 44.134,'y' => 529.410 ]
['x' => 44.083,'y' => 529.436 ]
['x' => 44.108,'y' => 529.576 ]
['x' => 44.057,'y' => 529.589 ]
['x' => 44.019,'y' => 529.614 ]
['x' => 43.980,'y' => 529.653 ]
['x' => 43.980,'y' => 529.704 ]
['x' => 44.121,'y' => 529.870 ]
['x' => 44.185,'y' => 529.870 ]
['x' => 44.261,'y' => 529.934 ]
['x' => 44.363,'y' => 529.921 ]
['x' => 44.517,'y' => 530.023 ]
['x' => 44.695,'y' => 530.010 ]
['x' => 44.797,'y' => 530.100 ]
['x' => 44.899,'y' => 530.048 ]
['x' => 44.976,'y' => 530.048 ]
['x' => 44.989,'y' => 530.087 ]
['x' => 45.040,'y' => 530.087 ]
['x' => 45.065,'y' => 530.061 ]
['x' => 45.142,'y' => 530.061 ]
['x' => 45.333,'y' => 530.112 ]
['x' => 45.372,'y' => 530.100 ]
['x' => 45.397,'y' => 530.061 ]
['x' => 45.461,'y' => 530.049 ]
['x' => 45.652,'y' => 530.189 ]
['x' => 45.678,'y' => 530.265 ]
['x' => 45.640,'y' => 530.304 ]
['x' => 45.601,'y' => 530.316 ]
['x' => 45.538,'y' => 530.393 ]
['x' => 45.474,'y' => 530.419 ]
['x' => 45.448,'y' => 530.470 ]
['x' => 45.410,'y' => 530.482 ]
['x' => 45.397,'y' => 530.559 ]
['x' => 45.486,'y' => 530.623 ]
['x' => 45.589,'y' => 530.623 ]
['x' => 45.601,'y' => 530.840 ]
['x' => 45.665,'y' => 530.891 ]
['x' => 45.665,'y' => 530.955 ]
['x' => 45.627,'y' => 530.993 ]
['x' => 45.653,'y' => 531.057 ]
['x' => 45.630,'y' => 531.114 ]
['x' => 45.665,'y' => 531.197 ]
['x' => 45.627,'y' => 531.210 ]
['x' => 45.589,'y' => 531.248 ]
['x' => 45.538,'y' => 531.248 ]
['x' => 45.487,'y' => 531.184 ]
['x' => 45.445,'y' => 531.181 ]
['x' => 45.457,'y' => 531.040 ]
['x' => 45.423,'y' => 530.993 ]
['x' => 45.384,'y' => 530.993 ]
['x' => 45.362,'y' => 530.958 ]
['x' => 45.308,'y' => 530.993 ]
['x' => 45.308,'y' => 530.942 ]
['x' => 45.129,'y' => 530.802 ]
['x' => 45.040,'y' => 530.738 ]
['x' => 44.989,'y' => 530.802 ]
['x' => 44.874,'y' => 530.725 ]
['x' => 44.806,'y' => 530.633 ]
['x' => 44.690,'y' => 530.627 ]
['x' => 44.619,'y' => 530.585 ]
['x' => 44.555,'y' => 530.585 ]
['x' => 44.529,'y' => 530.648 ]
['x' => 44.465,'y' => 530.597 ]
['x' => 44.376,'y' => 530.623 ]
['x' => 44.312,'y' => 530.546 ]
['x' => 44.236,'y' => 530.559 ]
['x' => 44.172,'y' => 530.495 ]
['x' => 44.134,'y' => 530.534 ]
['x' => 44.108,'y' => 530.483 ]
['x' => 44.070,'y' => 530.483 ]
['x' => 44.057,'y' => 530.384 ]
['x' => 43.941,'y' => 530.285 ]
['x' => 43.842,'y' => 530.406 ]
['x' => 43.853,'y' => 530.687 ]
['x' => 43.891,'y' => 530.750 ]
['x' => 44.044,'y' => 530.853 ]
['x' => 44.031,'y' => 530.955 ]
['x' => 44.070,'y' => 530.993 ]
['x' => 44.070,'y' => 531.095 ]
['x' => 44.108,'y' => 531.146 ]
['x' => 44.044,'y' => 531.159 ]
['x' => 44.019,'y' => 531.223 ]
['x' => 43.968,'y' => 531.236 ]
['x' => 43.968,'y' => 531.287 ]
['x' => 43.929,'y' => 531.325 ]
['x' => 43.827,'y' => 531.325 ]
['x' => 43.789,'y' => 531.363 ]
['x' => 43.789,'y' => 531.401 ]
['x' => 43.878,'y' => 531.402 ]
['x' => 43.929,'y' => 531.453 ]
['x' => 43.955,'y' => 531.529 ]
['x' => 43.878,'y' => 531.491 ]
['x' => 43.789,'y' => 531.491 ]
['x' => 43.687,'y' => 531.414 ]
['x' => 43.636,'y' => 531.414 ]
['x' => 43.623,'y' => 531.465 ]
['x' => 43.585,'y' => 531.478 ]
['x' => 43.508,'y' => 531.389 ]
['x' => 43.457,'y' => 531.376 ]
['x' => 43.432,'y' => 531.414 ]
['x' => 43.355,'y' => 531.414 ]
['x' => 43.342,'y' => 531.453 ]
['x' => 43.266,'y' => 531.440 ]
['x' => 43.240,'y' => 531.491 ]
['x' => 43.151,'y' => 531.465 ]
['x' => 43.125,'y' => 531.491 ]
['x' => 43.074,'y' => 531.491 ]
['x' => 43.036,'y' => 531.555 ]
['x' => 42.959,'y' => 531.529 ]
['x' => 42.934,'y' => 531.657 ]
['x' => 42.832,'y' => 531.657 ]
['x' => 42.755,'y' => 531.733 ]
['x' => 42.730,'y' => 531.759 ]
['x' => 42.730,'y' => 531.797 ]
['x' => 42.870,'y' => 531.772 ]
['x' => 43.010,'y' => 531.848 ]
['x' => 43.049,'y' => 531.912 ]
['x' => 43.036,'y' => 531.963 ]
['x' => 42.883,'y' => 531.950 ]
['x' => 42.857,'y' => 531.925 ]
['x' => 42.806,'y' => 531.938 ]
['x' => 42.794,'y' => 531.974 ]
['x' => 42.947,'y' => 532.104 ]
['x' => 42.972,'y' => 532.193 ]
['x' => 42.768,'y' => 532.206 ]
['x' => 42.666,'y' => 532.040 ]
['x' => 42.615,'y' => 532.014 ]
['x' => 42.602,'y' => 532.091 ]
['x' => 42.564,'y' => 532.129 ]
['x' => 42.576,'y' => 532.295 ]
['x' => 42.615,'y' => 532.308 ]
['x' => 42.615,'y' => 532.359 ]
['x' => 42.564,'y' => 532.410 ]
['x' => 42.564,'y' => 532.512 ]
['x' => 42.615,'y' => 532.563 ]
['x' => 42.653,'y' => 532.537 ]
['x' => 42.678,'y' => 532.474 ]
['x' => 42.730,'y' => 532.550 ]
['x' => 42.781,'y' => 532.550 ]
['x' => 42.844,'y' => 532.499 ]
['x' => 42.806,'y' => 532.435 ]
['x' => 42.857,'y' => 532.397 ]
['x' => 42.844,'y' => 532.308 ]
['x' => 42.870,'y' => 532.282 ]
['x' => 42.934,'y' => 532.282 ]
['x' => 43.010,'y' => 532.359 ]
['x' => 43.036,'y' => 532.397 ]
['x' => 43.061,'y' => 532.346 ]
['x' => 43.176,'y' => 532.384 ]
['x' => 43.202,'y' => 532.346 ]
['x' => 43.291,'y' => 532.359 ]
['x' => 43.329,'y' => 532.308 ]
['x' => 43.380,'y' => 532.282 ]
['x' => 43.470,'y' => 532.282 ]
['x' => 43.534,'y' => 532.257 ]
['x' => 43.585,'y' => 532.321 ]
['x' => 43.585,'y' => 532.435 ]
['x' => 43.431,'y' => 532.448 ]
['x' => 43.329,'y' => 532.550 ]
['x' => 43.317,'y' => 532.614 ]
['x' => 43.355,'y' => 532.665 ]
['x' => 43.444,'y' => 532.639 ]
['x' => 43.495,'y' => 532.703 ]
['x' => 43.559,'y' => 532.691 ]
['x' => 43.546,'y' => 532.742 ]
['x' => 43.636,'y' => 532.729 ]
['x' => 43.712,'y' => 532.729 ]
['x' => 43.712,'y' => 532.665 ]
['x' => 43.763,'y' => 532.627 ]
['x' => 43.814,'y' => 532.627 ]
['x' => 43.853,'y' => 532.588 ]
['x' => 43.776,'y' => 532.423 ]
['x' => 43.814,'y' => 532.410 ]
['x' => 43.904,'y' => 532.448 ]
['x' => 43.891,'y' => 532.320 ]
['x' => 43.942,'y' => 532.308 ]
['x' => 43.968,'y' => 532.282 ]
['x' => 43.942,'y' => 532.206 ]
['x' => 44.006,'y' => 532.167 ]
['x' => 44.031,'y' => 532.116 ]
['x' => 44.095,'y' => 532.091 ]
['x' => 44.172,'y' => 532.103 ]
['x' => 44.248,'y' => 532.078 ]
['x' => 44.274,'y' => 532.040 ]
['x' => 44.325,'y' => 532.040 ]
['x' => 44.351,'y' => 531.989 ]
['x' => 44.414,'y' => 531.963 ]
['x' => 44.440,'y' => 531.925 ]
['x' => 44.504,'y' => 531.925 ]
['x' => 44.555,'y' => 532.103 ]
['x' => 44.619,'y' => 532.116 ]
['x' => 44.682,'y' => 532.206 ]
['x' => 44.759,'y' => 532.180 ]
['x' => 44.823,'y' => 532.193 ]
['x' => 44.823,'y' => 532.359 ]
['x' => 44.950,'y' => 532.423 ]
['x' => 44.874,'y' => 532.589 ]
['x' => 44.810,'y' => 532.589 ]
['x' => 44.785,'y' => 532.640 ]
['x' => 44.733,'y' => 532.614 ]
['x' => 44.657,'y' => 532.640 ]
['x' => 44.619,'y' => 532.806 ]
['x' => 44.745,'y' => 532.983 ]
['x' => 44.596,'y' => 532.959 ]
['x' => 44.491,'y' => 533.074 ]
['x' => 44.453,'y' => 533.074 ]
['x' => 44.343,'y' => 533.138 ]
['x' => 44.300,'y' => 533.214 ]
['x' => 44.261,'y' => 533.252 ]
['x' => 44.261,'y' => 533.329 ]
['x' => 44.351,'y' => 533.367 ]
['x' => 44.376,'y' => 533.342 ]
['x' => 44.491,'y' => 533.342 ]
['x' => 44.516,'y' => 533.405 ]
['x' => 44.465,'y' => 533.444 ]
['x' => 44.529,'y' => 533.508 ]
['x' => 44.555,'y' => 533.482 ]
['x' => 44.593,'y' => 533.456 ]
['x' => 44.657,'y' => 533.482 ]
['x' => 44.682,'y' => 533.418 ]
['x' => 44.823,'y' => 533.431 ]
['x' => 44.938,'y' => 533.533 ]
['x' => 44.899,'y' => 533.597 ]
['x' => 44.810,'y' => 533.610 ]
['x' => 44.772,'y' => 533.610 ]
['x' => 44.721,'y' => 533.661 ]
['x' => 44.631,'y' => 533.674 ]
['x' => 44.580,'y' => 533.686 ]
['x' => 44.593,'y' => 533.737 ]
['x' => 44.721,'y' => 533.763 ]
['x' => 44.746,'y' => 533.814 ]
['x' => 44.721,'y' => 533.878 ]
['x' => 44.785,'y' => 533.954 ]
['x' => 44.682,'y' => 534.069 ]
['x' => 44.797,'y' => 534.171 ]
['x' => 44.797,'y' => 534.210 ]
['x' => 44.746,'y' => 534.222 ]
['x' => 44.682,'y' => 534.171 ]
['x' => 44.593,'y' => 534.171 ]
['x' => 44.593,'y' => 534.235 ]
['x' => 44.631,'y' => 534.248 ]
['x' => 44.631,'y' => 534.286 ]
['x' => 44.580,'y' => 534.286 ]
['x' => 44.606,'y' => 534.376 ]
['x' => 44.338,'y' => 534.235 ]
['x' => 44.325,'y' => 534.273 ]
['x' => 44.389,'y' => 534.337 ]
['x' => 44.402,'y' => 534.414 ]
['x' => 44.312,'y' => 534.516 ]
['x' => 44.363,'y' => 534.605 ]
['x' => 44.338,'y' => 534.656 ]
['x' => 44.248,'y' => 534.656 ]
['x' => 44.172,'y' => 534.605 ]
['x' => 44.146,'y' => 534.516 ]
['x' => 44.057,'y' => 534.554 ]
['x' => 43.942,'y' => 534.478 ]
['x' => 43.827,'y' => 534.478 ]
['x' => 43.814,'y' => 534.541 ]
['x' => 43.891,'y' => 534.592 ]
['x' => 43.891,'y' => 534.644 ]
['x' => 43.866,'y' => 534.669 ]
['x' => 43.789,'y' => 534.656 ]
['x' => 43.763,'y' => 534.682 ]
['x' => 43.802,'y' => 534.758 ]
['x' => 43.763,'y' => 534.784 ]
['x' => 43.712,'y' => 534.784 ]
['x' => 43.636,'y' => 534.861 ]
['x' => 43.610,'y' => 534.950 ]
['x' => 43.661,'y' => 534.975 ]
['x' => 43.687,'y' => 534.937 ]
['x' => 43.751,'y' => 534.899 ]
['x' => 43.763,'y' => 534.975 ]
['x' => 43.725,'y' => 535.014 ]
['x' => 43.751,'y' => 535.065 ]
['x' => 43.814,'y' => 535.039 ]
['x' => 43.891,'y' => 534.963 ]
['x' => 43.929,'y' => 534.963 ]
['x' => 44.044,'y' => 535.078 ]
['x' => 44.082,'y' => 535.167 ]
['x' => 44.082,'y' => 535.243 ]
['x' => 44.019,'y' => 535.244 ]
['x' => 44.057,'y' => 535.435 ]
['x' => 44.006,'y' => 535.435 ]
['x' => 43.942,'y' => 535.346 ]
['x' => 43.866,'y' => 535.346 ]
['x' => 43.853,'y' => 535.384 ]
['x' => 43.763,'y' => 535.358 ]
['x' => 43.712,'y' => 535.371 ]
['x' => 43.700,'y' => 535.448 ]
['x' => 43.649,'y' => 535.473 ]
['x' => 43.636,'y' => 535.512 ]
['x' => 43.559,'y' => 535.499 ]
['x' => 43.534,'y' => 535.524 ]
['x' => 43.521,'y' => 535.614 ]
['x' => 43.470,'y' => 535.562 ]
['x' => 43.419,'y' => 535.563 ]
['x' => 43.393,'y' => 535.588 ]
['x' => 43.355,'y' => 535.550 ]
['x' => 43.163,'y' => 535.550 ]
['x' => 43.163,'y' => 535.614 ]
['x' => 43.240,'y' => 535.652 ]
['x' => 43.304,'y' => 535.741 ]
['x' => 43.202,'y' => 535.741 ]
['x' => 43.151,'y' => 535.805 ]
['x' => 43.074,'y' => 535.818 ]
['x' => 43.112,'y' => 535.958 ]
['x' => 43.163,'y' => 535.984 ]
['x' => 43.176,'y' => 535.933 ]
['x' => 43.215,'y' => 535.933 ]
['x' => 43.253,'y' => 535.996 ]
['x' => 43.304,'y' => 535.997 ]
['x' => 43.291,'y' => 535.920 ]
['x' => 43.329,'y' => 535.869 ]
['x' => 43.406,'y' => 535.869 ]
['x' => 43.419,'y' => 535.831 ]
['x' => 43.483,'y' => 535.856 ]
['x' => 43.534,'y' => 535.792 ]
['x' => 43.661,'y' => 535.792 ]
['x' => 43.751,'y' => 535.843 ]
['x' => 43.802,'y' => 535.843 ]
['x' => 43.827,'y' => 535.818 ]
['x' => 43.917,'y' => 535.818 ]
['x' => 43.993,'y' => 535.869 ]
['x' => 44.031,'y' => 535.856 ]
['x' => 44.070,'y' => 535.818 ]
['x' => 44.146,'y' => 535.831 ]
['x' => 44.172,'y' => 535.780 ]
['x' => 44.223,'y' => 535.779 ]
['x' => 44.312,'y' => 535.843 ]
['x' => 44.338,'y' => 535.805 ]
['x' => 44.440,'y' => 535.792 ]
['x' => 44.580,'y' => 535.869 ]
['x' => 44.644,'y' => 536.009 ]
['x' => 44.606,'y' => 536.035 ]
['x' => 44.593,'y' => 536.124 ]
['x' => 44.516,'y' => 536.214 ]
['x' => 44.491,'y' => 536.277 ]
['x' => 44.453,'y' => 536.316 ]
['x' => 44.414,'y' => 536.328 ]
['x' => 44.312,'y' => 536.277 ]
['x' => 44.274,'y' => 536.329 ]
['x' => 44.197,'y' => 536.341 ]
['x' => 44.185,'y' => 536.379 ]
['x' => 44.146,'y' => 536.405 ]
['x' => 43.980,'y' => 536.431 ]
['x' => 43.942,'y' => 536.482 ]
['x' => 44.019,'y' => 536.597 ]
['x' => 43.968,'y' => 536.660 ]
['x' => 43.929,'y' => 536.660 ]
['x' => 43.904,'y' => 536.686 ]
['x' => 43.968,'y' => 536.762 ]
['x' => 44.057,'y' => 536.775 ]
['x' => 44.146,'y' => 536.852 ]
['x' => 44.146,'y' => 536.928 ]
['x' => 44.312,'y' => 537.056 ]
['x' => 44.299,'y' => 537.133 ]
['x' => 44.351,'y' => 537.171 ]
['x' => 44.351,'y' => 537.222 ]
['x' => 44.287,'y' => 537.235 ]
['x' => 44.248,'y' => 537.260 ]
['x' => 44.185,'y' => 537.222 ]
['x' => 44.146,'y' => 537.299 ]
['x' => 44.044,'y' => 537.273 ]
['x' => 44.057,'y' => 537.375 ]
['x' => 43.968,'y' => 537.439 ]
['x' => 43.942,'y' => 537.464 ]
['x' => 43.815,'y' => 537.452 ]
['x' => 43.789,'y' => 537.515 ]
['x' => 43.725,'y' => 537.541 ]
['x' => 43.700,'y' => 537.579 ]
['x' => 43.559,'y' => 537.592 ]
['x' => 43.521,'y' => 537.554 ]
['x' => 43.470,'y' => 537.554 ]
['x' => 43.444,'y' => 537.503 ]
['x' => 43.636,'y' => 537.490 ]
['x' => 43.687,'y' => 537.350 ]
['x' => 43.751,'y' => 537.286 ]
['x' => 43.712,'y' => 537.184 ]
['x' => 43.738,'y' => 537.094 ]
['x' => 43.661,'y' => 537.082 ]
['x' => 43.636,'y' => 537.005 ]
['x' => 43.546,'y' => 536.992 ]
['x' => 43.521,'y' => 537.043 ]
['x' => 43.444,'y' => 537.005 ]
['x' => 43.317,'y' => 537.018 ]
['x' => 43.304,'y' => 537.133 ]
['x' => 43.176,'y' => 537.069 ]
['x' => 43.112,'y' => 537.120 ]
['x' => 43.010,'y' => 537.018 ]
['x' => 42.985,'y' => 537.056 ]
['x' => 42.934,'y' => 537.069 ]
['x' => 42.934,'y' => 537.133 ]
['x' => 43.100,'y' => 537.222 ]
['x' => 43.087,'y' => 537.273 ]
['x' => 43.074,'y' => 537.324 ]
['x' => 42.946,'y' => 537.286 ]
['x' => 42.959,'y' => 537.464 ]
['x' => 42.908,'y' => 537.413 ]
['x' => 42.793,'y' => 537.375 ]
['x' => 42.793,'y' => 537.439 ]
['x' => 42.895,'y' => 537.567 ]
['x' => 43.061,'y' => 537.618 ]
['x' => 43.061,'y' => 537.681 ]
['x' => 43.138,'y' => 537.771 ]
['x' => 43.125,'y' => 537.822 ]
['x' => 43.087,'y' => 537.860 ]
['x' => 43.023,'y' => 537.860 ]
['x' => 43.010,'y' => 537.924 ]
['x' => 42.908,'y' => 537.822 ]
['x' => 42.870,'y' => 537.822 ]
['x' => 42.793,'y' => 537.911 ]
['x' => 42.806,'y' => 538.001 ]
['x' => 42.768,'y' => 538.039 ]
['x' => 42.691,'y' => 538.013 ]
['x' => 42.678,'y' => 538.052 ]
['x' => 42.615,'y' => 538.052 ]
['x' => 42.564,'y' => 538.090 ]
['x' => 42.602,'y' => 538.205 ]
['x' => 42.742,'y' => 538.243 ]
['x' => 42.755,'y' => 538.192 ]
['x' => 42.857,'y' => 538.294 ]
['x' => 42.793,'y' => 538.307 ]
['x' => 42.793,'y' => 538.358 ]
['x' => 42.832,'y' => 538.371 ]
['x' => 42.806,'y' => 538.447 ]
['x' => 42.691,'y' => 538.447 ]
['x' => 42.666,'y' => 538.473 ]
['x' => 42.704,'y' => 538.537 ]
['x' => 42.768,'y' => 538.511 ]
['x' => 42.832,'y' => 538.549 ]
['x' => 42.883,'y' => 538.486 ]
['x' => 42.985,'y' => 538.473 ]
['x' => 42.998,'y' => 538.281 ]
['x' => 42.972,'y' => 538.230 ]
['x' => 43.010,'y' => 538.218 ]
['x' => 43.010,'y' => 538.166 ]
['x' => 42.972,'y' => 538.115 ]
['x' => 43.010,'y' => 538.064 ]
['x' => 43.061,'y' => 538.077 ]
['x' => 43.151,'y' => 537.962 ]
['x' => 43.253,'y' => 538.064 ]
['x' => 43.189,'y' => 538.103 ]
['x' => 43.164,'y' => 538.205 ]
['x' => 43.278,'y' => 538.307 ]
['x' => 43.342,'y' => 538.345 ]
['x' => 43.406,'y' => 538.307 ]
['x' => 43.470,'y' => 538.320 ]
['x' => 43.521,'y' => 538.281 ]
['x' => 43.521,'y' => 538.230 ]
['x' => 43.572,'y' => 538.230 ]
['x' => 43.687,'y' => 538.345 ]
['x' => 43.687,'y' => 538.447 ]
['x' => 43.648,'y' => 538.460 ]
['x' => 43.636,'y' => 538.498 ]
['x' => 43.508,'y' => 538.524 ]
['x' => 43.483,'y' => 538.575 ]
['x' => 43.406,'y' => 538.562 ]
['x' => 43.457,'y' => 538.677 ]
['x' => 43.393,'y' => 538.677 ]
['x' => 43.368,'y' => 538.728 ]
['x' => 43.329,'y' => 538.741 ]
['x' => 43.329,'y' => 538.779 ]
['x' => 43.355,'y' => 538.817 ]
['x' => 43.419,'y' => 538.805 ]
['x' => 43.559,'y' => 538.932 ]
['x' => 43.559,'y' => 538.996 ]
['x' => 43.521,'y' => 539.009 ]
['x' => 43.495,'y' => 539.060 ]
['x' => 43.674,'y' => 539.277 ]
['x' => 43.789,'y' => 539.519 ]
['x' => 43.725,'y' => 539.570 ]
['x' => 43.700,'y' => 539.622 ]
['x' => 43.649,'y' => 539.634 ]
['x' => 43.610,'y' => 539.622 ]
['x' => 43.597,'y' => 539.481 ]
['x' => 43.534,'y' => 539.507 ]
['x' => 43.495,'y' => 539.507 ]
['x' => 43.470,'y' => 539.558 ]
['x' => 43.444,'y' => 539.494 ]
['x' => 43.393,'y' => 539.494 ]
['x' => 43.355,'y' => 539.570 ]
['x' => 43.317,'y' => 539.596 ]
['x' => 43.278,'y' => 539.545 ]
['x' => 43.240,'y' => 539.545 ]
['x' => 43.240,'y' => 539.711 ]
['x' => 43.176,'y' => 539.698 ]
['x' => 43.138,'y' => 539.724 ]
['x' => 43.138,'y' => 539.775 ]
['x' => 43.112,'y' => 539.839 ]
['x' => 43.036,'y' => 539.839 ]
['x' => 43.036,'y' => 539.890 ]
['x' => 42.998,'y' => 539.890 ]
['x' => 42.972,'y' => 539.928 ]
['x' => 42.921,'y' => 539.915 ]
['x' => 42.844,'y' => 540.005 ]
['x' => 42.819,'y' => 540.081 ]
['x' => 42.908,'y' => 540.196 ]
['x' => 42.883,'y' => 540.285 ]
['x' => 42.959,'y' => 540.311 ]
['x' => 42.985,'y' => 540.387 ]
['x' => 43.112,'y' => 540.451 ]
['x' => 43.112,'y' => 540.655 ]
['x' => 43.189,'y' => 540.706 ]
['x' => 43.164,'y' => 540.758 ]
['x' => 43.125,'y' => 540.770 ]
['x' => 43.074,'y' => 540.885 ]
['x' => 42.921,'y' => 540.949 ]
['x' => 42.857,'y' => 540.936 ]
['x' => 42.870,'y' => 540.987 ]
['x' => 42.819,'y' => 541.077 ]
['x' => 42.691,'y' => 541.051 ]
['x' => 42.640,'y' => 540.962 ]
['x' => 42.525,'y' => 540.936 ]
['x' => 42.461,'y' => 540.860 ]
['x' => 42.423,'y' => 540.860 ]
['x' => 42.398,'y' => 540.936 ]
['x' => 42.232,'y' => 540.936 ]
['x' => 42.193,'y' => 540.936 ]
['x' => 42.193,'y' => 541.000 ]
['x' => 42.347,'y' => 541.332 ]
['x' => 42.347,'y' => 541.447 ]
['x' => 42.283,'y' => 541.421 ]
['x' => 42.206,'y' => 541.447 ]
['x' => 42.168,'y' => 541.434 ]
['x' => 42.091,'y' => 541.281 ]
['x' => 42.053,'y' => 541.281 ]
['x' => 42.015,'y' => 541.306 ]
['x' => 41.989,'y' => 541.332 ]
['x' => 41.951,'y' => 541.434 ]
['x' => 41.798,'y' => 541.383 ]
['x' => 41.747,'y' => 541.409 ]
['x' => 41.696,'y' => 541.447 ]
['x' => 41.708,'y' => 541.511 ]
['x' => 41.887,'y' => 541.638 ]
['x' => 41.913,'y' => 541.728 ]
['x' => 42.027,'y' => 541.766 ]
['x' => 42.027,'y' => 541.817 ]
['x' => 42.104,'y' => 541.894 ]
['x' => 42.079,'y' => 541.957 ]
['x' => 42.015,'y' => 541.970 ]
['x' => 41.951,'y' => 542.072 ]
['x' => 41.900,'y' => 542.072 ]
['x' => 41.785,'y' => 541.983 ]
['x' => 41.708,'y' => 541.868 ]
['x' => 41.581,'y' => 541.881 ]
['x' => 41.555,'y' => 541.983 ]
['x' => 41.517,'y' => 541.983 ]
['x' => 41.504,'y' => 541.919 ]
['x' => 41.466,'y' => 541.945 ]
['x' => 41.428,'y' => 541.957 ]
['x' => 41.338,'y' => 541.957 ]
['x' => 41.287,'y' => 541.970 ]
['x' => 41.262,'y' => 541.894 ]
['x' => 41.198,'y' => 541.855 ]
['x' => 41.172,'y' => 541.919 ]
['x' => 41.070,'y' => 541.830 ]
['x' => 41.045,'y' => 541.855 ]
['x' => 40.994,'y' => 541.855 ]
['x' => 40.943,'y' => 541.715 ]
['x' => 40.879,'y' => 541.715 ]
['x' => 40.802,'y' => 541.613 ]
['x' => 40.738,'y' => 541.613 ]
['x' => 40.700,'y' => 541.664 ]
['x' => 40.611,'y' => 541.651 ]
['x' => 40.585,'y' => 541.689 ]
['x' => 40.649,'y' => 541.919 ]
['x' => 40.508,'y' => 541.919 ]
['x' => 40.483,'y' => 541.983 ]
['x' => 40.445,'y' => 541.996 ]
['x' => 40.470,'y' => 542.059 ]
['x' => 40.560,'y' => 542.034 ]
['x' => 40.585,'y' => 542.098 ]
['x' => 40.636,'y' => 542.098 ]
['x' => 40.675,'y' => 542.034 ]
['x' => 40.726,'y' => 542.072 ]
['x' => 40.764,'y' => 542.047 ]
['x' => 40.802,'y' => 542.059 ]
['x' => 40.828,'y' => 542.162 ]
['x' => 40.802,'y' => 542.238 ]
['x' => 40.687,'y' => 542.174 ]
['x' => 40.738,'y' => 542.430 ]
['x' => 40.853,'y' => 542.481 ]
['x' => 40.891,'y' => 542.468 ]
['x' => 40.930,'y' => 542.417 ]
['x' => 41.019,'y' => 542.455 ]
['x' => 41.057,'y' => 542.532 ]
['x' => 41.096,'y' => 542.532 ]
['x' => 41.134,'y' => 542.493 ]
['x' => 41.198,'y' => 542.493 ]
['x' => 41.198,'y' => 542.596 ]
['x' => 41.262,'y' => 542.685 ]
['x' => 41.249,'y' => 542.851 ]
['x' => 41.351,'y' => 542.851 ]
['x' => 41.364,'y' => 542.813 ]
['x' => 41.428,'y' => 542.762 ]
['x' => 41.440,'y' => 542.710 ]
['x' => 41.517,'y' => 542.749 ]
['x' => 41.491,'y' => 542.876 ]
['x' => 41.415,'y' => 543.030 ]
['x' => 41.376,'y' => 543.055 ]
['x' => 41.326,'y' => 543.055 ]
['x' => 41.249,'y' => 543.004 ]
['x' => 41.172,'y' => 543.106 ]
['x' => 41.198,'y' => 543.170 ]
['x' => 41.160,'y' => 543.170 ]
['x' => 41.108,'y' => 543.234 ]
['x' => 41.032,'y' => 543.195 ]
['x' => 40.981,'y' => 543.247 ]
['x' => 40.930,'y' => 543.247 ]
['x' => 40.943,'y' => 543.349 ]
['x' => 40.891,'y' => 543.349 ]
['x' => 40.853,'y' => 543.310 ]
['x' => 40.738,'y' => 543.336 ]
['x' => 40.777,'y' => 543.387 ]
['x' => 40.917,'y' => 543.438 ]
['x' => 40.904,'y' => 543.553 ]
['x' => 41.045,'y' => 543.744 ]
['x' => 41.070,'y' => 543.834 ]
['x' => 41.045,'y' => 543.910 ]
['x' => 41.096,'y' => 543.961 ]
['x' => 41.083,'y' => 544.025 ]
['x' => 41.045,'y' => 544.051 ]
['x' => 41.070,'y' => 544.153 ]
['x' => 41.019,'y' => 544.191 ]
['x' => 40.994,'y' => 544.255 ]
['x' => 41.045,'y' => 544.446 ]
['x' => 40.981,'y' => 544.459 ]
['x' => 40.994,'y' => 544.549 ]
['x' => 40.994,'y' => 544.612 ]
['x' => 41.045,'y' => 544.676 ]
['x' => 40.994,'y' => 544.740 ]
['x' => 40.981,'y' => 544.829 ]
['x' => 40.917,'y' => 544.893 ]
['x' => 40.930,'y' => 544.957 ]
['x' => 41.032,'y' => 545.034 ]
['x' => 41.032,'y' => 545.085 ]
['x' => 40.968,'y' => 545.123 ]
['x' => 40.930,'y' => 545.199 ]
['x' => 40.968,'y' => 545.327 ]
['x' => 40.891,'y' => 545.314 ]
['x' => 40.891,'y' => 545.365 ]
['x' => 40.943,'y' => 545.404 ]
['x' => 40.917,'y' => 545.519 ]
['x' => 40.968,'y' => 545.570 ]
['x' => 40.904,'y' => 545.633 ]
['x' => 40.904,'y' => 545.672 ]
['x' => 40.840,'y' => 545.710 ]
['x' => 40.853,'y' => 545.799 ]
['x' => 40.930,'y' => 545.825 ]
['x' => 40.981,'y' => 545.914 ]
['x' => 41.019,'y' => 545.914 ]
['x' => 41.045,'y' => 545.889 ]
['x' => 41.121,'y' => 545.901 ]
['x' => 41.121,'y' => 546.004 ]
['x' => 41.070,'y' => 546.016 ]
['x' => 41.104,'y' => 546.084 ]
['x' => 41.045,'y' => 546.144 ]
['x' => 41.185,'y' => 546.182 ]
['x' => 41.211,'y' => 546.246 ]
['x' => 41.325,'y' => 546.335 ]
['x' => 41.313,'y' => 546.412 ]
['x' => 41.440,'y' => 546.489 ]
['x' => 41.543,'y' => 546.680 ]
['x' => 41.594,'y' => 546.680 ]
['x' => 41.632,'y' => 546.629 ]
['x' => 41.734,'y' => 546.667 ]
['x' => 41.810,'y' => 546.731 ]
['x' => 41.823,'y' => 546.795 ]
['x' => 41.964,'y' => 546.820 ]
['x' => 42.104,'y' => 547.037 ]
['x' => 42.206,'y' => 547.101 ]
['x' => 42.193,'y' => 547.191 ]
['x' => 42.091,'y' => 547.178 ]
['x' => 42.060,'y' => 547.299 ]
['x' => 41.955,'y' => 547.331 ]
['x' => 41.823,'y' => 547.020 ]
['x' => 41.800,'y' => 547.082 ]
['x' => 41.734,'y' => 547.132 ]
['x' => 41.760,'y' => 547.280 ]
['x' => 41.721,'y' => 547.280 ]
['x' => 41.734,'y' => 547.318 ]
['x' => 41.696,'y' => 547.369 ]
['x' => 41.708,'y' => 547.420 ]
['x' => 41.708,'y' => 547.459 ]
['x' => 41.823,'y' => 547.586 ]
['x' => 41.810,'y' => 547.637 ]
['x' => 41.772,'y' => 547.637 ]
['x' => 41.696,'y' => 547.548 ]
['x' => 41.619,'y' => 547.561 ]
['x' => 41.568,'y' => 547.497 ]
['x' => 41.530,'y' => 547.497 ]
['x' => 41.555,'y' => 547.586 ]
['x' => 41.491,'y' => 547.612 ]
['x' => 41.479,'y' => 547.663 ]
['x' => 41.440,'y' => 547.676 ]
['x' => 41.428,'y' => 547.739 ]
['x' => 41.351,'y' => 547.714 ]
['x' => 41.326,'y' => 547.778 ]
['x' => 41.274,'y' => 547.701 ]
['x' => 41.223,'y' => 547.727 ]
['x' => 41.198,'y' => 547.701 ]
['x' => 41.121,'y' => 547.714 ]
['x' => 41.109,'y' => 547.803 ]
['x' => 41.147,'y' => 547.829 ]
['x' => 41.185,'y' => 547.803 ]
['x' => 41.223,'y' => 547.816 ]
['x' => 41.223,'y' => 547.931 ]
['x' => 41.262,'y' => 547.982 ]
['x' => 41.581,'y' => 548.110 ]
['x' => 41.530,'y' => 548.161 ]
['x' => 41.540,'y' => 548.204 ]
['x' => 41.517,'y' => 548.237 ]
['x' => 41.479,'y' => 548.237 ]
['x' => 41.428,'y' => 548.327 ]
['x' => 41.389,'y' => 548.352 ]
['x' => 41.351,'y' => 548.339 ]
['x' => 41.313,'y' => 548.390 ]
['x' => 41.274,'y' => 548.390 ]
['x' => 41.172,'y' => 548.327 ]
['x' => 41.134,'y' => 548.352 ]
['x' => 41.096,'y' => 548.352 ]
['x' => 41.032,'y' => 548.314 ]
['x' => 40.955,'y' => 548.314 ]
['x' => 40.943,'y' => 548.378 ]
['x' => 40.942,'y' => 548.429 ]
['x' => 40.891,'y' => 548.429 ]
['x' => 40.904,'y' => 548.505 ]
['x' => 40.866,'y' => 548.518 ]
['x' => 40.853,'y' => 548.582 ]
['x' => 40.726,'y' => 548.544 ]
['x' => 40.687,'y' => 548.595 ]
['x' => 40.623,'y' => 548.607 ]
['x' => 40.623,'y' => 548.646 ]
['x' => 40.777,'y' => 548.799 ]
['x' => 40.764,'y' => 548.927 ]
['x' => 40.828,'y' => 548.927 ]
['x' => 40.866,'y' => 548.901 ]
['x' => 40.904,'y' => 548.927 ]
['x' => 40.943,'y' => 548.888 ]
['x' => 41.096,'y' => 548.914 ]
['x' => 41.121,'y' => 548.837 ]
['x' => 41.211,'y' => 548.799 ]
['x' => 41.274,'y' => 548.748 ]
['x' => 41.313,'y' => 548.722 ]
['x' => 41.351,'y' => 548.684 ]
['x' => 41.377,'y' => 548.569 ]
['x' => 41.466,'y' => 548.467 ]
['x' => 41.517,'y' => 548.454 ]
['x' => 41.543,'y' => 548.403 ]
['x' => 41.708,'y' => 548.403 ]
['x' => 41.759,'y' => 548.442 ]
['x' => 41.772,'y' => 548.633 ]
['x' => 41.874,'y' => 548.748 ]
['x' => 41.989,'y' => 548.722 ]
['x' => 42.079,'y' => 548.748 ]
['x' => 42.142,'y' => 548.901 ]
['x' => 42.117,'y' => 548.927 ]
['x' => 42.040,'y' => 548.965 ]
['x' => 42.142,'y' => 549.041 ]
['x' => 42.168,'y' => 549.118 ]
['x' => 42.398,'y' => 549.182 ]
['x' => 42.474,'y' => 549.169 ]
['x' => 42.525,'y' => 549.156 ]
['x' => 42.551,'y' => 549.207 ]
['x' => 42.666,'y' => 549.271 ]
['x' => 42.666,'y' => 549.322 ]
['x' => 42.615,'y' => 549.386 ]
['x' => 42.653,'y' => 549.475 ]
['x' => 42.627,'y' => 549.501 ]
['x' => 42.602,'y' => 549.475 ]
['x' => 42.564,'y' => 549.488 ]
['x' => 42.602,'y' => 549.565 ]
['x' => 42.730,'y' => 549.667 ]
['x' => 42.806,'y' => 549.667 ]
['x' => 42.895,'y' => 549.590 ]
['x' => 42.972,'y' => 549.590 ]
['x' => 43.010,'y' => 549.527 ]
['x' => 43.061,'y' => 549.552 ]
['x' => 43.049,'y' => 549.629 ]
['x' => 43.125,'y' => 549.718 ]
['x' => 43.023,'y' => 549.884 ]
['x' => 42.921,'y' => 549.858 ]
['x' => 42.883,'y' => 549.909 ]
['x' => 42.883,'y' => 549.960 ]
['x' => 42.806,'y' => 549.948 ]
['x' => 42.844,'y' => 550.063 ]
['x' => 42.793,'y' => 550.152 ]
['x' => 42.602,'y' => 550.037 ]
['x' => 42.449,'y' => 550.050 ]
['x' => 42.398,'y' => 550.126 ]
['x' => 42.270,'y' => 550.126 ]
['x' => 42.206,'y' => 550.037 ]
['x' => 42.130,'y' => 550.037 ]
['x' => 42.104,'y' => 550.063 ]
['x' => 42.117,'y' => 550.126 ]
['x' => 42.219,'y' => 550.139 ]
['x' => 42.257,'y' => 550.203 ]
['x' => 42.245,'y' => 550.356 ]
['x' => 42.193,'y' => 550.369 ]
['x' => 42.155,'y' => 550.331 ]
['x' => 42.117,'y' => 550.343 ]
['x' => 42.308,'y' => 550.522 ]
['x' => 42.283,'y' => 550.611 ]
['x' => 42.066,'y' => 550.599 ]
['x' => 42.104,'y' => 550.688 ]
['x' => 42.193,'y' => 550.739 ]
['x' => 42.193,'y' => 550.816 ]
['x' => 42.130,'y' => 550.905 ]
['x' => 42.079,'y' => 550.918 ]
['x' => 42.027,'y' => 550.943 ]
['x' => 41.976,'y' => 550.943 ]
['x' => 41.938,'y' => 550.994 ]
['x' => 41.862,'y' => 550.969 ]
['x' => 41.836,'y' => 551.020 ]
['x' => 41.798,'y' => 551.045 ]
['x' => 41.655,'y' => 551.012 ]
['x' => 41.568,'y' => 551.071 ]
['x' => 41.453,'y' => 551.107 ]
['x' => 41.389,'y' => 550.982 ]
['x' => 41.351,'y' => 550.982 ]
['x' => 41.313,'y' => 550.841 ]
['x' => 41.274,'y' => 550.841 ]
['x' => 41.325,'y' => 551.160 ]
['x' => 41.313,'y' => 551.205 ]
['x' => 41.300,'y' => 551.275 ]
['x' => 41.249,'y' => 551.556 ]
['x' => 41.313,'y' => 551.607 ]
['x' => 41.313,'y' => 551.658 ]
['x' => 41.262,'y' => 551.684 ]
['x' => 41.236,'y' => 551.735 ]
['x' => 41.287,'y' => 551.773 ]
['x' => 41.287,'y' => 551.849 ]
['x' => 41.338,'y' => 551.913 ]
['x' => 41.338,'y' => 551.952 ]
['x' => 41.287,'y' => 551.964 ]
['x' => 41.364,'y' => 552.028 ]
['x' => 41.325,'y' => 552.092 ]
['x' => 41.376,'y' => 552.105 ]
['x' => 41.415,'y' => 552.079 ]
['x' => 41.491,'y' => 552.105 ]
['x' => 41.542,'y' => 552.079 ]
['x' => 41.645,'y' => 552.143 ]
['x' => 41.823,'y' => 552.130 ]
['x' => 41.900,'y' => 552.207 ]
['x' => 42.002,'y' => 552.220 ]
['x' => 42.066,'y' => 552.309 ]
['x' => 42.015,'y' => 552.373 ]
['x' => 41.976,'y' => 552.411 ]
['x' => 41.989,'y' => 552.526 ]
['x' => 41.900,'y' => 552.552 ]
['x' => 41.836,'y' => 552.641 ]
['x' => 41.861,'y' => 552.883 ]
['x' => 41.836,'y' => 552.909 ]
['x' => 41.772,'y' => 552.973 ]
['x' => 41.798,'y' => 553.062 ]
['x' => 41.964,'y' => 553.190 ]
['x' => 41.976,'y' => 553.241 ]
['x' => 42.028,'y' => 553.241 ]
['x' => 42.028,'y' => 553.292 ]
['x' => 41.964,'y' => 553.356 ]
['x' => 41.925,'y' => 553.483 ]
['x' => 41.862,'y' => 553.483 ]
['x' => 41.811,'y' => 553.522 ]
['x' => 41.721,'y' => 553.547 ]
['x' => 41.670,'y' => 553.560 ]
['x' => 41.632,'y' => 553.624 ]
['x' => 41.530,'y' => 553.598 ]
['x' => 41.466,'y' => 553.637 ]
['x' => 41.415,'y' => 553.624 ]
['x' => 41.376,'y' => 553.662 ]
['x' => 41.338,'y' => 553.675 ]
['x' => 41.262,'y' => 553.662 ]
['x' => 41.211,'y' => 553.713 ]
['x' => 41.172,'y' => 553.764 ]
['x' => 41.160,'y' => 553.828 ]
['x' => 41.108,'y' => 553.841 ]
['x' => 41.045,'y' => 553.917 ]
['x' => 40.802,'y' => 553.930 ]
['x' => 40.777,'y' => 553.956 ]
['x' => 40.738,'y' => 553.956 ]
['x' => 40.713,'y' => 554.007 ]
['x' => 40.777,'y' => 554.083 ]
['x' => 40.764,'y' => 554.134 ]
['x' => 40.828,'y' => 554.173 ]
['x' => 40.828,'y' => 554.249 ]
['x' => 40.789,'y' => 554.275 ]
['x' => 40.777,'y' => 554.351 ]
['x' => 40.853,'y' => 554.441 ]
['x' => 40.879,'y' => 554.581 ]
['x' => 40.828,'y' => 554.696 ]
['x' => 40.815,'y' => 554.951 ]
['x' => 40.892,'y' => 555.053 ]
['x' => 40.994,'y' => 555.117 ]
['x' => 40.981,'y' => 555.207 ]
['x' => 41.032,'y' => 555.258 ]
['x' => 41.006,'y' => 555.360 ]
['x' => 40.981,'y' => 555.423 ]
['x' => 40.942,'y' => 555.436 ]
['x' => 40.943,'y' => 555.475 ]
['x' => 40.994,'y' => 555.513 ]
['x' => 41.032,'y' => 555.666 ]
['x' => 41.096,'y' => 555.743 ]
['x' => 41.083,'y' => 555.819 ]
['x' => 41.147,'y' => 555.947 ]
['x' => 41.249,'y' => 556.049 ]
['x' => 41.249,'y' => 556.215 ]
['x' => 41.198,'y' => 556.304 ]
['x' => 41.198,'y' => 556.419 ]
['x' => 41.300,'y' => 556.611 ]
['x' => 41.287,'y' => 556.687 ]
['x' => 41.249,'y' => 556.725 ]
['x' => 41.287,'y' => 556.981 ]
['x' => 41.491,'y' => 557.223 ]
['x' => 41.504,'y' => 557.325 ]
['x' => 41.683,'y' => 557.619 ]
['x' => 41.683,'y' => 557.721 ]
['x' => 41.721,'y' => 557.785 ]
['x' => 41.785,'y' => 557.823 ]
['x' => 41.887,'y' => 557.823 ]
['x' => 41.964,'y' => 557.925 ]
['x' => 42.002,'y' => 557.951 ]
['x' => 42.104,'y' => 557.951 ]
['x' => 42.130,'y' => 557.989 ]
['x' => 42.130,'y' => 558.040 ]
['x' => 42.079,'y' => 558.104 ]
['x' => 41.925,'y' => 558.168 ]
['x' => 41.964,'y' => 558.244 ]
['x' => 41.925,'y' => 558.283 ]
['x' => 41.874,'y' => 558.295 ]
['x' => 41.862,'y' => 558.410 ]
['x' => 41.798,'y' => 558.461 ]
['x' => 41.747,'y' => 558.512 ]
['x' => 41.657,'y' => 558.449 ]
['x' => 41.568,'y' => 558.283 ]
['x' => 41.453,'y' => 558.232 ]
['x' => 41.415,'y' => 558.244 ]
['x' => 41.313,'y' => 558.257 ]
['x' => 41.313,'y' => 558.295 ]
['x' => 41.274,'y' => 558.308 ]
['x' => 41.249,'y' => 558.347 ]
['x' => 41.249,'y' => 558.500 ]
['x' => 41.198,'y' => 558.538 ]
['x' => 41.211,'y' => 558.589 ]
['x' => 41.338,'y' => 558.704 ]
['x' => 41.415,'y' => 558.678 ]
['x' => 41.594,'y' => 558.653 ]
['x' => 41.657,'y' => 558.640 ]
['x' => 41.683,'y' => 558.602 ]
['x' => 41.721,'y' => 558.602 ]
['x' => 41.759,'y' => 558.678 ]
['x' => 41.913,'y' => 558.806 ]
['x' => 41.913,'y' => 558.870 ]
['x' => 41.836,'y' => 559.036 ]
['x' => 41.785,'y' => 559.087 ]
['x' => 41.721,'y' => 559.125 ]
['x' => 41.734,'y' => 559.304 ]
['x' => 41.823,'y' => 559.380 ]
['x' => 41.823,'y' => 559.444 ]
['x' => 41.798,'y' => 559.482 ]
['x' => 41.759,'y' => 559.495 ]
['x' => 41.721,'y' => 559.559 ]
['x' => 41.645,'y' => 559.585 ]
['x' => 41.606,'y' => 559.597 ]
['x' => 41.645,'y' => 559.648 ]
['x' => 41.657,'y' => 559.827 ]
['x' => 41.555,'y' => 559.853 ]
['x' => 41.555,'y' => 559.929 ]
['x' => 41.530,'y' => 559.955 ]
['x' => 41.479,'y' => 559.968 ]
['x' => 41.488,'y' => 560.012 ]
['x' => 41.428,'y' => 560.095 ]
['x' => 41.338,'y' => 560.057 ]
['x' => 41.325,'y' => 560.197 ]
['x' => 41.325,'y' => 560.235 ]
['x' => 41.389,'y' => 560.299 ]
['x' => 41.364,'y' => 560.414 ]
['x' => 41.594,'y' => 560.695 ]
['x' => 41.594,'y' => 560.835 ]
['x' => 41.530,'y' => 560.899 ]
['x' => 41.504,'y' => 561.014 ]
['x' => 41.530,'y' => 561.206 ]
['x' => 41.657,'y' => 561.474 ]
['x' => 41.657,'y' => 561.550 ]
['x' => 41.632,'y' => 561.576 ]
['x' => 41.657,'y' => 561.703 ]
['x' => 41.708,'y' => 561.767 ]
['x' => 41.798,'y' => 561.780 ]
['x' => 41.785,'y' => 561.869 ]
['x' => 41.823,'y' => 561.908 ]
['x' => 41.823,'y' => 561.984 ]
['x' => 41.874,'y' => 562.023 ]
['x' => 41.874,'y' => 562.073 ]
['x' => 41.798,'y' => 562.227 ]
['x' => 41.874,'y' => 562.342 ]
['x' => 41.849,'y' => 562.406 ]
['x' => 41.785,'y' => 562.584 ]
['x' => 41.772,'y' => 562.737 ]
['x' => 41.849,'y' => 562.878 ]
['x' => 41.823,'y' => 562.954 ]
['x' => 41.964,'y' => 563.095 ]
['x' => 41.938,'y' => 563.210 ]
['x' => 42.002,'y' => 563.312 ]
['x' => 41.976,'y' => 563.350 ]
['x' => 41.989,'y' => 563.414 ]
['x' => 42.066,'y' => 563.465 ]
['x' => 42.130,'y' => 563.439 ]
['x' => 42.283,'y' => 563.644 ]
['x' => 42.283,'y' => 563.707 ]
['x' => 42.525,'y' => 563.848 ]
['x' => 42.602,'y' => 563.950 ]
['x' => 42.704,'y' => 563.963 ]
['x' => 42.781,'y' => 564.039 ]
['x' => 42.857,'y' => 564.052 ]
['x' => 42.946,'y' => 564.154 ]
['x' => 43.049,'y' => 564.154 ]
['x' => 43.125,'y' => 564.218 ]
['x' => 43.304,'y' => 564.231 ]
['x' => 43.342,'y' => 564.205 ]
['x' => 43.380,'y' => 564.192 ]
['x' => 43.381,'y' => 564.192 ]
['x' => 43.483,'y' => 564.192 ]
['x' => 43.546,'y' => 564.129 ]
['x' => 43.636,'y' => 564.141 ]
['x' => 43.751,'y' => 564.026 ]
['x' => 43.866,'y' => 563.988 ]
['x' => 43.904,'y' => 563.950 ]
['x' => 43.955,'y' => 563.822 ]
['x' => 44.108,'y' => 563.669 ]
['x' => 44.146,'y' => 563.669 ]
['x' => 44.172,'y' => 563.644 ]
['x' => 44.236,'y' => 563.644 ]
['x' => 44.325,'y' => 563.809 ]
['x' => 44.453,'y' => 563.809 ]
['x' => 44.465,'y' => 563.746 ]
['x' => 44.402,'y' => 563.695 ]
['x' => 44.440,'y' => 563.605 ]
['x' => 44.414,'y' => 563.452 ]
['x' => 44.542,'y' => 563.337 ]
['x' => 44.555,'y' => 563.286 ]
['x' => 44.593,'y' => 563.261 ]
['x' => 44.555,'y' => 563.171 ]
['x' => 44.606,'y' => 563.171 ]
['x' => 44.708,'y' => 563.261 ]
['x' => 44.708,'y' => 563.299 ]
['x' => 44.631,'y' => 563.414 ]
['x' => 44.670,'y' => 563.414 ]
['x' => 44.695,'y' => 563.388 ]
['x' => 44.746,'y' => 563.388 ]
['x' => 44.759,'y' => 563.452 ]
['x' => 44.721,'y' => 563.478 ]
['x' => 44.733,'y' => 563.541 ]
['x' => 44.695,'y' => 563.567 ]
['x' => 44.695,'y' => 563.644 ]
['x' => 44.823,'y' => 563.797 ]
['x' => 45.002,'y' => 563.771 ]
['x' => 45.104,'y' => 563.695 ]
['x' => 45.155,'y' => 563.695 ]
['x' => 45.218,'y' => 563.592 ]
['x' => 45.270,'y' => 563.554 ]
['x' => 45.282,'y' => 563.503 ]
['x' => 45.321,'y' => 563.465 ]
['x' => 45.282,'y' => 563.248 ]
['x' => 45.321,'y' => 563.095 ]
['x' => 45.372,'y' => 563.044 ]
['x' => 45.435,'y' => 563.056 ]
['x' => 45.640,'y' => 563.299 ]
['x' => 45.755,'y' => 563.299 ]
['x' => 45.959,'y' => 563.235 ]
['x' => 46.010,'y' => 563.184 ]
['x' => 45.997,'y' => 563.005 ]
['x' => 46.048,'y' => 562.993 ]
['x' => 46.074,'y' => 563.018 ]
['x' => 46.048,'y' => 563.056 ]
['x' => 46.061,'y' => 563.197 ]
['x' => 46.125,'y' => 563.171 ]
['x' => 46.163,'y' => 563.133 ]
['x' => 46.214,'y' => 563.197 ]
['x' => 46.201,'y' => 563.286 ]
['x' => 46.316,'y' => 563.427 ]
['x' => 46.559,'y' => 563.592 ]
['x' => 46.699,'y' => 563.631 ]
['x' => 46.840,'y' => 563.592 ]
['x' => 46.942,'y' => 563.554 ]
['x' => 47.044,'y' => 563.439 ]
['x' => 47.222,'y' => 563.337 ]
['x' => 47.261,'y' => 563.324 ]
['x' => 47.286,'y' => 563.273 ]
['x' => 47.350,'y' => 563.235 ]
['x' => 47.350,'y' => 563.107 ]
['x' => 47.401,'y' => 563.018 ]
['x' => 47.465,'y' => 562.954 ]
['x' => 47.516,'y' => 562.903 ]
['x' => 47.554,'y' => 562.827 ]
['x' => 47.554,'y' => 562.712 ]
['x' => 47.465,'y' => 562.584 ]
['x' => 47.299,'y' => 562.482 ]
['x' => 47.120,'y' => 562.469 ]
['x' => 47.018,'y' => 562.495 ]
['x' => 46.942,'y' => 562.495 ]
['x' => 46.840,'y' => 562.393 ]
['x' => 46.801,'y' => 562.176 ]
['x' => 46.852,'y' => 562.150 ]
['x' => 46.916,'y' => 562.086 ]
['x' => 46.929,'y' => 562.010 ]
['x' => 46.967,'y' => 561.971 ]
['x' => 46.954,'y' => 561.895 ]
['x' => 47.005,'y' => 561.831 ]
['x' => 46.967,'y' => 561.806 ]
['x' => 46.967,'y' => 561.729 ]
['x' => 46.852,'y' => 561.614 ]
['x' => 46.839,'y' => 561.563 ]
['x' => 46.878,'y' => 561.512 ]
['x' => 46.878,'y' => 561.448 ]
['x' => 46.776,'y' => 561.321 ]
['x' => 46.699,'y' => 561.333 ]
['x' => 46.661,'y' => 561.333 ]
['x' => 46.635,'y' => 561.359 ]
['x' => 46.495,'y' => 561.346 ]
['x' => 46.431,'y' => 561.397 ]
['x' => 46.418,'y' => 561.435 ]
['x' => 46.291,'y' => 561.448 ]
['x' => 46.214,'y' => 561.486 ]
['x' => 46.125,'y' => 561.499 ]
['x' => 46.086,'y' => 561.537 ]
['x' => 46.035,'y' => 561.550 ]
['x' => 45.984,'y' => 561.691 ]
['x' => 45.920,'y' => 561.754 ]
['x' => 45.908,'y' => 561.831 ]
['x' => 45.869,'y' => 561.857 ]
['x' => 45.895,'y' => 561.933 ]
['x' => 45.869,'y' => 562.010 ]
['x' => 45.959,'y' => 562.099 ]
['x' => 45.920,'y' => 562.163 ]
['x' => 45.946,'y' => 562.214 ]
['x' => 45.742,'y' => 562.188 ]
['x' => 45.716,'y' => 562.163 ]
['x' => 45.601,'y' => 562.176 ]
['x' => 45.499,'y' => 562.125 ]
['x' => 45.436,'y' => 562.201 ]
['x' => 45.436,'y' => 562.303 ]
['x' => 45.397,'y' => 562.342 ]
['x' => 45.333,'y' => 562.342 ]
['x' => 45.270,'y' => 562.278 ]
['x' => 45.193,'y' => 562.265 ]
['x' => 45.167,'y' => 562.380 ]
['x' => 45.104,'y' => 562.393 ]
['x' => 45.078,'y' => 562.418 ]
['x' => 45.040,'y' => 562.367 ]
['x' => 44.823,'y' => 562.265 ]
['x' => 44.746,'y' => 562.061 ]
['x' => 44.785,'y' => 561.997 ]
['x' => 44.746,'y' => 561.895 ]
['x' => 44.785,'y' => 561.882 ]
['x' => 44.631,'y' => 561.767 ]
['x' => 44.568,'y' => 561.589 ]
['x' => 44.529,'y' => 561.563 ]
['x' => 44.363,'y' => 561.550 ]
['x' => 44.299,'y' => 561.512 ]
['x' => 44.146,'y' => 561.537 ]
['x' => 44.031,'y' => 561.423 ]
['x' => 43.878,'y' => 561.371 ]
['x' => 43.865,'y' => 561.321 ]
['x' => 43.802,'y' => 561.282 ]
['x' => 43.827,'y' => 561.180 ]
['x' => 43.751,'y' => 561.129 ]
['x' => 43.751,'y' => 561.078 ]
['x' => 43.827,'y' => 561.014 ]
['x' => 43.929,'y' => 560.989 ]
['x' => 44.338,'y' => 561.014 ]
['x' => 44.389,'y' => 560.976 ]
['x' => 44.414,'y' => 560.925 ]
['x' => 44.453,'y' => 560.772 ]
['x' => 44.504,'y' => 560.759 ]
['x' => 44.516,'y' => 560.720 ]
['x' => 44.606,'y' => 560.695 ]
['x' => 44.631,'y' => 560.657 ]
['x' => 44.721,'y' => 560.695 ]
['x' => 44.848,'y' => 560.899 ]
['x' => 44.963,'y' => 560.925 ]
['x' => 45.014,'y' => 561.040 ]
['x' => 45.053,'y' => 561.027 ]
['x' => 45.053,'y' => 560.912 ]
['x' => 45.142,'y' => 560.950 ]
['x' => 45.155,'y' => 560.887 ]
['x' => 44.976,'y' => 560.516 ]
['x' => 44.912,'y' => 560.453 ]
['x' => 44.912,'y' => 560.363 ]
['x' => 44.682,'y' => 560.172 ]
['x' => 44.542,'y' => 559.827 ]
['x' => 44.300,'y' => 559.648 ]
['x' => 44.261,'y' => 559.546 ]
['x' => 44.146,'y' => 559.495 ]
['x' => 44.185,'y' => 559.393 ]
['x' => 44.146,'y' => 559.291 ]
['x' => 44.210,'y' => 559.266 ]
['x' => 44.223,'y' => 559.227 ]
['x' => 44.274,'y' => 559.227 ]
['x' => 44.325,'y' => 559.202 ]
['x' => 44.363,'y' => 559.189 ]
['x' => 44.402,'y' => 559.176 ]
['x' => 44.402,'y' => 559.061 ]
['x' => 44.363,'y' => 558.997 ]
['x' => 44.542,'y' => 558.959 ]
['x' => 44.580,'y' => 558.921 ]
['x' => 44.721,'y' => 559.291 ]
['x' => 45.014,'y' => 559.661 ]
['x' => 45.040,'y' => 559.610 ]
['x' => 45.027,'y' => 559.521 ]
['x' => 45.065,'y' => 559.482 ]
['x' => 45.091,'y' => 559.444 ]
['x' => 45.053,'y' => 559.355 ]
['x' => 45.065,'y' => 559.291 ]
['x' => 45.142,'y' => 559.380 ]
['x' => 45.231,'y' => 559.380 ]
['x' => 45.231,'y' => 559.329 ]
['x' => 45.142,'y' => 559.227 ]
['x' => 45.104,'y' => 559.099 ]
['x' => 44.989,'y' => 559.023 ]
['x' => 44.899,'y' => 558.895 ]
['x' => 44.963,'y' => 558.793 ]
['x' => 45.053,'y' => 558.793 ]
['x' => 45.078,'y' => 558.819 ]
['x' => 45.142,'y' => 558.806 ]
['x' => 45.142,'y' => 558.742 ]
['x' => 45.091,'y' => 558.704 ]
['x' => 45.129,'y' => 558.678 ]
['x' => 45.155,'y' => 558.576 ]
['x' => 45.116,'y' => 558.551 ]
['x' => 44.976,'y' => 558.551 ]
['x' => 44.938,'y' => 558.614 ]
['x' => 44.899,'y' => 558.614 ]
['x' => 44.874,'y' => 558.474 ]
['x' => 44.797,'y' => 558.423 ]
['x' => 44.797,'y' => 558.372 ]
['x' => 44.887,'y' => 558.321 ]
['x' => 44.887,'y' => 558.270 ]
['x' => 44.786,'y' => 558.182 ]
['x' => 44.797,'y' => 558.117 ]
['x' => 44.733,'y' => 558.053 ]
['x' => 44.733,'y' => 557.989 ]
['x' => 44.772,'y' => 557.976 ]
['x' => 44.785,'y' => 557.900 ]
['x' => 44.912,'y' => 558.015 ]
['x' => 44.912,'y' => 558.066 ]
['x' => 44.989,'y' => 558.142 ]
['x' => 45.027,'y' => 558.142 ]
['x' => 45.027,'y' => 558.104 ]
['x' => 45.091,'y' => 558.117 ]
['x' => 45.104,'y' => 558.078 ]
['x' => 44.887,'y' => 557.887 ]
['x' => 44.899,'y' => 557.721 ]
['x' => 44.848,'y' => 557.683 ]
['x' => 44.797,'y' => 557.683 ]
['x' => 44.759,'y' => 557.708 ]
['x' => 44.708,'y' => 557.670 ]
['x' => 44.695,'y' => 557.593 ]
['x' => 44.759,'y' => 557.593 ]
['x' => 44.823,'y' => 557.530 ]
['x' => 44.797,'y' => 557.427 ]
['x' => 44.733,'y' => 557.389 ]
['x' => 44.721,'y' => 557.466 ]
['x' => 44.644,'y' => 557.555 ]
['x' => 44.580,'y' => 557.542 ]
['x' => 44.529,'y' => 557.491 ]
['x' => 44.529,'y' => 557.453 ]
['x' => 44.580,'y' => 557.427 ]
['x' => 44.580,'y' => 557.376 ]
['x' => 44.491,'y' => 557.287 ]
['x' => 44.338,'y' => 557.223 ]
['x' => 44.287,'y' => 557.287 ]
['x' => 44.223,'y' => 557.261 ]
['x' => 44.210,'y' => 557.159 ]
['x' => 44.248,'y' => 557.147 ]
['x' => 44.248,'y' => 557.096 ]
['x' => 44.172,'y' => 556.993 ]
['x' => 44.236,'y' => 556.981 ]
['x' => 44.287,'y' => 557.006 ]
['x' => 44.389,'y' => 556.930 ]
['x' => 44.389,'y' => 556.789 ]
['x' => 44.389,'y' => 556.751 ]
['x' => 44.427,'y' => 556.725 ]
['x' => 44.402,'y' => 556.623 ]
['x' => 44.453,'y' => 556.585 ]
['x' => 44.504,'y' => 556.572 ]
['x' => 44.529,'y' => 556.534 ]
['x' => 44.516,'y' => 556.381 ]
['x' => 44.453,'y' => 556.317 ]
['x' => 44.465,'y' => 556.279 ]
['x' => 44.504,'y' => 556.266 ]
['x' => 44.491,'y' => 556.202 ]
['x' => 44.453,'y' => 556.189 ]
['x' => 44.478,'y' => 556.100 ]
['x' => 44.414,'y' => 556.036 ]
['x' => 44.465,'y' => 556.023 ]
['x' => 44.491,'y' => 555.985 ]
['x' => 44.491,'y' => 555.883 ]
['x' => 44.453,'y' => 555.832 ]
['x' => 44.504,'y' => 555.819 ]
['x' => 44.555,'y' => 555.857 ]
['x' => 44.619,'y' => 555.806 ]
['x' => 44.619,'y' => 555.755 ]
['x' => 44.555,'y' => 555.704 ]
['x' => 44.555,'y' => 555.615 ]
['x' => 44.585,'y' => 555.575 ]
['x' => 44.593,'y' => 555.564 ]
['x' => 44.580,'y' => 555.526 ]
['x' => 44.631,'y' => 555.500 ]
['x' => 44.670,'y' => 555.449 ]
['x' => 44.759,'y' => 555.028 ]
['x' => 44.785,'y' => 555.002 ]
['x' => 44.823,'y' => 554.977 ]
['x' => 44.861,'y' => 554.951 ]
['x' => 44.963,'y' => 554.938 ]
['x' => 45.065,'y' => 554.811 ]
['x' => 45.167,'y' => 554.734 ]
['x' => 45.155,'y' => 554.607 ]
['x' => 44.950,'y' => 554.453 ]
['x' => 44.989,'y' => 554.390 ]
['x' => 44.950,'y' => 554.300 ]
['x' => 45.040,'y' => 554.300 ]
['x' => 45.065,'y' => 554.224 ]
['x' => 45.193,'y' => 554.224 ]
['x' => 45.231,'y' => 554.185 ]
['x' => 45.423,'y' => 554.262 ]
['x' => 45.423,'y' => 554.198 ]
['x' => 45.487,'y' => 554.185 ]
['x' => 45.538,'y' => 554.083 ]
['x' => 45.538,'y' => 554.019 ]
['x' => 45.448,'y' => 553.943 ]
['x' => 45.550,'y' => 553.943 ]
['x' => 45.589,'y' => 553.892 ]
['x' => 45.652,'y' => 553.866 ]
['x' => 45.640,'y' => 553.713 ]
['x' => 45.589,'y' => 553.688 ]
['x' => 45.601,'y' => 553.573 ]
['x' => 45.474,'y' => 553.420 ]
['x' => 45.487,'y' => 553.356 ]
['x' => 45.576,'y' => 553.241 ]
['x' => 45.550,'y' => 553.113 ]
['x' => 45.589,'y' => 553.100 ]
['x' => 45.589,'y' => 553.024 ]
['x' => 45.538,'y' => 552.985 ]
['x' => 45.538,'y' => 552.922 ]
['x' => 45.601,'y' => 552.845 ]
['x' => 45.602,'y' => 552.769 ]
['x' => 45.716,'y' => 552.615 ]
['x' => 45.716,'y' => 552.552 ]
['x' => 45.767,'y' => 552.501 ]
['x' => 45.844,'y' => 552.360 ]
['x' => 45.946,'y' => 552.360 ]
['x' => 45.972,'y' => 552.334 ]
['x' => 45.972,'y' => 552.284 ]
['x' => 46.023,'y' => 552.232 ]
['x' => 45.997,'y' => 552.143 ]
['x' => 46.087,'y' => 552.169 ]
['x' => 46.099,'y' => 552.130 ]
['x' => 46.138,'y' => 552.118 ]
['x' => 46.086,'y' => 552.003 ]
['x' => 46.099,'y' => 551.952 ]
['x' => 46.192,'y' => 551.993 ]
['x' => 46.214,'y' => 551.939 ]
['x' => 46.176,'y' => 551.901 ]
['x' => 46.252,'y' => 551.888 ]
['x' => 46.354,'y' => 551.913 ]
['x' => 46.380,'y' => 551.875 ]
['x' => 46.457,'y' => 551.824 ]
['x' => 46.546,'y' => 551.850 ]
['x' => 46.750,'y' => 551.837 ]
['x' => 46.788,'y' => 551.798 ]
['x' => 46.852,'y' => 551.811 ]
['x' => 46.865,'y' => 551.760 ]
['x' => 46.929,'y' => 551.735 ]
['x' => 46.916,'y' => 551.632 ]
['x' => 46.827,'y' => 551.530 ]
['x' => 46.903,'y' => 551.505 ]
['x' => 46.967,'y' => 551.467 ]
['x' => 46.942,'y' => 551.352 ]
['x' => 46.967,'y' => 551.326 ]
['x' => 47.018,'y' => 551.326 ]
['x' => 47.044,'y' => 551.301 ]
['x' => 47.031,'y' => 551.211 ]
['x' => 47.095,'y' => 551.160 ]
['x' => 47.159,'y' => 551.058 ]
['x' => 47.197,'y' => 551.045 ]
['x' => 47.248,'y' => 550.956 ]
['x' => 47.337,'y' => 550.905 ]
['x' => 47.337,'y' => 550.739 ]
['x' => 47.414,'y' => 550.726 ]
['x' => 47.503,'y' => 550.777 ]
['x' => 47.644,'y' => 550.777 ]
['x' => 47.605,'y' => 550.675 ]
['x' => 47.631,'y' => 550.611 ]
['x' => 47.682,'y' => 550.599 ]
['x' => 47.758,'y' => 550.650 ]
['x' => 47.822,'y' => 550.624 ]
['x' => 47.644,'y' => 550.267 ]
['x' => 47.503,'y' => 550.241 ]
['x' => 47.388,'y' => 550.254 ]
['x' => 47.286,'y' => 550.216 ]
['x' => 47.235,'y' => 550.126 ]
['x' => 47.235,'y' => 550.088 ]
['x' => 47.286,'y' => 550.050 ]
['x' => 47.273,'y' => 549.960 ]
['x' => 47.184,'y' => 549.897 ]
['x' => 46.922,'y' => 549.931 ]
['x' => 46.761,'y' => 549.824 ]
['x' => 46.783,'y' => 549.707 ]
['x' => 46.980,'y' => 549.577 ]
['x' => 47.057,'y' => 549.539 ]
['x' => 47.133,'y' => 549.527 ]
['x' => 46.918,'y' => 549.195 ]
['x' => 46.956,'y' => 549.065 ]
['x' => 46.995,'y' => 549.027 ]
['x' => 47.090,'y' => 548.943 ]
['x' => 47.286,'y' => 549.067 ]
['x' => 47.363,'y' => 549.029 ]
['x' => 47.439,'y' => 549.054 ]
['x' => 47.516,'y' => 549.233 ]
['x' => 47.669,'y' => 549.424 ]
['x' => 47.707,'y' => 549.450 ]
['x' => 47.822,'y' => 549.450 ]
['x' => 47.797,'y' => 549.578 ]
['x' => 48.001,'y' => 549.731 ]
['x' => 48.090,'y' => 549.922 ]
['x' => 48.167,'y' => 549.960 ]
['x' => 48.218,'y' => 550.050 ]
['x' => 48.307,'y' => 550.088 ]
['x' => 48.409,'y' => 550.228 ]
['x' => 48.486,'y' => 550.241 ]
['x' => 48.524,'y' => 550.356 ]
['x' => 48.575,'y' => 550.394 ]
['x' => 48.703,'y' => 550.394 ]
['x' => 48.716,'y' => 550.343 ]
['x' => 48.792,'y' => 550.343 ]
['x' => 48.869,'y' => 550.305 ]
['x' => 48.907,'y' => 550.280 ]
['x' => 48.997,'y' => 550.203 ]
['x' => 49.086,'y' => 550.114 ]
['x' => 49.073,'y' => 549.935 ]
['x' => 48.971,'y' => 549.718 ]
['x' => 48.831,'y' => 549.590 ]
['x' => 48.843,'y' => 549.526 ]
['x' => 48.907,'y' => 549.514 ]
['x' => 48.933,'y' => 549.488 ]
['x' => 48.933,'y' => 549.424 ]
['x' => 48.831,'y' => 549.335 ]
['x' => 48.844,'y' => 549.297 ]
['x' => 48.895,'y' => 549.297 ]
['x' => 48.882,'y' => 549.220 ]
['x' => 48.907,'y' => 549.195 ]
['x' => 48.831,'y' => 549.105 ]
['x' => 48.907,'y' => 549.118 ]
['x' => 48.984,'y' => 549.092 ]
['x' => 49.035,'y' => 549.054 ]
['x' => 49.048,'y' => 549.016 ]
['x' => 49.086,'y' => 549.016 ]
['x' => 49.175,'y' => 549.118 ]
['x' => 49.277,'y' => 549.118 ]
['x' => 49.405,'y' => 549.041 ]
['x' => 49.418,'y' => 549.003 ]
['x' => 49.507,'y' => 548.990 ]
['x' => 49.558,'y' => 549.054 ]
['x' => 49.686,'y' => 549.118 ]
['x' => 49.673,'y' => 549.220 ]
['x' => 49.711,'y' => 549.284 ]
['x' => 49.711,'y' => 549.412 ]
['x' => 49.814,'y' => 549.488 ]
['x' => 49.903,'y' => 549.475 ]
['x' => 49.967,'y' => 549.437 ]
['x' => 50.069,'y' => 549.399 ]
['x' => 50.133,'y' => 549.361 ]
['x' => 50.171,'y' => 549.361 ]
['x' => 50.209,'y' => 549.335 ]
['x' => 50.248,'y' => 549.297 ]
['x' => 50.388,'y' => 549.284 ]
['x' => 50.426,'y' => 549.246 ]
['x' => 50.554,'y' => 549.194 ]
['x' => 50.605,'y' => 549.144 ]
['x' => 50.694,'y' => 549.105 ]
['x' => 50.771,'y' => 549.041 ]
['x' => 50.822,'y' => 548.927 ]
['x' => 50.860,'y' => 548.914 ]
['x' => 50.847,'y' => 548.850 ]
['x' => 50.873,'y' => 548.799 ]
['x' => 50.924,'y' => 548.786 ]
['x' => 50.962,'y' => 548.837 ]
['x' => 50.988,'y' => 548.761 ]
['x' => 51.039,'y' => 548.722 ]
['x' => 51.039,'y' => 548.620 ]
['x' => 51.128,'y' => 548.556 ]
['x' => 51.052,'y' => 548.416 ]
['x' => 50.937,'y' => 548.365 ]
['x' => 50.924,'y' => 548.288 ]
['x' => 50.950,'y' => 548.237 ]
['x' => 50.822,'y' => 548.110 ]
['x' => 50.745,'y' => 548.084 ]
['x' => 50.694,'y' => 548.135 ]
['x' => 50.567,'y' => 548.173 ]
['x' => 50.490,'y' => 548.173 ]
['x' => 50.375,'y' => 548.071 ]
['x' => 50.324,'y' => 547.969 ]
['x' => 50.056,'y' => 547.995 ]
['x' => 49.941,'y' => 548.250 ]
['x' => 49.890,'y' => 548.263 ]
['x' => 49.865,'y' => 548.301 ]
['x' => 49.775,'y' => 548.339 ]
['x' => 49.724,'y' => 548.352 ]
['x' => 49.673,'y' => 548.403 ]
['x' => 49.469,'y' => 548.493 ]
['x' => 49.341,'y' => 548.339 ]
['x' => 49.341,'y' => 548.263 ]
['x' => 49.380,'y' => 548.173 ]
['x' => 49.418,'y' => 548.148 ]
['x' => 49.443,'y' => 548.059 ]
['x' => 49.303,'y' => 547.867 ]
['x' => 49.328,'y' => 547.842 ]
['x' => 49.367,'y' => 547.842 ]
['x' => 49.392,'y' => 547.791 ]
['x' => 49.354,'y' => 547.663 ]
['x' => 49.405,'y' => 547.599 ]
['x' => 49.392,'y' => 547.548 ]
['x' => 49.354,'y' => 547.523 ]
['x' => 49.392,'y' => 547.497 ]
['x' => 49.392,'y' => 547.420 ]
['x' => 49.341,'y' => 547.369 ]
['x' => 49.226,'y' => 547.357 ]
['x' => 49.022,'y' => 547.101 ]
['x' => 48.920,'y' => 547.089 ]
['x' => 48.780,'y' => 546.999 ]
['x' => 48.716,'y' => 546.999 ]
['x' => 48.614,'y' => 546.935 ]
['x' => 48.537,'y' => 546.935 ]
['x' => 48.473,'y' => 546.884 ]
['x' => 48.371,'y' => 546.897 ]
['x' => 48.295,'y' => 546.948 ]
['x' => 48.256,'y' => 546.974 ]
['x' => 48.231,'y' => 547.012 ]
['x' => 48.141,'y' => 547.037 ]
['x' => 48.116,'y' => 547.063 ]
['x' => 47.963,'y' => 547.076 ]
['x' => 47.963,'y' => 547.127 ]
['x' => 47.861,'y' => 547.114 ]
['x' => 47.835,'y' => 547.140 ]
['x' => 47.784,'y' => 547.140 ]
['x' => 47.771,'y' => 547.101 ]
['x' => 47.708,'y' => 547.089 ]
['x' => 47.695,'y' => 547.140 ]
['x' => 47.631,'y' => 547.178 ]
['x' => 47.618,'y' => 547.242 ]
['x' => 47.567,'y' => 547.242 ]
['x' => 47.542,'y' => 547.293 ]
['x' => 47.491,'y' => 547.331 ]
['x' => 47.452,'y' => 547.344 ]
['x' => 47.363,'y' => 547.331 ]
['x' => 47.312,'y' => 547.267 ]
['x' => 47.274,'y' => 547.267 ]
['x' => 47.248,'y' => 547.306 ]
['x' => 47.210,'y' => 547.305 ]
['x' => 46.993,'y' => 547.127 ]
['x' => 46.954,'y' => 546.910 ]
['x' => 47.031,'y' => 546.821 ]
['x' => 47.044,'y' => 546.718 ]
['x' => 47.082,'y' => 546.667 ]
['x' => 47.018,'y' => 546.578 ]
['x' => 47.069,'y' => 546.552 ]
['x' => 47.057,'y' => 546.501 ]
['x' => 47.120,'y' => 546.476 ]
['x' => 47.133,'y' => 546.425 ]
['x' => 47.210,'y' => 546.348 ]
['x' => 47.274,'y' => 546.323 ]
['x' => 47.274,'y' => 546.233 ]
['x' => 47.337,'y' => 546.182 ]
['x' => 47.363,'y' => 546.118 ]
['x' => 47.414,'y' => 546.080 ]
['x' => 47.439,'y' => 546.029 ]
['x' => 47.414,'y' => 545.927 ]
['x' => 47.337,'y' => 545.863 ]
['x' => 47.350,'y' => 545.774 ]
['x' => 47.401,'y' => 545.736 ]
['x' => 47.452,'y' => 545.736 ]
['x' => 47.516,'y' => 545.787 ]
['x' => 47.567,'y' => 545.761 ]
['x' => 47.631,'y' => 545.761 ]
['x' => 47.771,'y' => 545.799 ]
['x' => 47.822,'y' => 545.787 ]
['x' => 47.823,'y' => 545.697 ]
['x' => 47.886,'y' => 545.761 ]
['x' => 48.014,'y' => 545.748 ]
['x' => 48.039,'y' => 545.723 ]
['x' => 48.078,'y' => 545.723 ]
['x' => 48.103,'y' => 545.646 ]
['x' => 48.193,'y' => 545.659 ]
['x' => 48.218,'y' => 545.621 ]
['x' => 48.333,'y' => 545.557 ]
['x' => 48.346,'y' => 545.467 ]
['x' => 48.435,'y' => 545.378 ]
['x' => 48.486,'y' => 545.225 ]
['x' => 48.550,'y' => 545.149 ]
['x' => 48.614,'y' => 545.123 ]
['x' => 48.678,'y' => 545.161 ]
['x' => 48.601,'y' => 545.225 ]
['x' => 48.601,'y' => 545.327 ]
['x' => 48.652,'y' => 545.416 ]
['x' => 48.895,'y' => 545.493 ]
['x' => 48.946,'y' => 545.493 ]
['x' => 48.971,'y' => 545.468 ]
['x' => 49.048,'y' => 545.455 ]
['x' => 49.060,'y' => 545.404 ]
['x' => 49.099,'y' => 545.455 ]
['x' => 49.150,'y' => 545.416 ]
['x' => 49.226,'y' => 545.391 ]
['x' => 49.252,'y' => 545.340 ]
['x' => 49.316,'y' => 545.340 ]
['x' => 49.354,'y' => 545.302 ]
['x' => 49.418,'y' => 545.238 ]
['x' => 49.507,'y' => 545.225 ]
['x' => 49.482,'y' => 545.110 ]
['x' => 49.494,'y' => 544.944 ]
['x' => 49.546,'y' => 544.906 ]
['x' => 49.546,'y' => 544.856 ]
['x' => 49.546,'y' => 544.829 ]
['x' => 49.456,'y' => 544.625 ]
['x' => 49.226,'y' => 544.599 ]
['x' => 49.060,'y' => 544.548 ]
['x' => 48.869,'y' => 544.319 ]
['x' => 48.792,'y' => 544.408 ]
['x' => 48.678,'y' => 544.510 ]
['x' => 48.588,'y' => 544.599 ]
['x' => 48.512,'y' => 544.625 ]
['x' => 48.461,'y' => 544.727 ]
['x' => 48.320,'y' => 544.727 ]
['x' => 48.346,'y' => 544.855 ]
['x' => 48.307,'y' => 544.906 ]
['x' => 48.218,'y' => 544.944 ]
['x' => 48.193,'y' => 544.982 ]
['x' => 48.116,'y' => 544.970 ]
['x' => 48.090,'y' => 544.995 ]
['x' => 47.924,'y' => 544.957 ]
['x' => 47.759,'y' => 544.970 ]
['x' => 47.669,'y' => 544.931 ]
['x' => 47.554,'y' => 544.957 ]
['x' => 47.210,'y' => 544.842 ]
['x' => 47.082,'y' => 544.868 ]
['x' => 46.929,'y' => 544.804 ]
['x' => 46.750,'y' => 544.816 ]
['x' => 46.546,'y' => 544.714 ]
['x' => 46.469,'y' => 544.612 ]
['x' => 46.469,'y' => 544.497 ]
['x' => 46.508,'y' => 544.459 ]
['x' => 46.508,'y' => 544.344 ]
['x' => 46.559,'y' => 544.280 ]
['x' => 46.559,'y' => 544.242 ]
['x' => 46.750,'y' => 544.204 ]
['x' => 46.776,'y' => 544.166 ]
['x' => 46.827,'y' => 544.166 ]
['x' => 46.865,'y' => 544.204 ]
['x' => 46.903,'y' => 544.204 ]
['x' => 46.942,'y' => 544.178 ]
['x' => 46.980,'y' => 544.217 ]
['x' => 47.031,'y' => 544.217 ]
['x' => 47.095,'y' => 544.165 ]
['x' => 47.095,'y' => 544.076 ]
['x' => 47.133,'y' => 544.076 ]
['x' => 47.146,'y' => 543.987 ]
['x' => 47.184,'y' => 543.974 ]
['x' => 47.197,'y' => 543.897 ]
['x' => 47.248,'y' => 543.859 ]
['x' => 47.286,'y' => 543.757 ]
['x' => 47.337,'y' => 543.719 ]
['x' => 47.299,'y' => 543.642 ]
['x' => 47.325,'y' => 543.553 ]
['x' => 47.184,'y' => 543.502 ]
['x' => 47.235,'y' => 543.464 ]
['x' => 47.286,'y' => 543.374 ]
['x' => 47.222,'y' => 543.221 ]
['x' => 47.273,'y' => 543.208 ]
['x' => 47.299,'y' => 543.144 ]
['x' => 47.299,'y' => 542.991 ]
['x' => 47.197,'y' => 542.876 ]
['x' => 47.223,'y' => 542.787 ]
['x' => 47.095,'y' => 542.723 ]
['x' => 47.120,'y' => 542.685 ]
['x' => 47.095,'y' => 542.621 ]
['x' => 47.171,'y' => 542.596 ]
['x' => 47.159,'y' => 542.519 ]
['x' => 47.248,'y' => 542.519 ]
['x' => 47.312,'y' => 542.455 ]
['x' => 47.516,'y' => 542.366 ]
['x' => 47.542,'y' => 542.327 ]
['x' => 47.631,'y' => 542.289 ]
['x' => 47.644,'y' => 542.200 ]
['x' => 47.682,'y' => 542.174 ]
['x' => 47.656,'y' => 541.613 ]
['x' => 47.695,'y' => 541.587 ]
['x' => 47.746,'y' => 541.587 ]
['x' => 47.771,'y' => 541.536 ]
['x' => 47.835,'y' => 541.498 ]
['x' => 47.886,'y' => 541.498 ]
['x' => 47.937,'y' => 541.460 ]
['x' => 48.001,'y' => 541.447 ]
['x' => 48.065,'y' => 541.396 ]
['x' => 48.141,'y' => 541.319 ]
['x' => 48.180,'y' => 541.255 ]
['x' => 48.154,'y' => 541.217 ]
['x' => 48.052,'y' => 541.192 ]
['x' => 48.065,'y' => 541.064 ]
['x' => 47.963,'y' => 541.089 ]
['x' => 47.835,'y' => 540.936 ]
['x' => 47.848,'y' => 540.898 ]
['x' => 47.899,'y' => 540.860 ]
['x' => 47.873,'y' => 540.770 ]
['x' => 47.899,'y' => 540.745 ]
['x' => 47.976,'y' => 540.732 ]
['x' => 47.975,'y' => 540.694 ]
['x' => 48.039,'y' => 540.630 ]
['x' => 48.078,'y' => 540.528 ]
['x' => 48.052,'y' => 540.477 ]
['x' => 48.078,'y' => 540.375 ]
['x' => 48.039,'y' => 540.336 ]
['x' => 48.065,'y' => 540.298 ]
['x' => 48.052,'y' => 540.170 ]
['x' => 48.078,'y' => 540.081 ]
['x' => 48.121,'y' => 540.029 ]
['x' => 48.141,'y' => 540.004 ]
['x' => 48.154,'y' => 539.915 ]
['x' => 48.065,'y' => 539.775 ]
['x' => 48.039,'y' => 539.532 ]
['x' => 48.218,'y' => 539.353 ]
['x' => 48.231,'y' => 539.085 ]
['x' => 48.320,'y' => 539.034 ]
['x' => 48.537,'y' => 539.047 ]
['x' => 48.563,'y' => 539.009 ]
['x' => 48.627,'y' => 539.009 ]
['x' => 48.731,'y' => 539.067 ]
['x' => 48.741,'y' => 539.073 ]
['x' => 48.831,'y' => 539.060 ]
['x' => 48.895,'y' => 539.047 ]
['x' => 49.201,'y' => 539.047 ]
['x' => 49.226,'y' => 539.022 ]
['x' => 49.277,'y' => 539.022 ]
['x' => 49.316,'y' => 538.983 ]
['x' => 49.316,'y' => 538.945 ]
['x' => 49.380,'y' => 538.894 ]
['x' => 49.554,'y' => 538.894 ]
['x' => 49.600,'y' => 538.802 ]
['x' => 49.600,'y' => 538.572 ]
['x' => 49.462,'y' => 538.389 ]
['x' => 49.416,'y' => 538.251 ]
['x' => 49.416,'y' => 538.021 ]
['x' => 49.462,'y' => 537.975 ]
['x' => 49.462,'y' => 537.975 ]
['x' => 49.322,'y' => 537.799 ]
['x' => 49.410,'y' => 537.713 ]
['x' => 49.496,'y' => 537.543 ]
['x' => 49.490,'y' => 537.466 ]
['x' => 49.535,'y' => 537.389 ]
['x' => 49.594,'y' => 537.357 ]
['x' => 49.627,'y' => 537.303 ]
['x' => 49.643,'y' => 537.234 ]
['x' => 49.644,'y' => 537.178 ]
['x' => 49.645,'y' => 537.126 ]
['x' => 49.642,'y' => 536.968 ]
['x' => 49.675,'y' => 536.886 ]
['x' => 49.630,'y' => 536.825 ]
['x' => 49.620,'y' => 536.726 ]
['x' => 49.668,'y' => 536.693 ]
['x' => 49.762,'y' => 536.663 ]
['x' => 49.901,'y' => 536.640 ]
['x' => 50.019,'y' => 536.672 ]
['x' => 50.262,'y' => 536.547 ]
['x' => 50.405,'y' => 536.080 ]
['x' => 50.405,'y' => 535.955 ]
['x' => 50.382,'y' => 535.906 ]
['x' => 50.426,'y' => 535.831 ]
['x' => 50.465,'y' => 535.767 ]
['x' => 50.439,'y' => 535.703 ]
['x' => 50.171,'y' => 535.716 ]
['x' => 50.069,'y' => 535.614 ]
['x' => 49.852,'y' => 535.486 ]
['x' => 49.839,'y' => 535.550 ]
['x' => 49.788,'y' => 535.588 ]
['x' => 49.750,'y' => 535.614 ]
['x' => 49.711,'y' => 535.524 ]
['x' => 49.750,'y' => 535.499 ]
['x' => 49.686,'y' => 535.409 ]
['x' => 49.724,'y' => 535.397 ]
['x' => 49.788,'y' => 535.320 ]
['x' => 49.775,'y' => 535.218 ]
['x' => 49.852,'y' => 534.950 ]
['x' => 49.689,'y' => 534.677 ]
['x' => 49.600,'y' => 534.529 ]
['x' => 49.508,'y' => 534.529 ]
['x' => 49.462,'y' => 534.483 ]
['x' => 49.278,'y' => 534.483 ]
['x' => 49.232,'y' => 534.437 ]
['x' => 49.094,'y' => 534.437 ]
['x' => 49.002,'y' => 534.391 ]
['x' => 48.910,'y' => 534.391 ]
['x' => 48.864,'y' => 534.345 ]
['x' => 48.836,'y' => 534.345 ]
['x' => 48.773,'y' => 534.345 ]
['x' => 48.727,'y' => 534.299 ]
['x' => 48.681,'y' => 534.299 ]
['x' => 48.451,'y' => 534.069 ]
['x' => 48.451,'y' => 533.518 ]
['x' => 48.497,'y' => 533.472 ]
['x' => 48.497,'y' => 533.288 ]
['x' => 48.543,'y' => 533.242 ]
['x' => 48.543,'y' => 533.196 ]
['x' => 48.545,'y' => 533.196 ]
['x' => 48.589,'y' => 533.196 ]
['x' => 48.681,'y' => 533.150 ]
['x' => 48.727,'y' => 533.150 ]
['x' => 48.773,'y' => 533.104 ]
['x' => 48.865,'y' => 533.104 ]
['x' => 49.002,'y' => 532.966 ]
['x' => 49.094,'y' => 532.920 ]
['x' => 49.165,'y' => 532.763 ]
['x' => 49.278,'y' => 532.737 ]
['x' => 49.554,'y' => 532.737 ]
['x' => 49.646,'y' => 532.828 ]
['x' => 49.738,'y' => 532.829 ]
['x' => 49.875,'y' => 532.966 ]
['x' => 49.875,'y' => 533.058 ]
['x' => 50.105,'y' => 533.380 ]
['x' => 50.197,'y' => 533.426 ]
['x' => 50.206,'y' => 533.422 ]
['x' => 50.289,'y' => 533.380 ]
['x' => 50.388,'y' => 533.265 ]
['x' => 50.516,'y' => 533.252 ]
['x' => 50.477,'y' => 533.150 ]
['x' => 50.541,'y' => 533.086 ]
['x' => 50.541,'y' => 533.035 ]
['x' => 50.452,'y' => 532.984 ]
['x' => 50.439,'y' => 532.933 ]
['x' => 50.477,'y' => 532.933 ]
['x' => 50.503,'y' => 532.908 ]
['x' => 50.579,'y' => 532.818 ]
['x' => 50.605,'y' => 532.793 ]
['x' => 50.720,'y' => 532.793 ]
['x' => 50.758,'y' => 532.716 ]
['x' => 50.822,'y' => 532.882 ]
['x' => 50.899,'y' => 532.869 ]
['x' => 50.937,'y' => 532.818 ]
['x' => 50.988,'y' => 532.818 ]
['x' => 51.077,'y' => 532.716 ]
['x' => 51.116,'y' => 532.691 ]
['x' => 51.205,'y' => 532.640 ]
['x' => 51.179,'y' => 532.525 ]
['x' => 51.218,'y' => 532.448 ]
['x' => 51.141,'y' => 532.397 ]
['x' => 51.090,'y' => 532.423 ]
['x' => 50.975,'y' => 532.333 ]
['x' => 51.052,'y' => 532.244 ]
['x' => 51.013,'y' => 532.155 ]
['x' => 50.847,'y' => 532.014 ]
['x' => 50.847,'y' => 531.899 ]
['x' => 50.771,'y' => 531.887 ]
['x' => 50.694,'y' => 531.772 ]
['x' => 50.592,'y' => 531.746 ]
['x' => 50.541,'y' => 531.695 ]
['x' => 50.294,'y' => 531.585 ]
['x' => 50.197,'y' => 531.542 ]
['x' => 50.069,'y' => 531.529 ]
['x' => 49.865,'y' => 531.389 ]
['x' => 49.865,'y' => 531.350 ]
['x' => 50.005,'y' => 531.197 ]
['x' => 50.005,'y' => 531.159 ]
['x' => 49.876,'y' => 531.020 ]
['x' => 49.839,'y' => 530.980 ]
['x' => 49.760,'y' => 530.891 ]
['x' => 49.497,'y' => 530.844 ]
['x' => 49.496,'y' => 530.691 ]
['x' => 49.529,'y' => 530.659 ]
['x' => 49.717,'y' => 530.481 ]
['x' => 49.868,'y' => 530.497 ]
['x' => 50.011,'y' => 530.602 ]
['x' => 50.069,'y' => 530.623 ]
['x' => 50.337,'y' => 530.776 ]
['x' => 50.503,'y' => 530.776 ]
['x' => 50.490,'y' => 530.661 ]
['x' => 50.413,'y' => 530.597 ]
['x' => 50.465,'y' => 530.585 ]
['x' => 50.477,'y' => 530.521 ]
['x' => 50.426,'y' => 530.470 ]
['x' => 50.413,'y' => 530.380 ]
['x' => 50.465,'y' => 530.342 ]
['x' => 50.528,'y' => 530.227 ]
['x' => 50.580,'y' => 530.219 ]
['x' => 50.605,'y' => 530.214 ]
['x' => 50.541,'y' => 529.729 ]
['x' => 50.513,'y' => 529.622 ]
['x' => 50.369,'y' => 529.025 ]
['x' => 50.440,'y' => 528.930 ]
['x' => 50.527,'y' => 528.876 ]
['x' => 50.641,'y' => 528.873 ]
['x' => 50.717,'y' => 528.916 ]
['x' => 50.766,'y' => 529.210 ]
['x' => 50.975,'y' => 529.551 ]
['x' => 51.052,'y' => 529.538 ]
['x' => 51.141,'y' => 529.640 ]
['x' => 51.192,'y' => 529.640 ]
['x' => 51.230,'y' => 529.678 ]
['x' => 51.205,'y' => 529.755 ]
['x' => 51.307,'y' => 529.806 ]
['x' => 51.447,'y' => 529.946 ]
['x' => 51.537,'y' => 529.972 ]
['x' => 51.652,'y' => 530.087 ]
['x' => 51.702,'y' => 530.073 ]
['x' => 51.741,'y' => 530.061 ]
['x' => 51.805,'y' => 530.100 ]
['x' => 51.818,'y' => 530.061 ]
['x' => 51.677,'y' => 529.678 ]
['x' => 51.728,'y' => 529.538 ]
['x' => 51.792,'y' => 529.500 ]
['x' => 51.818,'y' => 529.461 ]
['x' => 51.934,'y' => 529.461 ]
['x' => 51.971,'y' => 529.461 ]
['x' => 51.971,'y' => 529.359 ]
['x' => 52.009,'y' => 529.321 ]
['x' => 52.018,'y' => 529.076 ]
['x' => 52.083,'y' => 528.983 ]
['x' => 52.224,'y' => 529.008 ]
['x' => 52.354,'y' => 529.270 ]
['x' => 52.417,'y' => 529.346 ]
['x' => 52.433,'y' => 529.346 ]
['x' => 52.507,'y' => 529.347 ]
['x' => 52.558,'y' => 529.398 ]
['x' => 52.596,'y' => 529.372 ]
['x' => 52.634,'y' => 529.372 ]
['x' => 52.634,'y' => 529.423 ]
['x' => 52.788,'y' => 529.563 ]
['x' => 52.851,'y' => 529.551 ]
['x' => 52.877,'y' => 529.385 ]
['x' => 52.941,'y' => 529.474 ]
['x' => 52.890,'y' => 529.589 ]
['x' => 52.941,'y' => 529.691 ]
['x' => 53.017,'y' => 529.704 ]
['x' => 53.056,'y' => 529.768 ]
['x' => 53.132,'y' => 529.729 ]
['x' => 53.171,'y' => 529.717 ]
['x' => 53.318,'y' => 529.728 ]
['x' => 53.464,'y' => 529.734 ]
['x' => 53.577,'y' => 529.783 ]
['x' => 53.661,'y' => 529.876 ]
['x' => 53.681,'y' => 530.010 ]
['x' => 53.707,'y' => 530.125 ]
['x' => 53.770,'y' => 530.151 ]
['x' => 53.834,'y' => 530.278 ]
['x' => 53.821,'y' => 530.470 ]
['x' => 53.860,'y' => 530.610 ]
['x' => 53.898,'y' => 530.623 ]
['x' => 53.936,'y' => 530.585 ]
['x' => 53.974,'y' => 530.546 ]
['x' => 53.992,'y' => 530.482 ]
['x' => 53.915,'y' => 530.406 ]
['x' => 54.076,'y' => 530.332 ]
['x' => 54.168,'y' => 530.240 ]
['x' => 54.168,'y' => 530.194 ]
['x' => 54.287,'y' => 530.039 ]
['x' => 54.274,'y' => 529.987 ]
['x' => 54.225,'y' => 529.937 ]
['x' => 54.125,'y' => 529.821 ]
['x' => 54.113,'y' => 529.678 ]
['x' => 54.123,'y' => 529.538 ]
['x' => 54.086,'y' => 529.484 ]
['x' => 53.995,'y' => 529.465 ]
['x' => 53.909,'y' => 529.462 ]
['x' => 53.797,'y' => 529.428 ]
['x' => 53.767,'y' => 529.354 ]
['x' => 53.786,'y' => 529.259 ]
['x' => 53.825,'y' => 529.216 ]
['x' => 53.852,'y' => 529.025 ]
['x' => 53.822,'y' => 528.973 ]
['x' => 53.803,'y' => 528.931 ]
['x' => 53.757,'y' => 528.850 ]
['x' => 53.760,'y' => 528.797 ]
['x' => 53.810,'y' => 528.722 ]
['x' => 53.839,'y' => 528.676 ]
['x' => 53.848,'y' => 528.661 ]
['x' => 53.837,'y' => 528.578 ]
['x' => 53.872,'y' => 528.576 ]
['x' => 53.927,'y' => 528.529 ]
['x' => 53.995,'y' => 528.494 ]
['x' => 54.139,'y' => 528.488 ]
['x' => 54.214,'y' => 528.506 ]
['x' => 54.215,'y' => 528.506 ]
['x' => 54.247,'y' => 528.491 ]
['x' => 54.293,'y' => 528.510 ]
['x' => 54.342,'y' => 528.555 ]
['x' => 54.444,'y' => 528.535 ]
['x' => 54.485,'y' => 528.535 ]
['x' => 54.526,'y' => 528.514 ]
['x' => 54.566,'y' => 528.494 ]
['x' => 54.628,'y' => 528.453 ]
['x' => 54.669,'y' => 528.433 ]
['x' => 54.709,'y' => 528.412 ]
['x' => 54.791,'y' => 528.249 ]
['x' => 54.811,'y' => 528.188 ]
['x' => 54.852,'y' => 528.085 ]
['x' => 54.852,'y' => 528.045 ]
['x' => 54.914,'y' => 527.942 ]
['x' => 54.934,'y' => 527.902 ]
['x' => 54.934,'y' => 527.861 ]
['x' => 54.989,'y' => 527.830 ]
['x' => 55.057,'y' => 527.804 ]
['x' => 55.089,'y' => 527.707 ]
['x' => 55.080,'y' => 527.654 ]
['x' => 55.046,'y' => 527.595 ]
['x' => 55.024,'y' => 527.529 ]
['x' => 55.031,'y' => 527.494 ]
['x' => 55.023,'y' => 527.446 ]
['x' => 55.016,'y' => 527.406 ]
['x' => 55.030,'y' => 527.309 ]
['x' => 55.027,'y' => 527.183 ]
['x' => 55.091,'y' => 527.133 ]
['x' => 55.098,'y' => 527.120 ]
['x' => 55.135,'y' => 527.059 ]
['x' => 55.159,'y' => 526.974 ]
['x' => 55.147,'y' => 526.854 ]
['x' => 55.100,'y' => 526.756 ]
['x' => 54.980,'y' => 526.509 ]
['x' => 55.007,'y' => 526.374 ]
['x' => 55.025,'y' => 526.244 ]
['x' => 55.069,'y' => 526.221 ]
['x' => 55.156,'y' => 526.228 ]
['x' => 55.247,'y' => 526.260 ]
['x' => 55.306,'y' => 526.271 ]
['x' => 55.365,'y' => 526.238 ]
['x' => 55.424,'y' => 526.217 ]
['x' => 55.508,'y' => 526.206 ]
['x' => 55.548,'y' => 526.187 ]
['x' => 55.588,'y' => 526.145 ]
['x' => 55.608,'y' => 526.064 ]
['x' => 55.668,'y' => 526.004 ]
['x' => 55.688,'y' => 525.978 ]
['x' => 55.685,'y' => 525.877 ]
['x' => 55.706,'y' => 525.829 ]
['x' => 55.790,'y' => 525.806 ]
['x' => 55.799,'y' => 525.790 ]
['x' => 55.816,'y' => 525.757 ]
['x' => 55.870,'y' => 525.725 ]
['x' => 55.961,'y' => 525.749 ]
['x' => 56.019,'y' => 525.737 ]
['x' => 56.117,'y' => 525.689 ]
['x' => 56.187,'y' => 525.602 ]
['x' => 56.257,'y' => 525.499 ]
['x' => 56.280,'y' => 525.374 ]
['x' => 56.282,'y' => 525.291 ]
['x' => 56.313,'y' => 525.234 ]
['x' => 56.362,'y' => 525.163 ]
['x' => 56.412,'y' => 525.116 ]
['x' => 56.502,'y' => 525.117 ]
['x' => 56.576,'y' => 525.185 ]
['x' => 56.609,'y' => 525.240 ]
['x' => 56.629,'y' => 525.267 ]
['x' => 56.688,'y' => 525.323 ]
['x' => 56.760,'y' => 525.535 ]
['x' => 56.773,'y' => 525.650 ]
['x' => 56.809,'y' => 525.700 ]
['x' => 56.839,'y' => 525.736 ]
['x' => 56.892,'y' => 525.942 ]
['x' => 56.919,'y' => 525.969 ]
['x' => 56.923,'y' => 525.973 ]
['x' => 56.997,'y' => 525.900 ]
['x' => 57.143,'y' => 525.781 ]
['x' => 57.188,'y' => 525.727 ]
['x' => 57.341,'y' => 525.723 ]
['x' => 57.410,'y' => 525.680 ]
['x' => 57.487,'y' => 525.676 ]
['x' => 57.551,'y' => 525.647 ]
['x' => 57.742,'y' => 525.650 ]
['x' => 57.807,'y' => 525.696 ]
['x' => 57.787,'y' => 525.747 ]
['x' => 57.773,'y' => 525.818 ]
['x' => 57.835,'y' => 525.849 ]
['x' => 57.916,'y' => 525.825 ]
['x' => 57.964,'y' => 525.765 ]
['x' => 58.037,'y' => 525.734 ]
['x' => 58.128,'y' => 525.737 ]
['x' => 58.165,'y' => 525.722 ]
['x' => 58.256,'y' => 525.779 ]
['x' => 58.302,'y' => 525.813 ]
['x' => 58.365,'y' => 525.819 ]
['x' => 58.402,'y' => 525.790 ]
['x' => 58.510,'y' => 525.806 ]
['x' => 58.596,'y' => 525.893 ]
['x' => 58.731,'y' => 525.897 ]
['x' => 58.814,'y' => 525.941 ]
['x' => 58.926,'y' => 525.946 ]
['x' => 59.061,'y' => 525.970 ]
['x' => 59.203,'y' => 526.052 ]
['x' => 59.317,'y' => 526.136 ]
['x' => 59.417,'y' => 526.319 ]
['x' => 59.578,'y' => 526.365 ]
['x' => 59.676,'y' => 526.539 ]
['x' => 59.718,'y' => 526.675 ]
['x' => 59.756,'y' => 526.649 ]
['x' => 59.882,'y' => 526.636 ]
['x' => 59.931,'y' => 526.727 ]
['x' => 59.936,'y' => 526.823 ]
['x' => 59.754,'y' => 526.983 ]
['x' => 59.713,'y' => 527.003 ]
['x' => 59.693,'y' => 527.035 ]
['x' => 59.536,'y' => 527.033 ]
['x' => 59.516,'y' => 527.239 ]
['x' => 59.607,'y' => 527.261 ]
['x' => 59.671,'y' => 527.394 ]
['x' => 59.694,'y' => 527.537 ]
['x' => 59.682,'y' => 527.616 ]
['x' => 59.580,'y' => 527.708 ]
['x' => 59.573,'y' => 527.829 ]
['x' => 59.495,'y' => 527.872 ]
['x' => 59.417,'y' => 527.902 ]
['x' => 59.334,'y' => 527.946 ]
['x' => 59.264,'y' => 528.004 ]
['x' => 59.198,'y' => 528.055 ]
['x' => 59.161,'y' => 528.085 ]
['x' => 59.121,'y' => 528.126 ]
['x' => 59.058,'y' => 528.187 ]
['x' => 59.059,'y' => 528.249 ]
['x' => 59.100,'y' => 528.299 ]
['x' => 59.159,'y' => 528.379 ]
['x' => 59.219,'y' => 528.422 ]
['x' => 59.364,'y' => 528.448 ]
['x' => 59.462,'y' => 528.478 ]
['x' => 59.525,'y' => 528.549 ]
['x' => 59.537,'y' => 528.651 ]
['x' => 59.587,'y' => 528.676 ]
['x' => 59.682,'y' => 528.680 ]
['x' => 59.759,'y' => 528.702 ]
['x' => 59.815,'y' => 528.706 ]
['x' => 59.897,'y' => 528.728 ]
['x' => 60.138,'y' => 528.896 ]
['x' => 60.260,'y' => 529.085 ]
['x' => 60.286,'y' => 529.185 ]
['x' => 60.216,'y' => 529.278 ]
['x' => 60.127,'y' => 529.330 ]
['x' => 60.060,'y' => 529.372 ]
['x' => 60.031,'y' => 529.394 ]
['x' => 59.972,'y' => 529.447 ]
['x' => 59.929,'y' => 529.461 ]
['x' => 59.856,'y' => 529.495 ]
['x' => 59.621,'y' => 529.661 ]
['x' => 59.509,'y' => 529.678 ]
['x' => 59.345,'y' => 529.678 ]
['x' => 59.296,'y' => 529.672 ]
['x' => 59.200,'y' => 529.625 ]
['x' => 59.092,'y' => 529.613 ]
['x' => 59.020,'y' => 529.646 ]
['x' => 58.813,'y' => 529.774 ]
['x' => 58.757,'y' => 529.823 ]
['x' => 58.732,'y' => 529.862 ]
['x' => 58.733,'y' => 529.903 ]
['x' => 58.733,'y' => 529.944 ]
['x' => 58.773,'y' => 530.046 ]
['x' => 58.806,'y' => 530.103 ]
['x' => 58.843,'y' => 530.164 ]
['x' => 58.888,'y' => 530.268 ]
['x' => 58.915,'y' => 530.383 ]
['x' => 58.956,'y' => 530.424 ]
['x' => 59.006,'y' => 530.412 ]
['x' => 59.082,'y' => 530.360 ]
['x' => 59.128,'y' => 530.353 ]
['x' => 59.194,'y' => 530.386 ]
['x' => 59.256,'y' => 530.363 ]
['x' => 59.397,'y' => 530.338 ]
['x' => 59.521,'y' => 530.380 ]
['x' => 59.641,'y' => 530.523 ]
['x' => 59.722,'y' => 530.588 ]
['x' => 59.831,'y' => 530.585 ]
['x' => 59.935,'y' => 530.584 ]
['x' => 60.011,'y' => 530.630 ]
['x' => 60.074,'y' => 530.639 ]
['x' => 60.126,'y' => 530.720 ]
['x' => 60.121,'y' => 530.822 ]
['x' => 60.068,'y' => 530.921 ]
['x' => 59.965,'y' => 531.006 ]
['x' => 59.849,'y' => 531.059 ]
['x' => 59.784,'y' => 531.081 ]
['x' => 59.741,'y' => 531.088 ]
['x' => 59.701,'y' => 531.104 ]
['x' => 59.604,'y' => 531.149 ]
['x' => 59.510,'y' => 531.206 ]
['x' => 59.456,'y' => 531.267 ]
['x' => 59.426,'y' => 531.331 ]
['x' => 59.422,'y' => 531.396 ]
['x' => 59.463,'y' => 531.467 ]
['x' => 59.479,'y' => 531.496 ]
['x' => 59.638,'y' => 531.595 ]
['x' => 59.715,'y' => 531.684 ]
['x' => 59.832,'y' => 531.700 ]
['x' => 59.913,'y' => 531.763 ]
['x' => 59.949,'y' => 531.964 ]
['x' => 59.874,'y' => 532.112 ]
['x' => 59.893,'y' => 532.185 ]
['x' => 60.076,'y' => 532.369 ]
['x' => 60.178,'y' => 532.359 ]
['x' => 60.280,'y' => 532.435 ]
['x' => 60.421,'y' => 532.614 ]
['x' => 60.497,'y' => 532.652 ]
['x' => 60.637,'y' => 532.959 ]
['x' => 60.752,'y' => 533.035 ]
['x' => 60.982,'y' => 533.061 ]
['x' => 61.020,'y' => 533.061 ]
['x' => 60.995,'y' => 532.984 ]
['x' => 61.084,'y' => 532.959 ]
['x' => 61.135,'y' => 532.946 ]
['x' => 61.161,'y' => 532.805 ]
['x' => 61.212,'y' => 532.793 ]
['x' => 61.250,'y' => 532.742 ]
['x' => 61.327,'y' => 532.703 ]
['x' => 61.391,'y' => 532.703 ]
['x' => 61.454,'y' => 532.703 ]
['x' => 61.505,'y' => 532.678 ]
['x' => 61.522,'y' => 532.565 ]
['x' => 61.569,'y' => 532.397 ]
['x' => 61.620,'y' => 532.320 ]
['x' => 61.659,'y' => 532.321 ]
['x' => 61.671,'y' => 532.257 ]
['x' => 61.786,'y' => 532.244 ]
['x' => 61.823,'y' => 532.180 ]
['x' => 61.792,'y' => 532.152 ]
['x' => 61.737,'y' => 532.066 ]
['x' => 61.682,'y' => 532.011 ]
['x' => 61.580,'y' => 531.987 ]
['x' => 61.486,'y' => 531.964 ]
['x' => 61.447,'y' => 531.940 ]
['x' => 61.470,'y' => 531.885 ]
['x' => 61.525,'y' => 531.831 ]
['x' => 61.674,'y' => 531.752 ]
['x' => 61.807,'y' => 531.674 ]
['x' => 61.964,'y' => 531.666 ]
['x' => 62.050,'y' => 531.596 ]
['x' => 62.175,'y' => 531.525 ]
['x' => 62.246,'y' => 531.486 ]
['x' => 62.324,'y' => 531.431 ]
['x' => 62.356,'y' => 531.384 ]
['x' => 62.363,'y' => 531.329 ]
['x' => 62.340,'y' => 531.259 ]
['x' => 62.277,'y' => 531.212 ]
['x' => 62.230,'y' => 531.157 ]
['x' => 62.160,'y' => 531.079 ]
['x' => 62.081,'y' => 531.055 ]
['x' => 61.956,'y' => 531.078 ]
['x' => 61.854,'y' => 531.094 ]
['x' => 61.705,'y' => 531.118 ]
['x' => 61.603,'y' => 531.110 ]
['x' => 61.392,'y' => 531.071 ]
['x' => 61.306,'y' => 531.031 ]
['x' => 61.243,'y' => 531.016 ]
['x' => 61.243,'y' => 530.969 ]
['x' => 61.306,'y' => 530.875 ]
['x' => 61.314,'y' => 530.828 ]
['x' => 61.321,'y' => 530.671 ]
['x' => 61.251,'y' => 530.577 ]
['x' => 61.235,'y' => 530.358 ]
['x' => 61.368,'y' => 530.232 ]
['x' => 61.682,'y' => 530.162 ]
['x' => 62.019,'y' => 530.193 ]
['x' => 62.215,'y' => 530.326 ]
['x' => 62.324,'y' => 530.366 ]
['x' => 62.405,'y' => 530.411 ]
['x' => 62.640,'y' => 530.414 ]
['x' => 62.766,'y' => 530.267 ]
['x' => 62.779,'y' => 530.107 ]
['x' => 62.833,'y' => 529.950 ]
['x' => 62.951,'y' => 529.920 ]
['x' => 63.138,'y' => 529.897 ]
['x' => 63.249,'y' => 529.814 ]
['x' => 63.269,'y' => 529.706 ]
['x' => 63.206,'y' => 529.600 ]
['x' => 63.186,'y' => 529.465 ]
['x' => 63.202,'y' => 529.355 ]
['x' => 63.327,'y' => 529.214 ]
['x' => 63.531,'y' => 529.191 ]
['x' => 63.656,'y' => 529.136 ]
['x' => 63.819,'y' => 529.093 ]
['x' => 63.900,'y' => 529.106 ]
['x' => 63.852,'y' => 528.893 ]
['x' => 63.750,'y' => 528.619 ]
['x' => 63.531,'y' => 528.391 ]
['x' => 63.444,'y' => 528.360 ]
['x' => 63.350,'y' => 528.391 ]
['x' => 63.194,'y' => 528.454 ]
['x' => 62.990,'y' => 528.532 ]
['x' => 62.779,'y' => 528.603 ]
['x' => 62.601,'y' => 528.697 ]
['x' => 62.544,'y' => 528.830 ]
['x' => 62.473,'y' => 528.932 ]
['x' => 62.387,'y' => 528.971 ]
['x' => 62.293,'y' => 529.042 ]
['x' => 62.238,'y' => 529.081 ]
['x' => 62.128,'y' => 529.128 ]
['x' => 62.034,'y' => 529.144 ]
['x' => 61.839,'y' => 529.167 ]
['x' => 61.619,'y' => 529.128 ]
['x' => 61.478,'y' => 528.995 ]
['x' => 61.423,'y' => 528.901 ]
['x' => 61.298,'y' => 528.893 ]
['x' => 61.204,'y' => 528.822 ]
['x' => 61.180,'y' => 528.744 ]
['x' => 61.188,'y' => 528.666 ]
['x' => 61.235,'y' => 528.572 ]
['x' => 61.282,'y' => 528.485 ]
['x' => 61.259,'y' => 528.368 ]
['x' => 61.133,'y' => 528.313 ]
['x' => 61.086,'y' => 528.250 ]
['x' => 61.016,'y' => 528.172 ]
['x' => 60.985,'y' => 528.062 ]
['x' => 61.039,'y' => 527.976 ]
['x' => 61.086,'y' => 527.874 ]
['x' => 61.149,'y' => 527.804 ]
['x' => 61.235,'y' => 527.780 ]
['x' => 61.400,'y' => 527.718 ]
['x' => 61.431,'y' => 527.647 ]
['x' => 61.486,'y' => 527.561 ]
['x' => 61.572,'y' => 527.530 ]
['x' => 61.713,'y' => 527.506 ]
['x' => 61.784,'y' => 527.545 ]
['x' => 61.846,'y' => 527.522 ]
['x' => 61.854,'y' => 527.428 ]
['x' => 61.807,'y' => 527.381 ]
['x' => 61.744,'y' => 527.310 ]
['x' => 61.510,'y' => 527.287 ]
['x' => 61.345,'y' => 527.303 ]
['x' => 61.188,'y' => 527.185 ]
['x' => 61.110,'y' => 526.919 ]
['x' => 61.047,'y' => 526.809 ]
['x' => 60.969,'y' => 526.676 ]
['x' => 60.961,'y' => 526.558 ]
['x' => 61.094,'y' => 526.347 ]
['x' => 61.204,'y' => 526.261 ]
['x' => 61.345,'y' => 526.261 ]
['x' => 61.533,'y' => 526.331 ]
['x' => 61.658,'y' => 526.323 ]
['x' => 61.791,'y' => 526.339 ]
['x' => 61.956,'y' => 526.300 ]
['x' => 62.074,'y' => 526.214 ]
['x' => 62.183,'y' => 526.104 ]
['x' => 62.246,'y' => 525.947 ]
['x' => 62.363,'y' => 525.877 ]
['x' => 62.645,'y' => 525.916 ]
['x' => 62.810,'y' => 525.979 ]
['x' => 62.920,'y' => 525.924 ]
['x' => 62.982,'y' => 525.845 ]
['x' => 63.029,'y' => 525.767 ]
['x' => 63.139,'y' => 525.751 ]
['x' => 63.233,'y' => 525.720 ]
['x' => 63.296,'y' => 525.626 ]
['x' => 63.374,'y' => 525.610 ]
['x' => 63.405,'y' => 525.509 ]
['x' => 63.429,'y' => 525.454 ]
['x' => 63.491,'y' => 525.422 ]
['x' => 63.523,'y' => 525.383 ]
['x' => 63.476,'y' => 525.172 ]
['x' => 63.382,'y' => 525.054 ]
['x' => 63.108,'y' => 524.905 ]
['x' => 63.006,'y' => 524.968 ]
['x' => 62.857,'y' => 524.999 ]
['x' => 62.708,'y' => 525.015 ]
['x' => 62.551,'y' => 525.133 ]
['x' => 62.356,'y' => 525.219 ]
['x' => 62.066,'y' => 525.313 ]
['x' => 61.713,'y' => 525.422 ]
['x' => 61.447,'y' => 525.415 ]
['x' => 61.274,'y' => 525.336 ]
['x' => 61.086,'y' => 525.360 ]
['x' => 60.906,'y' => 525.375 ]
['x' => 60.851,'y' => 525.368 ]
['x' => 60.757,'y' => 525.391 ]
['x' => 60.718,'y' => 525.430 ]
['x' => 60.624,'y' => 525.556 ]
['x' => 60.507,'y' => 525.673 ]
['x' => 60.350,'y' => 525.751 ]
['x' => 60.233,'y' => 525.806 ]
['x' => 60.186,'y' => 525.791 ]
['x' => 60.131,'y' => 525.720 ]
['x' => 60.123,'y' => 525.657 ]
['x' => 60.107,'y' => 525.563 ]
['x' => 60.076,'y' => 525.407 ]
['x' => 60.084,'y' => 525.196 ]
['x' => 59.929,'y' => 524.994 ]
['x' => 59.776,'y' => 524.984 ]
['x' => 59.473,'y' => 524.981 ]
['x' => 59.378,'y' => 524.816 ]
['x' => 59.288,'y' => 524.646 ]
['x' => 59.280,'y' => 524.481 ]
['x' => 59.320,'y' => 524.381 ]
['x' => 59.227,'y' => 524.283 ]
['x' => 59.198,'y' => 524.208 ]
['x' => 59.175,'y' => 524.153 ]
['x' => 59.136,'y' => 524.114 ]
['x' => 59.107,'y' => 524.053 ]
['x' => 59.083,'y' => 523.904 ]
['x' => 59.093,'y' => 523.790 ]
['x' => 59.124,'y' => 523.741 ]
['x' => 59.150,'y' => 523.700 ]
['x' => 59.117,'y' => 523.629 ]
['x' => 59.078,'y' => 523.474 ]
['x' => 59.106,'y' => 523.350 ]
['x' => 59.227,'y' => 523.290 ]
['x' => 59.217,'y' => 523.206 ]
['x' => 59.226,'y' => 523.144 ]
['x' => 59.238,'y' => 523.064 ]
['x' => 59.252,'y' => 523.033 ]
['x' => 59.253,'y' => 523.009 ]
['x' => 59.224,'y' => 523.008 ]
['x' => 59.071,'y' => 523.024 ]
['x' => 59.022,'y' => 523.013 ]
['x' => 58.982,'y' => 522.961 ]
['x' => 58.948,'y' => 522.727 ]
['x' => 58.940,'y' => 522.540 ]
['x' => 58.948,'y' => 522.430 ]
['x' => 59.050,'y' => 522.273 ]
['x' => 59.159,'y' => 522.195 ]
['x' => 59.527,'y' => 521.991 ]
['x' => 59.629,'y' => 521.944 ]
['x' => 59.755,'y' => 521.905 ]
['x' => 59.817,'y' => 521.921 ]
['x' => 59.966,'y' => 521.944 ]
['x' => 60.170,'y' => 521.889 ]
['x' => 60.287,'y' => 521.866 ]
['x' => 60.428,'y' => 521.952 ]
['x' => 60.562,'y' => 522.007 ]
['x' => 60.640,'y' => 522.046 ]
['x' => 60.812,'y' => 522.234 ]
['x' => 60.969,'y' => 522.242 ]
['x' => 61.102,'y' => 522.234 ]
['x' => 61.321,'y' => 522.257 ]
['x' => 61.525,'y' => 522.132 ]
['x' => 61.846,'y' => 522.054 ]
['x' => 61.870,'y' => 521.999 ]
['x' => 61.831,'y' => 521.850 ]
['x' => 61.760,'y' => 521.537 ]
['x' => 61.752,'y' => 521.411 ]
['x' => 61.870,'y' => 521.012 ]
['x' => 61.948,'y' => 520.902 ]
['x' => 62.074,'y' => 520.808 ]
['x' => 62.152,'y' => 520.753 ]
['x' => 62.489,'y' => 520.628 ]
['x' => 62.559,'y' => 520.691 ]
['x' => 62.638,'y' => 520.753 ]
['x' => 62.700,'y' => 520.832 ]
['x' => 62.755,'y' => 520.910 ]
['x' => 62.802,'y' => 520.949 ]
['x' => 62.849,'y' => 521.012 ]
['x' => 62.865,'y' => 521.129 ]
['x' => 62.880,'y' => 521.216 ]
['x' => 62.935,'y' => 521.310 ]
['x' => 62.990,'y' => 521.357 ]
['x' => 63.029,'y' => 521.388 ]
['x' => 63.123,'y' => 521.404 ]
['x' => 63.170,'y' => 521.349 ]
['x' => 63.202,'y' => 521.278 ]
['x' => 63.202,'y' => 521.184 ]
['x' => 63.209,'y' => 521.114 ]
['x' => 63.241,'y' => 521.075 ]
['x' => 63.288,'y' => 521.051 ]
['x' => 63.343,'y' => 520.981 ]
['x' => 63.437,'y' => 520.957 ]
['x' => 63.593,'y' => 520.934 ]
['x' => 63.656,'y' => 520.934 ]
['x' => 63.687,'y' => 521.012 ]
['x' => 63.703,'y' => 521.161 ]
['x' => 63.687,'y' => 521.396 ]
['x' => 63.726,'y' => 521.474 ]
['x' => 63.821,'y' => 521.482 ]
['x' => 63.914,'y' => 521.435 ]
['x' => 63.891,'y' => 521.388 ]
['x' => 63.915,'y' => 521.333 ]
['x' => 63.993,'y' => 521.247 ]
['x' => 64.056,'y' => 521.231 ]
['x' => 64.139,'y' => 521.185 ]
['x' => 64.258,'y' => 521.081 ]
['x' => 64.263,'y' => 521.063 ]
['x' => 64.298,'y' => 520.918 ]
['x' => 64.306,'y' => 520.824 ]
['x' => 64.298,'y' => 520.620 ]
['x' => 64.259,'y' => 520.542 ]
['x' => 64.251,'y' => 520.440 ]
['x' => 64.392,'y' => 520.409 ]
['x' => 64.518,'y' => 520.377 ]
['x' => 64.620,'y' => 520.322 ]
['x' => 64.674,'y' => 520.197 ]
['x' => 64.690,'y' => 520.119 ]
['x' => 64.706,'y' => 520.048 ]
['x' => 64.643,'y' => 520.025 ]
['x' => 64.580,'y' => 519.993 ]
['x' => 64.533,'y' => 519.993 ]
['x' => 64.259,'y' => 520.064 ]
['x' => 64.103,'y' => 520.119 ]
['x' => 63.868,'y' => 520.134 ]
['x' => 63.758,'y' => 520.072 ]
['x' => 63.640,'y' => 520.048 ]
['x' => 63.492,'y' => 520.040 ]
['x' => 63.358,'y' => 520.009 ]
['x' => 63.256,'y' => 519.993 ]
['x' => 63.123,'y' => 519.978 ]
['x' => 63.068,'y' => 519.978 ]
['x' => 62.990,'y' => 519.986 ]
['x' => 62.927,'y' => 520.040 ]
['x' => 62.865,'y' => 520.127 ]
['x' => 62.763,'y' => 520.166 ]
['x' => 62.622,'y' => 520.221 ]
['x' => 62.528,'y' => 520.236 ]
['x' => 62.465,'y' => 520.181 ]
['x' => 62.395,'y' => 520.119 ]
['x' => 62.269,'y' => 520.127 ]
['x' => 62.050,'y' => 520.221 ]
['x' => 61.815,'y' => 520.393 ]
['x' => 61.556,'y' => 520.456 ]
['x' => 61.337,'y' => 520.471 ]
['x' => 60.883,'y' => 520.463 ]
['x' => 60.797,'y' => 520.362 ]
['x' => 60.765,'y' => 520.291 ]
['x' => 60.663,'y' => 520.275 ]
['x' => 60.569,'y' => 520.291 ]
['x' => 60.413,'y' => 520.346 ]
['x' => 60.319,'y' => 520.354 ]
['x' => 60.092,'y' => 520.354 ]
['x' => 59.770,'y' => 520.150 ]
['x' => 59.676,'y' => 520.142 ]
['x' => 59.379,'y' => 520.142 ]
['x' => 59.222,'y' => 520.095 ]
['x' => 59.120,'y' => 520.080 ]
['x' => 58.956,'y' => 520.103 ]
['x' => 58.838,'y' => 520.119 ]
['x' => 58.768,'y' => 520.127 ]
['x' => 58.650,'y' => 520.134 ]
['x' => 58.572,'y' => 520.150 ]
['x' => 58.478,'y' => 520.228 ]
['x' => 58.329,'y' => 520.307 ]
['x' => 58.235,'y' => 520.393 ]
['x' => 58.164,'y' => 520.409 ]
['x' => 58.078,'y' => 520.409 ]
['x' => 58.047,'y' => 520.354 ]
['x' => 58.047,'y' => 520.291 ]
['x' => 58.016,'y' => 520.205 ]
['x' => 57.945,'y' => 520.134 ]
['x' => 57.890,'y' => 520.048 ]
['x' => 57.945,'y' => 519.970 ]
['x' => 57.992,'y' => 519.923 ]
['x' => 57.984,'y' => 519.805 ]
['x' => 57.875,'y' => 519.711 ]
['x' => 57.835,'y' => 519.649 ]
['x' => 57.780,'y' => 519.539 ]
['x' => 57.749,'y' => 519.429 ]
['x' => 57.765,'y' => 519.288 ]
['x' => 57.765,'y' => 519.210 ]
['x' => 57.734,'y' => 519.140 ]
['x' => 57.734,'y' => 519.077 ]
['x' => 57.749,'y' => 518.983 ]
['x' => 57.867,'y' => 518.873 ]
['x' => 57.882,'y' => 518.630 ]
['x' => 57.937,'y' => 518.395 ]
['x' => 58.031,'y' => 518.340 ]
['x' => 58.149,'y' => 518.333 ]
['x' => 58.243,'y' => 518.364 ]
['x' => 58.360,'y' => 518.348 ]
['x' => 58.446,'y' => 518.317 ]
['x' => 58.533,'y' => 518.286 ]
['x' => 58.580,'y' => 518.231 ]
['x' => 58.689,'y' => 518.207 ]
['x' => 58.791,'y' => 518.184 ]
['x' => 58.791,'y' => 518.137 ]
['x' => 58.728,'y' => 518.090 ]
['x' => 58.533,'y' => 517.925 ]
['x' => 58.431,'y' => 517.823 ]
['x' => 58.274,'y' => 517.494 ]
['x' => 58.110,'y' => 517.126 ]
['x' => 58.063,'y' => 517.064 ]
['x' => 58.031,'y' => 517.024 ]
['x' => 58.008,'y' => 516.985 ]
['x' => 58.016,'y' => 516.923 ]
['x' => 58.070,'y' => 516.868 ]
['x' => 58.110,'y' => 516.805 ]
['x' => 58.157,'y' => 516.750 ]
['x' => 58.227,'y' => 516.703 ]
['x' => 58.399,'y' => 516.750 ]
['x' => 58.658,'y' => 516.970 ]
['x' => 58.822,'y' => 517.142 ]
['x' => 58.862,'y' => 517.118 ]
['x' => 58.822,'y' => 517.048 ]
['x' => 58.728,'y' => 516.883 ]
['x' => 58.721,'y' => 516.836 ]
['x' => 58.713,'y' => 516.562 ]
['x' => 58.822,'y' => 516.499 ]
['x' => 58.979,'y' => 516.319 ]
['x' => 59.073,'y' => 516.210 ]
['x' => 59.120,'y' => 516.170 ]
['x' => 59.206,'y' => 516.170 ]
['x' => 59.426,'y' => 516.311 ]
['x' => 59.598,'y' => 516.460 ]
['x' => 59.723,'y' => 516.468 ]
['x' => 59.794,'y' => 516.398 ]
['x' => 59.825,'y' => 516.288 ]
['x' => 59.880,'y' => 516.257 ]
['x' => 59.982,'y' => 516.257 ]
['x' => 60.146,'y' => 516.217 ]
['x' => 60.225,'y' => 516.194 ]
['x' => 60.272,'y' => 516.194 ]
['x' => 60.334,'y' => 516.194 ]
['x' => 60.397,'y' => 516.217 ]
['x' => 60.444,'y' => 516.249 ]
['x' => 60.491,'y' => 516.233 ]
['x' => 60.491,'y' => 516.139 ]
['x' => 60.515,'y' => 516.076 ]
['x' => 60.460,'y' => 516.014 ]
['x' => 60.358,'y' => 515.865 ]
['x' => 60.240,'y' => 515.724 ]
['x' => 60.240,'y' => 515.638 ]
['x' => 60.076,'y' => 515.536 ]
['x' => 59.927,'y' => 515.520 ]
['x' => 59.770,'y' => 515.528 ]
['x' => 59.692,'y' => 515.520 ]
['x' => 59.653,'y' => 515.465 ]
['x' => 59.653,'y' => 515.395 ]
['x' => 59.622,'y' => 515.340 ]
['x' => 59.590,'y' => 515.293 ]
['x' => 59.622,'y' => 515.215 ]
['x' => 59.708,'y' => 515.097 ]
['x' => 59.888,'y' => 514.995 ]
['x' => 60.013,'y' => 514.964 ]
['x' => 60.154,'y' => 514.933 ]
['x' => 60.217,'y' => 514.886 ]
['x' => 60.201,'y' => 514.800 ]
['x' => 60.154,'y' => 514.729 ]
['x' => 60.076,'y' => 514.666 ]
['x' => 60.099,'y' => 514.588 ]
['x' => 60.139,'y' => 514.549 ]
['x' => 60.154,'y' => 514.470 ]
['x' => 60.193,'y' => 514.376 ]
['x' => 60.311,'y' => 514.345 ]
['x' => 60.436,'y' => 514.384 ]
['x' => 60.475,'y' => 514.455 ]
['x' => 60.569,'y' => 514.486 ]
['x' => 60.671,'y' => 514.447 ]
['x' => 60.757,'y' => 514.517 ]
['x' => 60.844,'y' => 514.651 ]
['x' => 60.985,'y' => 514.768 ]
['x' => 61.133,'y' => 514.901 ]
['x' => 61.196,'y' => 515.027 ]
['x' => 61.290,'y' => 515.097 ]
['x' => 61.392,'y' => 515.113 ]
['x' => 61.509,'y' => 515.160 ]
['x' => 61.572,'y' => 515.191 ]
['x' => 61.744,'y' => 515.254 ]
['x' => 61.893,'y' => 515.293 ]
['x' => 62.042,'y' => 515.277 ]
['x' => 62.175,'y' => 515.293 ]
['x' => 62.450,'y' => 515.293 ]
['x' => 62.528,'y' => 515.285 ]
['x' => 62.606,'y' => 515.246 ]
['x' => 62.645,'y' => 515.207 ]
['x' => 62.732,'y' => 515.183 ]
['x' => 62.802,'y' => 515.183 ]
['x' => 62.849,'y' => 515.183 ]
['x' => 62.904,'y' => 515.183 ]
['x' => 62.998,'y' => 515.230 ]
['x' => 63.053,'y' => 515.238 ]
['x' => 63.100,'y' => 515.277 ]
['x' => 63.170,'y' => 515.262 ]
['x' => 63.233,'y' => 515.199 ]
['x' => 63.327,'y' => 515.129 ]
['x' => 63.444,'y' => 515.027 ]
['x' => 63.625,'y' => 514.917 ]
['x' => 63.687,'y' => 514.839 ]
['x' => 63.689,'y' => 514.811 ]
['x' => 63.703,'y' => 514.564 ]
['x' => 63.714,'y' => 514.468 ]
['x' => 63.734,'y' => 514.298 ]
['x' => 63.680,'y' => 514.220 ]
['x' => 63.625,'y' => 514.173 ]
['x' => 63.607,'y' => 514.114 ]
['x' => 63.580,'y' => 514.044 ]
['x' => 63.558,'y' => 513.975 ]
['x' => 63.542,'y' => 513.932 ]
['x' => 63.523,'y' => 513.797 ]
['x' => 63.497,'y' => 513.722 ]
['x' => 63.480,'y' => 513.654 ]
['x' => 63.466,'y' => 513.609 ]
['x' => 63.466,'y' => 513.542 ]
['x' => 63.443,'y' => 513.495 ]
['x' => 63.409,'y' => 513.425 ]
['x' => 63.399,'y' => 513.393 ]
['x' => 63.403,'y' => 513.327 ]
['x' => 63.378,'y' => 513.197 ]
['x' => 63.349,'y' => 513.184 ]
['x' => 63.303,'y' => 513.184 ]
['x' => 63.249,'y' => 513.197 ]
['x' => 63.227,'y' => 513.205 ]
['x' => 63.200,'y' => 513.215 ]
['x' => 63.153,'y' => 513.217 ]
['x' => 63.084,'y' => 513.207 ]
['x' => 63.043,'y' => 513.203 ]
['x' => 62.978,'y' => 513.205 ]
['x' => 62.945,'y' => 513.196 ]
['x' => 62.908,'y' => 513.135 ]
['x' => 62.863,'y' => 513.107 ]
['x' => 62.833,'y' => 513.098 ]
['x' => 62.800,'y' => 513.102 ]
['x' => 62.743,'y' => 513.123 ]
['x' => 62.700,'y' => 513.152 ]
['x' => 62.602,'y' => 513.145 ]
['x' => 62.516,'y' => 513.084 ]
['x' => 62.475,'y' => 513.053 ]
['x' => 62.436,'y' => 513.019 ]
['x' => 62.377,'y' => 513.025 ]
['x' => 62.320,'y' => 513.037 ]
['x' => 62.248,'y' => 513.051 ]
['x' => 62.103,'y' => 513.058 ]
['x' => 62.034,'y' => 513.035 ]
['x' => 61.997,'y' => 513.006 ]
['x' => 61.954,'y' => 512.943 ]
['x' => 61.940,'y' => 512.892 ]
['x' => 61.964,'y' => 512.800 ]
['x' => 62.042,'y' => 512.724 ]
['x' => 62.111,'y' => 512.696 ]
['x' => 62.213,'y' => 512.696 ]
['x' => 62.254,'y' => 512.684 ]
['x' => 62.289,'y' => 512.635 ]
['x' => 62.293,'y' => 512.598 ]
['x' => 62.291,'y' => 512.559 ]
['x' => 62.305,'y' => 512.524 ]
['x' => 62.385,'y' => 512.422 ]
['x' => 62.430,'y' => 512.394 ]
['x' => 62.489,'y' => 512.381 ]
['x' => 62.557,'y' => 512.355 ]
['x' => 62.557,'y' => 512.308 ]
['x' => 62.516,'y' => 512.277 ]
['x' => 62.546,'y' => 512.206 ]
['x' => 62.538,'y' => 512.161 ]
['x' => 62.497,'y' => 512.146 ]
['x' => 62.420,'y' => 512.128 ]
['x' => 62.391,'y' => 512.112 ]
['x' => 62.350,'y' => 512.101 ]
['x' => 62.316,'y' => 512.103 ]
['x' => 62.285,'y' => 512.116 ]
['x' => 62.244,'y' => 512.118 ]
['x' => 62.211,'y' => 512.081 ]
['x' => 62.224,'y' => 512.038 ]
['x' => 62.209,'y' => 511.977 ]
['x' => 62.248,'y' => 511.901 ]
['x' => 62.230,'y' => 511.817 ]
['x' => 62.185,'y' => 511.733 ]
['x' => 62.162,'y' => 511.695 ]
['x' => 62.017,'y' => 511.689 ]
['x' => 61.858,'y' => 511.699 ]
['x' => 61.760,'y' => 511.738 ]
['x' => 61.680,'y' => 511.785 ]
['x' => 61.539,'y' => 511.887 ]
['x' => 61.462,'y' => 511.942 ]
['x' => 61.357,'y' => 511.997 ]
['x' => 61.229,'y' => 512.085 ]
['x' => 61.135,'y' => 512.142 ]
['x' => 61.065,'y' => 512.171 ]
['x' => 61.010,'y' => 512.181 ]
['x' => 60.973,'y' => 512.201 ]
['x' => 60.924,'y' => 512.224 ]
['x' => 60.883,'y' => 512.242 ]
['x' => 60.777,'y' => 512.234 ]
['x' => 60.708,'y' => 512.158 ]
['x' => 60.618,'y' => 512.034 ]
['x' => 60.612,'y' => 511.985 ]
['x' => 60.611,'y' => 511.858 ]
['x' => 60.626,'y' => 511.793 ]
['x' => 60.671,'y' => 511.734 ]
['x' => 60.742,'y' => 511.719 ]
['x' => 60.895,'y' => 511.717 ]
['x' => 60.928,'y' => 511.697 ]
['x' => 61.020,'y' => 511.640 ]
['x' => 61.100,'y' => 511.597 ]
['x' => 61.133,'y' => 511.554 ]
['x' => 61.128,'y' => 511.521 ]
['x' => 61.104,'y' => 511.427 ]
['x' => 61.104,'y' => 511.296 ]
['x' => 61.077,'y' => 511.255 ]
['x' => 61.000,'y' => 511.131 ]
['x' => 60.969,'y' => 511.051 ]
['x' => 60.985,'y' => 511.004 ]
['x' => 61.006,'y' => 510.924 ]
['x' => 61.043,'y' => 510.853 ]
['x' => 61.059,'y' => 510.826 ]
['x' => 61.126,'y' => 510.822 ]
['x' => 61.202,'y' => 510.818 ]
['x' => 61.218,'y' => 510.785 ]
['x' => 61.300,'y' => 510.785 ]
['x' => 61.370,'y' => 510.785 ]
['x' => 61.427,'y' => 510.802 ]
['x' => 61.447,'y' => 510.839 ]
['x' => 61.478,'y' => 510.873 ]
['x' => 61.541,'y' => 510.883 ]
['x' => 61.605,'y' => 510.877 ]
['x' => 61.813,'y' => 510.859 ]
['x' => 61.903,'y' => 510.837 ]
['x' => 61.952,'y' => 510.837 ]
['x' => 62.109,'y' => 510.808 ]
['x' => 62.224,'y' => 510.769 ]
['x' => 62.318,'y' => 510.693 ]
['x' => 62.414,'y' => 510.632 ]
['x' => 62.477,'y' => 510.610 ]
['x' => 62.575,'y' => 510.602 ]
['x' => 62.702,'y' => 510.573 ]
['x' => 62.732,'y' => 510.512 ]
['x' => 62.718,'y' => 510.465 ]
['x' => 62.675,'y' => 510.318 ]
['x' => 62.647,'y' => 510.205 ]
['x' => 62.579,'y' => 510.068 ]
['x' => 62.516,'y' => 510.036 ]
['x' => 62.502,'y' => 509.966 ]
['x' => 62.467,'y' => 509.878 ]
['x' => 62.430,'y' => 509.760 ]
['x' => 62.438,'y' => 509.641 ]
['x' => 62.434,'y' => 509.547 ]
['x' => 62.455,'y' => 509.463 ]
['x' => 62.475,'y' => 509.408 ]
['x' => 62.510,'y' => 509.296 ]
['x' => 62.524,'y' => 509.224 ]
['x' => 62.547,'y' => 509.183 ]
['x' => 62.606,'y' => 509.116 ]
['x' => 62.647,'y' => 509.098 ]
['x' => 62.726,'y' => 509.098 ]
['x' => 62.781,'y' => 509.122 ]
['x' => 62.808,'y' => 509.173 ]
['x' => 62.839,'y' => 509.192 ]
['x' => 62.886,'y' => 509.186 ]
['x' => 62.961,'y' => 509.167 ]
['x' => 62.992,'y' => 509.167 ]
['x' => 63.108,'y' => 509.214 ]
['x' => 63.131,'y' => 509.237 ]
['x' => 63.159,'y' => 509.267 ]
['x' => 63.194,'y' => 509.284 ]
['x' => 63.235,'y' => 509.288 ]
['x' => 63.264,'y' => 509.273 ]
['x' => 63.301,'y' => 509.251 ]
['x' => 63.362,'y' => 509.245 ]
['x' => 63.417,'y' => 509.265 ]
['x' => 63.470,'y' => 509.337 ]
['x' => 63.470,'y' => 509.437 ]
['x' => 63.486,'y' => 509.482 ]
['x' => 63.556,'y' => 509.608 ]
['x' => 63.578,'y' => 509.641 ]
['x' => 63.674,'y' => 509.754 ]
['x' => 63.766,'y' => 509.846 ]
['x' => 63.840,'y' => 509.858 ]
['x' => 63.911,'y' => 509.850 ]
['x' => 63.946,'y' => 509.831 ]
['x' => 64.014,'y' => 509.784 ]
['x' => 64.146,'y' => 509.786 ]
['x' => 64.244,'y' => 509.799 ]
['x' => 64.352,'y' => 509.789 ]
['x' => 64.363,'y' => 509.788 ]
['x' => 64.385,'y' => 509.762 ]
['x' => 64.392,'y' => 509.684 ]
['x' => 64.408,'y' => 509.566 ]
['x' => 64.463,'y' => 509.441 ]
['x' => 64.455,'y' => 509.316 ]
['x' => 64.455,'y' => 509.190 ]
['x' => 64.432,'y' => 509.073 ]
['x' => 64.416,'y' => 508.932 ]
['x' => 64.486,'y' => 508.885 ]
['x' => 64.557,'y' => 508.854 ]
['x' => 64.557,'y' => 508.705 ]
['x' => 64.510,'y' => 508.587 ]
['x' => 64.463,'y' => 508.438 ]
['x' => 64.455,'y' => 508.321 ]
['x' => 64.494,'y' => 508.235 ]
['x' => 64.565,'y' => 508.180 ]
['x' => 64.682,'y' => 508.180 ]
['x' => 64.964,'y' => 508.352 ]
['x' => 65.113,'y' => 508.548 ]
['x' => 65.223,'y' => 508.564 ]
['x' => 65.301,'y' => 508.673 ]
['x' => 65.380,'y' => 508.799 ]
['x' => 65.466,'y' => 508.861 ]
['x' => 65.630,'y' => 508.901 ]
['x' => 65.716,'y' => 508.861 ]
['x' => 65.842,'y' => 508.767 ]
['x' => 65.967,'y' => 508.681 ]
['x' => 66.022,'y' => 508.595 ]
['x' => 66.022,'y' => 508.438 ]
['x' => 65.975,'y' => 508.274 ]
['x' => 65.873,'y' => 507.921 ]
['x' => 65.826,'y' => 507.639 ]
['x' => 65.873,'y' => 507.428 ]
['x' => 65.920,'y' => 507.310 ]
['x' => 65.936,'y' => 507.169 ]
['x' => 65.904,'y' => 507.052 ]
['x' => 65.795,'y' => 506.997 ]
['x' => 65.677,'y' => 507.020 ]
['x' => 65.575,'y' => 507.036 ]
['x' => 65.473,'y' => 506.989 ]
['x' => 65.458,'y' => 506.919 ]
['x' => 65.489,'y' => 506.825 ]
['x' => 65.513,'y' => 506.738 ]
['x' => 65.615,'y' => 506.613 ]
['x' => 65.677,'y' => 506.543 ]
['x' => 65.920,'y' => 506.488 ]
['x' => 66.014,'y' => 506.433 ]
['x' => 66.030,'y' => 506.292 ]
['x' => 66.014,'y' => 506.182 ]
['x' => 65.873,'y' => 505.971 ]
['x' => 65.708,'y' => 505.916 ]
['x' => 65.552,'y' => 505.939 ]
['x' => 65.262,'y' => 505.978 ]
['x' => 65.129,'y' => 505.978 ]
['x' => 65.050,'y' => 505.955 ]
['x' => 65.019,'y' => 505.908 ]
['x' => 64.964,'y' => 505.814 ]
['x' => 65.047,'y' => 505.700 ]
['x' => 65.086,'y' => 505.606 ]
['x' => 65.093,'y' => 505.438 ]
['x' => 65.207,'y' => 505.269 ]
['x' => 65.321,'y' => 505.203 ]
['x' => 65.411,'y' => 505.219 ]
['x' => 65.532,'y' => 505.226 ]
['x' => 65.583,'y' => 505.191 ]
['x' => 65.662,'y' => 505.207 ]
['x' => 65.732,'y' => 505.215 ]
['x' => 65.799,'y' => 505.179 ]
['x' => 65.849,'y' => 505.132 ]
['x' => 65.932,'y' => 505.089 ]
['x' => 66.038,'y' => 504.980 ]
['x' => 66.147,'y' => 504.944 ]
['x' => 66.265,'y' => 504.937 ]
['x' => 66.288,'y' => 504.893 ]
['x' => 66.276,'y' => 504.819 ]
['x' => 66.269,'y' => 504.737 ]
['x' => 66.237,'y' => 504.658 ]
['x' => 66.202,'y' => 504.576 ]
['x' => 66.198,'y' => 504.490 ]
['x' => 66.206,'y' => 504.404 ]
['x' => 66.233,'y' => 504.349 ]
['x' => 66.288,'y' => 504.286 ]
['x' => 66.437,'y' => 504.247 ]
['x' => 66.527,'y' => 504.251 ]
['x' => 66.625,'y' => 504.290 ]
['x' => 66.696,'y' => 504.322 ]
['x' => 66.774,'y' => 504.306 ]
['x' => 66.829,'y' => 504.278 ]
['x' => 66.887,'y' => 504.235 ]
['x' => 66.958,'y' => 504.173 ]
['x' => 67.158,'y' => 504.177 ]
['x' => 67.205,'y' => 504.208 ]
['x' => 67.275,'y' => 504.275 ]
['x' => 67.326,'y' => 504.318 ]
['x' => 67.377,'y' => 504.333 ]
['x' => 67.479,'y' => 504.337 ]
['x' => 67.565,'y' => 504.365 ]
['x' => 67.604,'y' => 504.404 ]
['x' => 67.679,'y' => 504.513 ]
['x' => 67.714,'y' => 504.564 ]
['x' => 67.761,'y' => 504.631 ]
['x' => 67.839,'y' => 504.666 ]
['x' => 67.925,'y' => 504.682 ]
['x' => 68.043,'y' => 504.639 ]
['x' => 68.090,'y' => 504.592 ]
['x' => 68.180,'y' => 504.561 ]
['x' => 68.266,'y' => 504.549 ]
['x' => 68.325,'y' => 504.576 ]
['x' => 68.372,'y' => 504.623 ]
['x' => 68.478,'y' => 504.827 ]
['x' => 68.580,'y' => 504.921 ]
['x' => 68.674,'y' => 504.944 ]
['x' => 68.752,'y' => 504.933 ]
['x' => 68.783,'y' => 504.905 ]
['x' => 68.803,'y' => 504.843 ]
['x' => 68.795,'y' => 504.737 ]
['x' => 68.846,'y' => 504.678 ]
['x' => 68.870,'y' => 504.608 ]
['x' => 68.846,'y' => 504.549 ]
['x' => 68.830,'y' => 504.506 ]
['x' => 68.830,'y' => 504.459 ]
['x' => 68.834,'y' => 504.427 ]
['x' => 68.987,'y' => 504.251 ]
['x' => 69.007,'y' => 504.157 ]
['x' => 69.007,'y' => 503.973 ]
['x' => 68.964,'y' => 503.902 ]
['x' => 68.920,'y' => 503.855 ]
['x' => 68.897,'y' => 503.785 ]
['x' => 68.897,'y' => 503.628 ]
['x' => 68.932,'y' => 503.523 ]
['x' => 68.932,'y' => 503.452 ]
['x' => 68.932,'y' => 503.393 ]
['x' => 68.948,'y' => 503.354 ]
['x' => 69.081,'y' => 503.233 ]
['x' => 69.120,'y' => 503.229 ]
['x' => 69.159,'y' => 503.252 ]
['x' => 69.273,'y' => 503.225 ]
['x' => 69.371,'y' => 503.143 ]
['x' => 69.394,'y' => 503.119 ]
['x' => 69.500,'y' => 503.099 ]
['x' => 69.712,'y' => 503.111 ]
['x' => 69.743,'y' => 503.123 ]
['x' => 69.782,'y' => 503.154 ]
['x' => 69.825,'y' => 503.162 ]
['x' => 69.896,'y' => 503.127 ]
['x' => 69.935,'y' => 503.080 ]
['x' => 70.005,'y' => 503.049 ]
['x' => 70.072,'y' => 503.041 ]
['x' => 70.139,'y' => 503.025 ]
['x' => 70.158,'y' => 502.955 ]
['x' => 70.193,'y' => 502.731 ]
['x' => 70.248,'y' => 502.669 ]
['x' => 70.378,'y' => 502.590 ]
['x' => 70.468,'y' => 502.586 ]
['x' => 70.640,'y' => 502.547 ]
['x' => 70.722,'y' => 502.563 ]
['x' => 70.867,'y' => 502.618 ]
['x' => 70.969,'y' => 502.602 ]
['x' => 71.126,'y' => 502.598 ]
['x' => 71.181,'y' => 502.637 ]
['x' => 71.239,'y' => 502.692 ]
['x' => 71.278,'y' => 502.798 ]
['x' => 71.329,'y' => 502.951 ]
['x' => 71.380,'y' => 503.033 ]
['x' => 71.447,'y' => 503.060 ]
['x' => 71.560,'y' => 503.052 ]
['x' => 71.670,'y' => 503.033 ]
['x' => 71.721,'y' => 503.060 ]
['x' => 71.788,'y' => 503.135 ]
['x' => 71.858,'y' => 503.221 ]
['x' => 71.929,'y' => 503.272 ]
['x' => 72.011,'y' => 503.284 ]
['x' => 72.042,'y' => 503.244 ]
['x' => 72.117,'y' => 502.958 ]
['x' => 72.242,'y' => 502.676 ]
['x' => 72.269,'y' => 502.539 ]
['x' => 72.254,'y' => 502.394 ]
['x' => 72.293,'y' => 502.144 ]
['x' => 72.344,'y' => 501.920 ]
['x' => 72.348,'y' => 501.772 ]
['x' => 72.387,'y' => 501.533 ]
['x' => 72.446,'y' => 501.423 ]
['x' => 72.481,'y' => 501.372 ]
['x' => 72.454,'y' => 501.306 ]
['x' => 72.352,'y' => 501.258 ]
['x' => 72.309,'y' => 501.247 ]
['x' => 72.277,'y' => 501.227 ]
['x' => 72.266,'y' => 501.180 ]
['x' => 72.309,'y' => 501.133 ]
['x' => 72.461,'y' => 501.082 ]
['x' => 72.551,'y' => 500.969 ]
['x' => 72.591,'y' => 500.867 ]
['x' => 72.614,'y' => 500.816 ]
['x' => 72.786,'y' => 500.804 ]
['x' => 72.888,'y' => 500.828 ]
['x' => 73.029,'y' => 500.922 ]
['x' => 73.100,'y' => 501.027 ]
['x' => 73.163,'y' => 501.200 ]
['x' => 73.221,'y' => 501.458 ]
['x' => 73.249,'y' => 501.584 ]
['x' => 73.253,'y' => 501.752 ]
['x' => 73.253,'y' => 501.803 ]
['x' => 73.268,'y' => 501.850 ]
['x' => 73.323,'y' => 501.932 ]
['x' => 73.339,'y' => 502.007 ]
['x' => 73.339,'y' => 502.105 ]
['x' => 73.347,'y' => 502.163 ]
['x' => 73.374,'y' => 502.191 ]
['x' => 73.460,'y' => 502.273 ]
['x' => 73.593,'y' => 502.340 ]
['x' => 73.809,'y' => 502.359 ]
['x' => 73.887,'y' => 502.375 ]
['x' => 74.001,'y' => 502.441 ]
['x' => 74.016,'y' => 502.477 ]
['x' => 74.012,'y' => 502.535 ]
['x' => 73.934,'y' => 502.708 ]
['x' => 73.907,'y' => 502.896 ]
['x' => 73.875,'y' => 502.943 ]
['x' => 73.570,'y' => 503.327 ]
['x' => 73.535,'y' => 503.397 ]
['x' => 73.464,'y' => 503.632 ]
['x' => 73.370,'y' => 503.820 ]
['x' => 73.241,'y' => 504.024 ]
['x' => 73.112,'y' => 504.169 ]
['x' => 73.068,'y' => 504.228 ]
['x' => 73.045,'y' => 504.267 ]
['x' => 73.029,'y' => 504.302 ]
['x' => 73.025,'y' => 504.365 ]
['x' => 73.025,'y' => 504.408 ]
['x' => 73.033,'y' => 504.451 ]
['x' => 73.037,'y' => 504.498 ]
['x' => 73.053,'y' => 504.529 ]
['x' => 73.092,'y' => 504.553 ]
['x' => 73.135,'y' => 504.525 ]
['x' => 73.139,'y' => 504.455 ]
['x' => 73.155,'y' => 504.392 ]
['x' => 73.190,'y' => 504.333 ]
['x' => 73.249,'y' => 504.333 ]
['x' => 73.304,'y' => 504.349 ]
['x' => 73.354,'y' => 504.294 ]
['x' => 73.401,'y' => 504.224 ]
['x' => 73.480,'y' => 504.040 ]
['x' => 73.519,'y' => 504.000 ]
['x' => 73.562,'y' => 503.977 ]
['x' => 73.652,'y' => 503.957 ]
['x' => 73.766,'y' => 504.012 ]
['x' => 73.907,'y' => 504.110 ]
['x' => 73.965,'y' => 504.177 ]
['x' => 73.977,'y' => 504.247 ]
['x' => 73.958,'y' => 504.286 ]
['x' => 73.938,'y' => 504.329 ]
['x' => 73.946,'y' => 504.380 ]
['x' => 73.938,'y' => 504.412 ]
['x' => 73.899,'y' => 504.470 ]
['x' => 73.754,'y' => 504.545 ]
['x' => 73.715,'y' => 504.596 ]
['x' => 73.703,'y' => 504.639 ]
['x' => 73.746,'y' => 504.666 ]
['x' => 73.797,'y' => 504.658 ]
['x' => 73.856,'y' => 504.678 ]
['x' => 73.887,'y' => 504.698 ]
['x' => 73.915,'y' => 504.749 ]
['x' => 73.954,'y' => 504.752 ]
['x' => 74.005,'y' => 504.741 ]
['x' => 74.029,'y' => 504.742 ]
['x' => 74.208,'y' => 504.749 ]
['x' => 74.283,'y' => 504.776 ]
['x' => 74.349,'y' => 504.760 ]
['x' => 74.353,'y' => 504.713 ]
['x' => 74.369,'y' => 504.666 ]
['x' => 74.443,'y' => 504.592 ]
['x' => 74.604,'y' => 504.557 ]
['x' => 74.678,'y' => 504.494 ]
['x' => 74.678,'y' => 504.443 ]
['x' => 74.729,'y' => 504.408 ]
['x' => 74.784,'y' => 504.365 ]
['x' => 74.827,'y' => 504.306 ]
['x' => 74.827,'y' => 504.216 ]
['x' => 74.796,'y' => 504.149 ]
['x' => 74.776,'y' => 504.087 ]
['x' => 74.768,'y' => 504.032 ]
['x' => 74.788,'y' => 503.981 ]
['x' => 74.827,'y' => 503.961 ]
['x' => 74.929,'y' => 503.930 ]
['x' => 74.980,'y' => 503.816 ]
['x' => 74.964,'y' => 503.656 ]
['x' => 74.976,'y' => 503.570 ]
['x' => 75.105,'y' => 503.507 ]
['x' => 75.144,'y' => 503.476 ]
['x' => 75.121,'y' => 503.397 ]
['x' => 75.011,'y' => 503.229 ]
['x' => 74.878,'y' => 502.896 ]
['x' => 74.768,'y' => 502.849 ]
['x' => 74.694,'y' => 502.821 ]
['x' => 74.647,'y' => 502.743 ]
['x' => 74.584,'y' => 502.649 ]
['x' => 74.616,'y' => 502.567 ]
['x' => 74.737,'y' => 502.477 ]
['x' => 74.819,'y' => 502.481 ]
['x' => 74.894,'y' => 502.496 ]
['x' => 74.960,'y' => 502.422 ]
['x' => 75.007,'y' => 502.195 ]
['x' => 74.960,'y' => 502.108 ]
['x' => 74.819,'y' => 502.014 ]
['x' => 74.761,'y' => 501.960 ]
['x' => 74.796,'y' => 501.838 ]
['x' => 74.890,'y' => 501.764 ]
['x' => 74.976,'y' => 501.717 ]
['x' => 75.058,'y' => 501.576 ]
['x' => 75.082,'y' => 501.368 ]
['x' => 75.113,'y' => 501.251 ]
['x' => 75.101,'y' => 501.157 ]
['x' => 75.070,'y' => 500.992 ]
['x' => 75.097,'y' => 500.918 ]
['x' => 75.380,'y' => 500.824 ]
['x' => 75.446,'y' => 500.726 ]
['x' => 75.513,'y' => 500.679 ]
['x' => 75.630,'y' => 500.714 ]
['x' => 75.728,'y' => 500.777 ]
['x' => 75.853,'y' => 500.879 ]
['x' => 75.991,'y' => 501.051 ]
['x' => 76.053,'y' => 501.180 ]
['x' => 76.053,'y' => 501.227 ]
['x' => 76.038,'y' => 501.450 ]
['x' => 76.085,'y' => 501.682 ]
['x' => 76.112,'y' => 501.917 ]
['x' => 76.175,'y' => 501.991 ]
['x' => 76.210,'y' => 502.054 ]
['x' => 76.288,'y' => 502.269 ]
['x' => 76.347,'y' => 502.308 ]
['x' => 76.386,'y' => 502.285 ]
['x' => 76.437,'y' => 502.328 ]
['x' => 76.488,'y' => 502.383 ]
['x' => 76.523,'y' => 502.410 ]
['x' => 76.598,'y' => 502.461 ]
['x' => 76.684,'y' => 502.437 ]
['x' => 76.744,'y' => 502.414 ]
['x' => 76.774,'y' => 502.402 ]
['x' => 76.895,'y' => 502.461 ]
['x' => 76.970,'y' => 502.465 ]
['x' => 77.040,'y' => 502.383 ]
['x' => 77.076,'y' => 502.297 ]
['x' => 77.158,'y' => 502.167 ]
['x' => 77.202,'y' => 502.084 ]
['x' => 77.383,'y' => 501.842 ]
['x' => 77.459,'y' => 501.658 ]
['x' => 77.506,'y' => 501.533 ]
['x' => 77.510,'y' => 501.360 ]
['x' => 77.553,'y' => 501.286 ]
['x' => 77.624,'y' => 501.172 ]
['x' => 77.616,'y' => 501.114 ]
['x' => 77.585,'y' => 501.074 ]
['x' => 77.573,'y' => 501.016 ]
['x' => 77.577,'y' => 500.922 ]
['x' => 77.636,'y' => 500.894 ]
['x' => 77.706,'y' => 500.847 ]
['x' => 77.698,'y' => 500.667 ]
['x' => 77.820,'y' => 500.389 ]
['x' => 77.949,'y' => 500.283 ]
['x' => 78.255,'y' => 500.244 ]
['x' => 78.450,'y' => 500.307 ]
['x' => 78.599,'y' => 500.487 ]
['x' => 78.693,'y' => 500.604 ]
['x' => 78.807,'y' => 500.608 ]
['x' => 78.905,'y' => 500.651 ]
['x' => 78.995,'y' => 500.675 ]
['x' => 79.101,'y' => 500.651 ]
['x' => 79.175,'y' => 500.667 ]
['x' => 79.343,'y' => 501.008 ]
['x' => 79.473,'y' => 501.231 ]
['x' => 79.575,'y' => 501.239 ]
['x' => 79.770,'y' => 501.270 ]
['x' => 79.821,'y' => 501.313 ]
['x' => 79.939,'y' => 501.482 ]
['x' => 80.052,'y' => 501.533 ]
['x' => 80.174,'y' => 501.615 ]
['x' => 80.291,'y' => 501.752 ]
['x' => 80.319,'y' => 501.834 ]
['x' => 80.284,'y' => 502.046 ]
['x' => 80.248,'y' => 502.155 ]
['x' => 80.205,'y' => 502.273 ]
['x' => 80.178,'y' => 502.316 ]
['x' => 80.197,'y' => 502.359 ]
['x' => 80.199,'y' => 502.359 ]
['x' => 80.327,'y' => 502.375 ]
['x' => 80.421,'y' => 502.367 ]
['x' => 80.499,'y' => 502.324 ]
['x' => 80.656,'y' => 502.285 ]
['x' => 80.797,'y' => 502.308 ]
['x' => 80.961,'y' => 502.359 ]
['x' => 81.036,'y' => 502.336 ]
['x' => 81.137,'y' => 502.277 ]
['x' => 81.294,'y' => 502.242 ]
['x' => 81.408,'y' => 502.218 ]
['x' => 81.572,'y' => 502.234 ]
['x' => 81.635,'y' => 502.300 ]
['x' => 81.627,'y' => 502.383 ]
['x' => 81.588,'y' => 502.485 ]
['x' => 81.568,'y' => 502.567 ]
['x' => 81.619,'y' => 502.637 ]
['x' => 81.674,'y' => 502.665 ]
['x' => 81.717,'y' => 502.720 ]
['x' => 81.784,'y' => 502.743 ]
['x' => 81.815,'y' => 502.798 ]
['x' => 81.823,'y' => 502.861 ]
['x' => 81.823,'y' => 502.896 ]
['x' => 81.772,'y' => 502.970 ]
['x' => 81.737,'y' => 502.978 ]
['x' => 81.666,'y' => 502.994 ]
['x' => 81.572,'y' => 503.005 ]
['x' => 81.514,'y' => 502.990 ]
['x' => 81.384,'y' => 502.986 ]
['x' => 81.345,'y' => 502.990 ]
['x' => 81.310,'y' => 503.013 ]
['x' => 81.329,'y' => 503.045 ]
['x' => 81.412,'y' => 503.080 ]
['x' => 81.514,'y' => 503.103 ]
['x' => 81.725,'y' => 503.139 ]
['x' => 81.956,'y' => 503.209 ]
['x' => 82.085,'y' => 503.244 ]
['x' => 82.281,'y' => 503.370 ]
['x' => 82.328,'y' => 503.413 ]
['x' => 82.371,'y' => 503.440 ]
['x' => 82.442,'y' => 503.515 ]
['x' => 82.477,'y' => 503.581 ]
['x' => 82.497,'y' => 503.640 ]
['x' => 82.469,'y' => 503.679 ]
['x' => 82.410,'y' => 503.714 ]
['x' => 82.356,'y' => 503.730 ]
['x' => 82.309,'y' => 503.738 ]
['x' => 82.266,'y' => 503.758 ]
['x' => 82.238,'y' => 503.777 ]
['x' => 82.176,'y' => 503.777 ]
['x' => 82.089,'y' => 503.805 ]
['x' => 82.011,'y' => 503.805 ]
['x' => 81.941,'y' => 503.805 ]
['x' => 81.874,'y' => 503.844 ]
['x' => 81.874,'y' => 503.875 ]
['x' => 81.991,'y' => 504.016 ]
['x' => 82.062,'y' => 504.083 ]
['x' => 82.097,'y' => 504.126 ]
['x' => 82.109,'y' => 504.177 ]
['x' => 82.109,'y' => 504.216 ]
['x' => 82.113,'y' => 504.255 ]
['x' => 82.081,'y' => 504.290 ]
['x' => 81.991,'y' => 504.302 ]
['x' => 81.909,'y' => 504.310 ]
['x' => 81.635,'y' => 504.251 ]
['x' => 81.510,'y' => 504.192 ]
['x' => 81.435,'y' => 504.157 ]
['x' => 81.153,'y' => 503.946 ]
['x' => 80.946,'y' => 503.832 ]
['x' => 80.765,'y' => 503.769 ]
['x' => 80.624,'y' => 503.754 ]
['x' => 80.550,'y' => 503.777 ]
['x' => 80.479,'y' => 503.855 ]
['x' => 80.479,'y' => 503.887 ]
['x' => 80.554,'y' => 503.989 ]
['x' => 80.742,'y' => 504.243 ]
['x' => 80.816,'y' => 504.306 ]
['x' => 80.836,'y' => 504.353 ]
['x' => 80.836,'y' => 504.412 ]
['x' => 80.781,'y' => 504.463 ]
['x' => 80.683,'y' => 504.467 ]
['x' => 80.538,'y' => 504.423 ]
['x' => 80.221,'y' => 504.279 ]
['x' => 80.064,'y' => 504.282 ]
['x' => 80.013,'y' => 504.322 ]
['x' => 79.974,'y' => 504.396 ]
['x' => 80.060,'y' => 504.513 ]
['x' => 80.252,'y' => 504.725 ]
['x' => 80.256,'y' => 504.819 ]
['x' => 80.182,'y' => 504.921 ]
['x' => 80.068,'y' => 504.940 ]
['x' => 79.966,'y' => 505.081 ]
['x' => 79.778,'y' => 505.426 ]
['x' => 79.759,'y' => 505.536 ]
['x' => 79.704,'y' => 505.759 ]
['x' => 79.645,'y' => 505.834 ]
['x' => 79.610,'y' => 505.884 ]
['x' => 79.622,'y' => 505.928 ]
['x' => 79.669,'y' => 505.947 ]
['x' => 79.696,'y' => 505.971 ]
['x' => 79.723,'y' => 506.053 ]
['x' => 79.723,'y' => 506.108 ]
['x' => 79.700,'y' => 506.178 ]
['x' => 79.669,'y' => 506.249 ]
['x' => 79.661,'y' => 506.292 ]
['x' => 79.727,'y' => 506.319 ]
['x' => 79.759,'y' => 506.362 ]
['x' => 79.774,'y' => 506.456 ]
['x' => 79.806,'y' => 506.601 ]
['x' => 79.810,'y' => 506.652 ]
['x' => 79.731,'y' => 506.930 ]
['x' => 79.723,'y' => 506.993 ]
['x' => 79.751,'y' => 507.048 ]
['x' => 79.782,'y' => 507.118 ]
['x' => 79.814,'y' => 507.173 ]
['x' => 79.821,'y' => 507.236 ]
['x' => 79.806,'y' => 507.416 ]
['x' => 79.872,'y' => 507.498 ]
['x' => 79.951,'y' => 508.333 ]
['x' => 79.982,'y' => 508.419 ]
['x' => 80.092,'y' => 508.532 ]
['x' => 80.135,'y' => 508.619 ]
['x' => 80.233,'y' => 508.955 ]
['x' => 80.280,'y' => 509.030 ]
['x' => 80.421,'y' => 509.273 ]
['x' => 80.499,'y' => 509.519 ]
['x' => 80.573,'y' => 509.660 ]
['x' => 80.667,'y' => 509.880 ]
['x' => 80.711,'y' => 509.966 ]
['x' => 80.871,'y' => 510.170 ]
['x' => 80.973,'y' => 510.334 ]
['x' => 80.990,'y' => 510.360 ]
