x,y
['x' => 336.688,'y' => 220.288 ]
['x' => 336.731,'y' => 220.331 ]
['x' => 336.770,'y' => 220.421 ]
['x' => 336.947,'y' => 220.532 ]
['x' => 337.072,'y' => 220.551 ]
['x' => 337.171,'y' => 220.494 ]
['x' => 337.133,'y' => 220.443 ]
['x' => 337.184,'y' => 220.418 ]
['x' => 337.261,'y' => 220.328 ]
['x' => 337.363,'y' => 220.277 ]
['x' => 337.375,'y' => 220.188 ]
['x' => 337.388,'y' => 220.150 ]
['x' => 337.541,'y' => 220.175 ]
['x' => 337.676,'y' => 220.089 ]
['x' => 337.731,'y' => 220.082 ]
['x' => 337.774,'y' => 220.107 ]
['x' => 337.796,'y' => 220.135 ]
['x' => 337.793,'y' => 220.181 ]
['x' => 337.786,'y' => 220.227 ]
['x' => 337.765,'y' => 220.307 ]
['x' => 337.669,'y' => 220.392 ]
['x' => 337.695,'y' => 220.494 ]
['x' => 337.669,'y' => 220.520 ]
['x' => 337.669,'y' => 220.622 ]
['x' => 337.695,'y' => 220.647 ]
['x' => 337.695,'y' => 220.724 ]
['x' => 337.720,'y' => 220.813 ]
['x' => 337.720,'y' => 220.928 ]
['x' => 337.695,'y' => 220.966 ]
['x' => 337.695,'y' => 221.005 ]
['x' => 337.720,'y' => 221.030 ]
['x' => 337.720,'y' => 221.094 ]
['x' => 337.682,'y' => 221.132 ]
['x' => 337.682,'y' => 221.222 ]
['x' => 337.746,'y' => 221.285 ]
['x' => 337.809,'y' => 221.285 ]
['x' => 337.848,'y' => 221.247 ]
['x' => 337.835,'y' => 221.196 ]
['x' => 337.924,'y' => 221.132 ]
['x' => 338.128,'y' => 221.120 ]
['x' => 338.154,'y' => 221.171 ]
['x' => 338.218,'y' => 221.171 ]
['x' => 338.243,'y' => 221.222 ]
['x' => 338.231,'y' => 221.311 ]
['x' => 338.231,'y' => 221.362 ]
['x' => 338.180,'y' => 221.413 ]
['x' => 338.196,'y' => 221.496 ]
['x' => 338.301,'y' => 221.524 ]
['x' => 338.339,'y' => 221.496 ]
['x' => 338.368,'y' => 221.459 ]
['x' => 338.395,'y' => 221.408 ]
['x' => 338.421,'y' => 221.348 ]
['x' => 338.432,'y' => 221.310 ]
['x' => 338.414,'y' => 221.269 ]
['x' => 338.398,'y' => 221.229 ]
['x' => 338.402,'y' => 221.168 ]
['x' => 338.395,'y' => 221.103 ]
['x' => 338.448,'y' => 221.029 ]
['x' => 338.484,'y' => 221.018 ]
['x' => 338.518,'y' => 220.997 ]
['x' => 338.581,'y' => 220.996 ]
['x' => 338.627,'y' => 220.985 ]
['x' => 338.665,'y' => 221.015 ]
['x' => 338.688,'y' => 221.057 ]
['x' => 338.732,'y' => 221.078 ]
['x' => 338.841,'y' => 221.083 ]
['x' => 338.955,'y' => 221.136 ]
['x' => 338.977,'y' => 221.164 ]
['x' => 338.988,'y' => 221.204 ]
['x' => 338.992,'y' => 221.275 ]
['x' => 339.000,'y' => 221.340 ]
['x' => 339.028,'y' => 221.417 ]
['x' => 339.002,'y' => 221.501 ]
['x' => 339.046,'y' => 221.580 ]
['x' => 338.955,'y' => 221.643 ]
['x' => 339.028,'y' => 221.711 ]
['x' => 339.093,'y' => 221.781 ]
['x' => 339.128,'y' => 221.840 ]
['x' => 339.179,'y' => 221.863 ]
['x' => 339.248,'y' => 221.811 ]
['x' => 339.309,'y' => 221.783 ]
['x' => 339.368,'y' => 221.742 ]
['x' => 339.392,'y' => 221.722 ]
['x' => 339.488,'y' => 221.676 ]
['x' => 339.577,'y' => 221.642 ]
['x' => 339.584,'y' => 221.677 ]
['x' => 339.571,'y' => 221.713 ]
['x' => 339.544,'y' => 221.756 ]
['x' => 339.532,'y' => 221.797 ]
['x' => 339.529,'y' => 221.829 ]
['x' => 339.520,'y' => 221.876 ]
['x' => 339.533,'y' => 221.914 ]
['x' => 339.560,'y' => 221.872 ]
['x' => 339.596,'y' => 221.825 ]
['x' => 339.641,'y' => 221.777 ]
['x' => 339.710,'y' => 221.704 ]
['x' => 339.772,'y' => 221.609 ]
['x' => 339.802,'y' => 221.564 ]
['x' => 339.865,'y' => 221.501 ]
['x' => 339.875,'y' => 221.467 ]
['x' => 339.907,'y' => 221.435 ]
['x' => 339.962,'y' => 221.423 ]
['x' => 339.993,'y' => 221.416 ]
['x' => 340.025,'y' => 221.406 ]
['x' => 340.061,'y' => 221.402 ]
['x' => 340.093,'y' => 221.402 ]
['x' => 340.144,'y' => 221.400 ]
['x' => 340.180,'y' => 221.374 ]
['x' => 340.213,'y' => 221.366 ]
['x' => 340.272,'y' => 221.361 ]
['x' => 340.301,'y' => 221.393 ]
['x' => 340.327,'y' => 221.429 ]
['x' => 340.331,'y' => 221.486 ]
['x' => 340.320,'y' => 221.583 ]
['x' => 340.282,'y' => 221.704 ]
['x' => 340.274,'y' => 221.762 ]
['x' => 340.307,'y' => 221.789 ]
['x' => 340.292,'y' => 221.836 ]
['x' => 340.306,'y' => 221.864 ]
['x' => 340.330,'y' => 221.886 ]
['x' => 340.383,'y' => 221.914 ]
['x' => 340.406,'y' => 221.948 ]
['x' => 340.405,'y' => 222.003 ]
['x' => 340.310,'y' => 222.085 ]
['x' => 340.194,'y' => 222.219 ]
['x' => 340.182,'y' => 222.249 ]
['x' => 340.187,'y' => 222.280 ]
['x' => 340.207,'y' => 222.307 ]
['x' => 340.268,'y' => 222.326 ]
['x' => 340.347,'y' => 222.360 ]
['x' => 340.391,'y' => 222.403 ]
['x' => 340.437,'y' => 222.458 ]
['x' => 340.456,'y' => 222.487 ]
['x' => 340.459,'y' => 222.525 ]
['x' => 340.438,'y' => 222.578 ]
['x' => 340.394,'y' => 222.631 ]
['x' => 340.296,'y' => 222.704 ]
['x' => 340.246,'y' => 222.749 ]
['x' => 340.218,'y' => 222.801 ]
['x' => 340.209,'y' => 222.849 ]
['x' => 340.176,'y' => 222.865 ]
['x' => 340.089,'y' => 222.914 ]
['x' => 340.067,'y' => 222.957 ]
['x' => 340.069,'y' => 222.990 ]
['x' => 340.100,'y' => 223.022 ]
['x' => 340.143,'y' => 223.038 ]
['x' => 340.193,'y' => 223.050 ]
['x' => 340.326,'y' => 223.073 ]
['x' => 340.359,'y' => 223.103 ]
['x' => 340.382,'y' => 223.124 ]
['x' => 340.404,'y' => 223.184 ]
['x' => 340.382,'y' => 223.210 ]
['x' => 340.343,'y' => 223.232 ]
['x' => 340.277,'y' => 223.256 ]
['x' => 340.240,'y' => 223.239 ]
['x' => 340.208,'y' => 223.216 ]
['x' => 340.183,'y' => 223.183 ]
['x' => 340.145,'y' => 223.185 ]
['x' => 340.140,'y' => 223.224 ]
['x' => 340.157,'y' => 223.250 ]
['x' => 340.183,'y' => 223.271 ]
['x' => 340.207,'y' => 223.300 ]
['x' => 340.183,'y' => 223.323 ]
['x' => 340.088,'y' => 223.380 ]
['x' => 340.021,'y' => 223.377 ]
['x' => 339.973,'y' => 223.362 ]
['x' => 339.943,'y' => 223.333 ]
['x' => 339.871,'y' => 223.296 ]
['x' => 339.809,'y' => 223.286 ]
['x' => 339.767,'y' => 223.288 ]
['x' => 339.735,'y' => 223.312 ]
['x' => 339.733,'y' => 223.346 ]
['x' => 339.668,'y' => 223.392 ]
['x' => 339.635,'y' => 223.404 ]
['x' => 339.667,'y' => 223.449 ]
['x' => 339.705,'y' => 223.484 ]
['x' => 339.741,'y' => 223.535 ]
['x' => 339.747,'y' => 223.570 ]
['x' => 339.648,'y' => 223.647 ]
['x' => 339.667,'y' => 223.707 ]
['x' => 339.766,'y' => 223.723 ]
['x' => 339.868,'y' => 223.707 ]
['x' => 339.819,'y' => 223.750 ]
['x' => 339.819,'y' => 223.750 ]
['x' => 339.819,'y' => 223.750 ]
['x' => 339.984,'y' => 223.664 ]
['x' => 340.058,'y' => 223.673 ]
['x' => 340.055,'y' => 223.726 ]
['x' => 339.984,'y' => 223.818 ]
['x' => 339.984,'y' => 223.818 ]
['x' => 339.984,'y' => 223.818 ]
['x' => 339.962,'y' => 223.882 ]
['x' => 339.936,'y' => 223.908 ]
['x' => 339.923,'y' => 223.946 ]
['x' => 339.898,'y' => 223.997 ]
['x' => 339.885,'y' => 224.048 ]
['x' => 339.898,'y' => 224.125 ]
['x' => 339.935,'y' => 224.192 ]
['x' => 339.920,'y' => 224.258 ]
['x' => 339.763,'y' => 224.349 ]
['x' => 339.762,'y' => 224.464 ]
['x' => 339.884,'y' => 224.498 ]
['x' => 340.012,'y' => 224.511 ]
['x' => 340.191,'y' => 224.396 ]
['x' => 340.242,'y' => 224.511 ]
['x' => 340.318,'y' => 224.524 ]
['x' => 340.369,'y' => 224.613 ]
['x' => 340.357,'y' => 224.690 ]
['x' => 340.318,'y' => 224.728 ]
['x' => 340.318,'y' => 224.805 ]
['x' => 340.344,'y' => 224.843 ]
['x' => 340.446,'y' => 224.856 ]
['x' => 340.566,'y' => 224.821 ]
['x' => 340.630,'y' => 224.834 ]
['x' => 340.847,'y' => 224.810 ]
['x' => 340.844,'y' => 224.878 ]
['x' => 340.917,'y' => 224.865 ]
['x' => 340.973,'y' => 224.883 ]
['x' => 341.028,'y' => 224.834 ]
['x' => 341.142,'y' => 224.778 ]
['x' => 341.342,'y' => 224.692 ]
['x' => 341.477,'y' => 224.655 ]
['x' => 341.502,'y' => 224.671 ]
['x' => 341.505,'y' => 224.717 ]
['x' => 341.518,'y' => 224.760 ]
['x' => 341.573,'y' => 224.806 ]
['x' => 341.604,'y' => 224.840 ]
['x' => 341.616,'y' => 224.880 ]
['x' => 341.610,'y' => 224.939 ]
['x' => 341.444,'y' => 225.089 ]
['x' => 341.265,'y' => 225.256 ]
['x' => 341.033,'y' => 225.374 ]
['x' => 341.000,'y' => 225.391 ]
['x' => 340.779,'y' => 225.443 ]
['x' => 340.708,'y' => 225.419 ]
['x' => 340.638,'y' => 225.411 ]
['x' => 340.690,'y' => 225.475 ]
['x' => 340.771,'y' => 225.498 ]
['x' => 340.815,'y' => 225.549 ]
['x' => 340.886,'y' => 225.545 ]
['x' => 340.985,'y' => 225.641 ]
['x' => 341.059,'y' => 225.708 ]
['x' => 341.046,'y' => 225.772 ]
['x' => 341.046,'y' => 225.823 ]
['x' => 341.008,'y' => 225.848 ]
['x' => 340.962,'y' => 225.944 ]
['x' => 341.039,'y' => 225.970 ]
['x' => 341.067,'y' => 226.016 ]
['x' => 341.113,'y' => 226.016 ]
['x' => 341.159,'y' => 226.016 ]
['x' => 341.205,'y' => 226.016 ]
['x' => 341.251,'y' => 226.016 ]
['x' => 341.297,'y' => 226.016 ]
['x' => 341.343,'y' => 226.016 ]
['x' => 341.388,'y' => 226.016 ]
['x' => 341.434,'y' => 226.016 ]
['x' => 341.526,'y' => 226.016 ]
['x' => 341.582,'y' => 226.000 ]
['x' => 341.694,'y' => 225.928 ]
['x' => 341.740,'y' => 225.928 ]
['x' => 341.744,'y' => 225.897 ]
['x' => 341.842,'y' => 225.828 ]
['x' => 341.895,'y' => 225.794 ]
['x' => 341.941,'y' => 225.794 ]
['x' => 341.973,'y' => 225.768 ]
['x' => 342.098,'y' => 225.729 ]
['x' => 342.188,'y' => 225.697 ]
['x' => 342.255,'y' => 225.690 ]
['x' => 342.308,'y' => 225.701 ]
['x' => 342.256,'y' => 225.892 ]
['x' => 342.281,'y' => 225.914 ]
['x' => 342.262,'y' => 225.980 ]
['x' => 342.204,'y' => 226.045 ]
['x' => 342.226,'y' => 226.085 ]
['x' => 342.304,'y' => 226.110 ]
['x' => 342.428,'y' => 226.054 ]
['x' => 342.481,'y' => 226.017 ]
['x' => 342.530,'y' => 225.968 ]
['x' => 342.557,'y' => 225.887 ]
['x' => 342.583,'y' => 225.832 ]
['x' => 342.629,'y' => 225.740 ]
['x' => 342.658,'y' => 225.688 ]
['x' => 342.697,'y' => 225.642 ]
['x' => 342.697,'y' => 225.596 ]
['x' => 342.717,'y' => 225.552 ]
['x' => 342.714,'y' => 225.506 ]
['x' => 342.721,'y' => 225.464 ]
['x' => 342.721,'y' => 225.418 ]
['x' => 342.721,'y' => 225.373 ]
['x' => 342.721,'y' => 225.327 ]
['x' => 342.721,'y' => 225.281 ]
['x' => 342.723,'y' => 225.220 ]
['x' => 342.713,'y' => 225.138 ]
['x' => 342.713,'y' => 225.092 ]
['x' => 342.713,'y' => 225.046 ]
['x' => 342.713,'y' => 225.000 ]
['x' => 342.713,'y' => 224.954 ]
['x' => 342.713,'y' => 224.908 ]
['x' => 342.717,'y' => 224.869 ]
['x' => 342.726,'y' => 224.812 ]
['x' => 342.726,'y' => 224.767 ]
['x' => 342.742,'y' => 224.702 ]
['x' => 342.767,'y' => 224.647 ]
['x' => 342.767,'y' => 224.601 ]
['x' => 342.767,'y' => 224.555 ]
['x' => 342.786,'y' => 224.461 ]
['x' => 342.798,'y' => 224.430 ]
['x' => 342.825,'y' => 224.391 ]
['x' => 342.834,'y' => 224.355 ]
['x' => 342.879,'y' => 224.297 ]
['x' => 342.881,'y' => 224.262 ]
['x' => 342.898,'y' => 224.219 ]
['x' => 342.907,'y' => 224.157 ]
['x' => 342.925,'y' => 224.114 ]
['x' => 342.921,'y' => 224.029 ]
['x' => 342.959,'y' => 223.957 ]
['x' => 343.009,'y' => 223.903 ]
['x' => 343.036,'y' => 223.846 ]
['x' => 343.123,'y' => 223.739 ]
['x' => 343.187,'y' => 223.696 ]
['x' => 343.225,'y' => 223.664 ]
['x' => 343.271,'y' => 223.619 ]
['x' => 343.318,'y' => 223.600 ]
['x' => 343.398,'y' => 223.559 ]
['x' => 343.456,'y' => 223.535 ]
['x' => 343.686,'y' => 223.489 ]
['x' => 343.758,'y' => 223.451 ]
['x' => 343.831,'y' => 223.462 ]
['x' => 343.912,'y' => 223.498 ]
['x' => 344.024,'y' => 223.557 ]
['x' => 344.050,'y' => 223.636 ]
['x' => 344.050,'y' => 223.681 ]
['x' => 344.102,'y' => 223.887 ]
['x' => 344.102,'y' => 223.933 ]
['x' => 344.088,'y' => 224.001 ]
['x' => 344.088,'y' => 224.047 ]
['x' => 344.088,'y' => 224.093 ]
['x' => 344.088,'y' => 224.139 ]
['x' => 344.082,'y' => 224.216 ]
['x' => 344.013,'y' => 224.305 ]
['x' => 343.962,'y' => 224.362 ]
['x' => 343.962,'y' => 224.408 ]
['x' => 343.962,'y' => 224.454 ]
['x' => 343.962,'y' => 224.499 ]
['x' => 343.916,'y' => 224.545 ]
['x' => 343.846,'y' => 224.662 ]
['x' => 343.870,'y' => 224.775 ]
['x' => 343.870,'y' => 224.821 ]
['x' => 343.916,'y' => 224.959 ]
['x' => 343.916,'y' => 225.005 ]
['x' => 343.971,'y' => 225.024 ]
['x' => 344.008,'y' => 225.103 ]
['x' => 344.002,'y' => 225.196 ]
['x' => 343.980,'y' => 225.242 ]
['x' => 343.945,'y' => 225.303 ]
['x' => 343.945,'y' => 225.348 ]
['x' => 343.918,'y' => 225.403 ]
['x' => 343.881,'y' => 225.461 ]
['x' => 343.878,'y' => 225.564 ]
['x' => 343.832,'y' => 225.609 ]
['x' => 343.799,'y' => 225.695 ]
['x' => 343.740,'y' => 225.793 ]
['x' => 343.711,'y' => 225.842 ]
['x' => 343.694,'y' => 225.885 ]
['x' => 343.670,'y' => 225.932 ]
['x' => 343.648,'y' => 225.977 ]
['x' => 343.602,'y' => 226.023 ]
['x' => 343.569,'y' => 226.073 ]
['x' => 343.556,'y' => 226.115 ]
['x' => 343.510,'y' => 226.161 ]
['x' => 343.488,'y' => 226.207 ]
['x' => 343.483,'y' => 226.258 ]
['x' => 343.407,'y' => 226.339 ]
['x' => 343.343,'y' => 226.375 ]
['x' => 343.304,'y' => 226.423 ]
['x' => 343.295,'y' => 226.461 ]
['x' => 343.249,'y' => 226.507 ]
['x' => 343.203,'y' => 226.532 ]
['x' => 343.165,'y' => 226.563 ]
['x' => 343.111,'y' => 226.598 ]
['x' => 343.076,'y' => 226.630 ]
['x' => 343.008,'y' => 226.676 ]
['x' => 342.951,'y' => 226.739 ]
['x' => 342.893,'y' => 226.772 ]
['x' => 342.785,'y' => 226.863 ]
['x' => 342.703,'y' => 226.921 ]
['x' => 342.660,'y' => 226.943 ]
['x' => 342.587,'y' => 226.998 ]
['x' => 342.547,'y' => 227.022 ]
['x' => 342.446,'y' => 227.060 ]
['x' => 342.360,'y' => 227.093 ]
['x' => 342.262,'y' => 227.114 ]
['x' => 342.222,'y' => 227.129 ]
['x' => 342.168,'y' => 227.145 ]
['x' => 342.063,'y' => 227.156 ]
['x' => 341.992,'y' => 227.180 ]
['x' => 341.789,'y' => 227.242 ]
['x' => 341.508,'y' => 227.277 ]
['x' => 341.677,'y' => 227.361 ]
['x' => 341.690,'y' => 227.412 ]
['x' => 341.741,'y' => 227.451 ]
['x' => 341.757,'y' => 227.517 ]
['x' => 341.779,'y' => 227.604 ]
['x' => 341.782,'y' => 227.636 ]
['x' => 341.897,'y' => 227.725 ]
['x' => 341.923,'y' => 227.798 ]
['x' => 342.098,'y' => 227.808 ]
['x' => 342.051,'y' => 227.884 ]
['x' => 342.089,'y' => 227.941 ]
['x' => 342.159,'y' => 227.983 ]
['x' => 342.353,'y' => 227.983 ]
['x' => 342.395,'y' => 227.992 ]
['x' => 342.461,'y' => 227.949 ]
['x' => 342.595,'y' => 227.785 ]
['x' => 342.609,'y' => 227.673 ]
['x' => 342.641,'y' => 227.640 ]
['x' => 342.691,'y' => 227.616 ]
['x' => 342.778,'y' => 227.583 ]
['x' => 342.852,'y' => 227.570 ]
['x' => 342.942,'y' => 227.555 ]
['x' => 343.119,'y' => 227.473 ]
['x' => 343.222,'y' => 227.450 ]
['x' => 343.293,'y' => 227.471 ]
['x' => 343.353,'y' => 227.599 ]
['x' => 343.394,'y' => 227.762 ]
['x' => 343.410,'y' => 227.875 ]
['x' => 343.360,'y' => 227.974 ]
['x' => 343.220,'y' => 228.105 ]
['x' => 343.116,'y' => 228.188 ]
['x' => 343.079,'y' => 228.268 ]
['x' => 343.001,'y' => 228.321 ]
['x' => 342.946,'y' => 228.343 ]
['x' => 342.928,'y' => 228.421 ]
['x' => 342.915,'y' => 228.459 ]
['x' => 342.915,'y' => 228.548 ]
['x' => 342.979,'y' => 228.561 ]
['x' => 343.017,'y' => 228.497 ]
['x' => 343.068,'y' => 228.497 ]
['x' => 343.056,'y' => 228.535 ]
['x' => 343.043,'y' => 228.599 ]
['x' => 343.056,'y' => 228.660 ]
['x' => 343.053,'y' => 228.712 ]
['x' => 343.053,'y' => 228.750 ]
['x' => 342.941,'y' => 228.816 ]
['x' => 342.807,'y' => 228.810 ]
['x' => 342.775,'y' => 228.875 ]
['x' => 342.775,'y' => 229.033 ]
['x' => 342.826,'y' => 229.046 ]
['x' => 342.838,'y' => 229.123 ]
['x' => 342.915,'y' => 229.199 ]
['x' => 342.864,'y' => 229.250 ]
['x' => 342.749,'y' => 229.327 ]
['x' => 342.638,'y' => 229.397 ]
['x' => 342.613,'y' => 229.435 ]
['x' => 342.600,'y' => 229.537 ]
['x' => 342.612,'y' => 229.579 ]
['x' => 342.657,'y' => 229.712 ]
['x' => 342.683,'y' => 229.767 ]
['x' => 342.699,'y' => 229.824 ]
['x' => 342.621,'y' => 229.850 ]
['x' => 342.592,'y' => 229.876 ]
['x' => 342.596,'y' => 229.927 ]
['x' => 342.370,'y' => 229.989 ]
['x' => 342.274,'y' => 230.005 ]
['x' => 342.226,'y' => 230.029 ]
['x' => 342.124,'y' => 230.003 ]
['x' => 342.085,'y' => 230.016 ]
['x' => 342.047,'y' => 230.054 ]
['x' => 342.034,'y' => 230.093 ]
['x' => 341.996,'y' => 230.118 ]
['x' => 341.856,'y' => 230.156 ]
['x' => 341.795,'y' => 230.246 ]
['x' => 341.818,'y' => 230.348 ]
['x' => 341.766,'y' => 230.373 ]
['x' => 341.754,'y' => 230.425 ]
['x' => 341.715,'y' => 230.463 ]
['x' => 341.690,'y' => 230.501 ]
['x' => 341.690,'y' => 230.565 ]
['x' => 341.651,'y' => 230.616 ]
['x' => 341.639,'y' => 230.731 ]
['x' => 341.639,'y' => 230.769 ]
['x' => 341.588,'y' => 230.820 ]
['x' => 341.476,'y' => 230.852 ]
['x' => 341.413,'y' => 230.916 ]
['x' => 341.400,'y' => 230.954 ]
['x' => 341.413,'y' => 231.054 ]
['x' => 341.515,'y' => 231.095 ]
['x' => 341.531,'y' => 231.143 ]
['x' => 341.362,'y' => 231.261 ]
['x' => 341.362,'y' => 231.325 ]
['x' => 341.400,'y' => 231.376 ]
['x' => 341.387,'y' => 231.452 ]
['x' => 341.268,'y' => 231.497 ]
['x' => 341.179,'y' => 231.586 ]
['x' => 341.179,'y' => 231.637 ]
['x' => 340.822,'y' => 231.867 ]
['x' => 340.861,'y' => 231.927 ]
['x' => 340.835,'y' => 231.976 ]
['x' => 340.809,'y' => 232.020 ]
['x' => 340.758,'y' => 232.071 ]
['x' => 340.771,'y' => 232.122 ]
['x' => 340.698,'y' => 232.212 ]
['x' => 340.682,'y' => 232.266 ]
['x' => 340.669,'y' => 232.305 ]
['x' => 340.592,'y' => 232.314 ]
['x' => 340.512,'y' => 232.279 ]
['x' => 340.464,'y' => 232.326 ]
['x' => 340.347,'y' => 232.304 ]
['x' => 340.325,'y' => 232.345 ]
['x' => 340.312,'y' => 232.381 ]
['x' => 340.247,'y' => 232.377 ]
['x' => 340.235,'y' => 232.416 ]
['x' => 340.196,'y' => 232.416 ]
['x' => 340.184,'y' => 232.352 ]
['x' => 339.903,'y' => 232.492 ]
['x' => 339.890,'y' => 232.556 ]
['x' => 339.903,'y' => 232.607 ]
['x' => 339.903,'y' => 232.837 ]
['x' => 339.877,'y' => 232.875 ]
['x' => 339.864,'y' => 232.926 ]
['x' => 339.839,'y' => 233.016 ]
['x' => 339.839,'y' => 233.080 ]
['x' => 339.801,'y' => 233.131 ]
['x' => 339.798,'y' => 233.243 ]
['x' => 339.797,'y' => 233.372 ]
['x' => 339.771,'y' => 233.397 ]
['x' => 339.746,'y' => 233.436 ]
['x' => 339.720,'y' => 233.474 ]
['x' => 339.707,'y' => 233.512 ]
['x' => 339.694,'y' => 233.551 ]
['x' => 339.682,'y' => 233.602 ]
['x' => 339.707,'y' => 233.793 ]
['x' => 339.669,'y' => 233.844 ]
['x' => 339.656,'y' => 233.946 ]
['x' => 339.643,'y' => 233.985 ]
['x' => 339.621,'y' => 234.048 ]
['x' => 339.656,'y' => 234.125 ]
['x' => 339.707,'y' => 234.163 ]
['x' => 339.771,'y' => 234.125 ]
['x' => 339.784,'y' => 234.074 ]
['x' => 339.809,'y' => 234.048 ]
['x' => 339.822,'y' => 233.997 ]
['x' => 339.886,'y' => 233.946 ]
['x' => 339.912,'y' => 233.882 ]
['x' => 339.950,'y' => 233.857 ]
['x' => 339.950,'y' => 233.768 ]
['x' => 339.975,'y' => 233.742 ]
['x' => 339.975,'y' => 233.704 ]
['x' => 340.019,'y' => 233.669 ]
['x' => 340.068,'y' => 233.616 ]
['x' => 340.107,'y' => 233.590 ]
['x' => 340.186,'y' => 233.522 ]
['x' => 340.235,'y' => 233.437 ]
['x' => 340.279,'y' => 233.375 ]
['x' => 340.375,'y' => 233.329 ]
['x' => 340.447,'y' => 233.301 ]
['x' => 340.507,'y' => 233.319 ]
['x' => 340.550,'y' => 233.200 ]
['x' => 340.590,'y' => 233.145 ]
['x' => 340.642,'y' => 233.120 ]
['x' => 340.721,'y' => 233.112 ]
['x' => 340.790,'y' => 233.135 ]
['x' => 340.858,'y' => 233.175 ]
['x' => 340.901,'y' => 233.263 ]
['x' => 340.982,'y' => 233.365 ]
['x' => 341.025,'y' => 233.441 ]
['x' => 341.030,'y' => 233.477 ]
['x' => 341.030,'y' => 233.477 ]
['x' => 341.065,'y' => 233.476 ]
['x' => 341.141,'y' => 233.526 ]
['x' => 341.192,'y' => 233.547 ]
['x' => 341.286,'y' => 233.576 ]
['x' => 341.358,'y' => 233.633 ]
['x' => 341.451,'y' => 233.640 ]
['x' => 341.476,'y' => 233.679 ]
['x' => 341.463,'y' => 233.755 ]
['x' => 341.476,'y' => 233.806 ]
['x' => 341.438,'y' => 233.832 ]
['x' => 341.425,'y' => 233.870 ]
['x' => 341.591,'y' => 233.908 ]
['x' => 341.693,'y' => 233.870 ]
['x' => 341.680,'y' => 233.819 ]
['x' => 341.719,'y' => 233.781 ]
['x' => 341.783,'y' => 233.806 ]
['x' => 341.808,'y' => 233.781 ]
['x' => 341.834,'y' => 233.832 ]
['x' => 341.961,'y' => 233.819 ]
['x' => 341.974,'y' => 233.896 ]
['x' => 341.949,'y' => 233.934 ]
['x' => 342.000,'y' => 233.998 ]
['x' => 342.127,'y' => 234.011 ]
['x' => 342.153,'y' => 233.985 ]
['x' => 342.166,'y' => 233.947 ]
['x' => 342.229,'y' => 233.947 ]
['x' => 342.332,'y' => 234.023 ]
['x' => 342.370,'y' => 234.023 ]
['x' => 342.472,'y' => 233.947 ]
['x' => 342.625,'y' => 233.985 ]
['x' => 342.612,'y' => 234.023 ]
['x' => 342.587,'y' => 234.062 ]
['x' => 342.574,'y' => 234.138 ]
['x' => 342.543,'y' => 234.215 ]
['x' => 342.598,'y' => 234.176 ]
['x' => 342.642,'y' => 234.152 ]
['x' => 342.692,'y' => 234.128 ]
['x' => 342.735,'y' => 234.062 ]
['x' => 342.790,'y' => 234.037 ]
['x' => 342.847,'y' => 234.030 ]
['x' => 342.905,'y' => 234.057 ]
['x' => 342.959,'y' => 234.075 ]
['x' => 343.000,'y' => 234.099 ]
['x' => 343.064,'y' => 234.114 ]
['x' => 343.111,'y' => 234.151 ]
['x' => 343.176,'y' => 234.199 ]
['x' => 343.205,'y' => 234.234 ]
['x' => 343.201,'y' => 234.285 ]
['x' => 343.205,'y' => 234.344 ]
['x' => 343.266,'y' => 234.367 ]
['x' => 343.310,'y' => 234.418 ]
['x' => 343.249,'y' => 234.530 ]
['x' => 343.235,'y' => 234.589 ]
['x' => 343.235,'y' => 234.635 ]
['x' => 343.211,'y' => 234.675 ]
['x' => 343.181,'y' => 234.701 ]
['x' => 343.151,'y' => 234.730 ]
['x' => 343.158,'y' => 234.969 ]
['x' => 343.241,'y' => 234.970 ]
['x' => 343.308,'y' => 234.935 ]
['x' => 343.349,'y' => 234.991 ]
['x' => 343.536,'y' => 234.987 ]
['x' => 343.668,'y' => 235.016 ]
['x' => 343.694,'y' => 235.058 ]
['x' => 343.694,'y' => 235.109 ]
['x' => 343.685,'y' => 235.192 ]
['x' => 343.630,'y' => 235.249 ]
['x' => 343.566,'y' => 235.326 ]
['x' => 343.553,'y' => 235.377 ]
['x' => 343.540,'y' => 235.415 ]
['x' => 343.540,'y' => 235.454 ]
['x' => 343.502,'y' => 235.505 ]
['x' => 343.502,'y' => 235.556 ]
['x' => 343.528,'y' => 235.581 ]
['x' => 343.553,'y' => 235.696 ]
['x' => 343.553,'y' => 235.760 ]
['x' => 343.540,'y' => 235.798 ]
['x' => 343.515,'y' => 235.824 ]
['x' => 343.502,'y' => 235.862 ]
['x' => 343.336,'y' => 235.875 ]
['x' => 343.311,'y' => 235.913 ]
['x' => 343.285,'y' => 235.939 ]
['x' => 343.260,'y' => 235.977 ]
['x' => 343.247,'y' => 236.028 ]
['x' => 343.221,'y' => 236.054 ]
['x' => 343.196,'y' => 236.079 ]
['x' => 343.183,'y' => 236.117 ]
['x' => 343.170,'y' => 236.168 ]
['x' => 343.183,'y' => 236.270 ]
['x' => 343.247,'y' => 236.309 ]
['x' => 343.247,'y' => 236.385 ]
['x' => 343.209,'y' => 236.411 ]
['x' => 343.221,'y' => 236.462 ]
['x' => 343.285,'y' => 236.500 ]
['x' => 343.336,'y' => 236.590 ]
['x' => 343.419,'y' => 236.595 ]
['x' => 343.502,'y' => 236.602 ]
['x' => 343.528,'y' => 236.641 ]
['x' => 343.569,'y' => 236.703 ]
['x' => 343.541,'y' => 236.733 ]
['x' => 343.497,'y' => 236.791 ]
['x' => 343.438,'y' => 236.794 ]
['x' => 343.375,'y' => 236.807 ]
['x' => 343.349,'y' => 236.845 ]
['x' => 343.247,'y' => 236.870 ]
['x' => 343.209,'y' => 236.934 ]
['x' => 343.183,'y' => 236.960 ]
['x' => 343.163,'y' => 237.043 ]
['x' => 343.151,'y' => 237.145 ]
['x' => 343.151,'y' => 237.196 ]
['x' => 343.196,'y' => 237.236 ]
['x' => 343.218,'y' => 237.424 ]
['x' => 343.141,'y' => 237.449 ]
['x' => 343.129,'y' => 237.488 ]
['x' => 343.183,'y' => 237.675 ]
['x' => 343.209,'y' => 237.713 ]
['x' => 343.196,'y' => 237.777 ]
['x' => 343.183,'y' => 237.815 ]
['x' => 343.196,'y' => 237.930 ]
['x' => 343.285,'y' => 237.968 ]
['x' => 343.323,'y' => 237.930 ]
['x' => 343.399,'y' => 237.827 ]
['x' => 343.385,'y' => 237.704 ]
['x' => 343.352,'y' => 237.538 ]
['x' => 343.352,'y' => 237.406 ]
['x' => 343.437,'y' => 237.311 ]
['x' => 343.494,'y' => 237.278 ]
['x' => 343.522,'y' => 237.264 ]
['x' => 343.607,'y' => 237.259 ]
['x' => 343.669,'y' => 237.245 ]
['x' => 343.697,'y' => 237.273 ]
['x' => 343.664,'y' => 237.325 ]
['x' => 343.631,'y' => 237.401 ]
['x' => 343.617,'y' => 237.429 ]
['x' => 343.636,'y' => 237.458 ]
['x' => 343.692,'y' => 237.467 ]
['x' => 343.834,'y' => 237.406 ]
['x' => 343.952,'y' => 237.283 ]
['x' => 344.056,'y' => 237.108 ]
['x' => 344.142,'y' => 237.004 ]
['x' => 344.208,'y' => 236.952 ]
['x' => 344.274,'y' => 236.938 ]
['x' => 344.326,'y' => 236.947 ]
['x' => 344.350,'y' => 236.985 ]
['x' => 344.359,'y' => 237.027 ]
['x' => 344.373,'y' => 237.080 ]
['x' => 344.364,'y' => 237.136 ]
['x' => 344.359,'y' => 237.231 ]
['x' => 344.392,'y' => 237.264 ]
['x' => 344.411,'y' => 237.184 ]
['x' => 344.397,'y' => 236.942 ]
['x' => 344.326,'y' => 236.810 ]
['x' => 344.350,'y' => 236.706 ]
['x' => 344.388,'y' => 236.517 ]
['x' => 344.425,'y' => 236.342 ]
['x' => 344.326,'y' => 236.124 ]
['x' => 344.284,'y' => 235.973 ]
['x' => 344.198,'y' => 235.779 ]
['x' => 344.113,'y' => 235.443 ]
['x' => 343.995,'y' => 235.036 ]
['x' => 344.033,'y' => 234.975 ]
['x' => 344.175,'y' => 235.022 ]
['x' => 344.279,'y' => 235.140 ]
['x' => 344.430,'y' => 235.268 ]
['x' => 344.506,'y' => 235.306 ]
['x' => 344.572,'y' => 235.292 ]
['x' => 344.652,'y' => 235.221 ]
['x' => 344.700,'y' => 235.211 ]
['x' => 344.771,'y' => 235.225 ]
['x' => 344.827,'y' => 235.230 ]
['x' => 344.927,'y' => 235.173 ]
['x' => 345.026,'y' => 234.961 ]
['x' => 345.244,'y' => 234.280 ]
['x' => 345.319,'y' => 234.015 ]
['x' => 345.305,'y' => 233.783 ]
['x' => 345.423,'y' => 233.655 ]
['x' => 345.650,'y' => 233.726 ]
['x' => 345.731,'y' => 233.821 ]
['x' => 345.778,'y' => 233.887 ]
['x' => 345.830,'y' => 233.878 ]
['x' => 345.797,'y' => 233.773 ]
['x' => 345.863,'y' => 233.504 ]
['x' => 345.882,'y' => 233.471 ]
['x' => 346.114,'y' => 233.334 ]
['x' => 346.223,'y' => 233.163 ]
['x' => 346.313,'y' => 233.121 ]
['x' => 346.417,'y' => 233.088 ]
['x' => 346.530,'y' => 233.074 ]
['x' => 346.629,'y' => 233.121 ]
['x' => 346.677,'y' => 233.215 ]
['x' => 346.719,'y' => 233.353 ]
['x' => 346.672,'y' => 233.485 ]
['x' => 346.667,'y' => 233.561 ]
['x' => 346.738,'y' => 233.688 ]
['x' => 346.748,'y' => 233.835 ]
['x' => 346.752,'y' => 233.911 ]
['x' => 346.719,'y' => 233.977 ]
['x' => 346.677,'y' => 234.038 ]
['x' => 346.521,'y' => 234.317 ]
['x' => 346.365,'y' => 234.507 ]
['x' => 346.119,'y' => 234.805 ]
['x' => 346.086,'y' => 235.022 ]
['x' => 346.138,'y' => 235.136 ]
['x' => 346.156,'y' => 235.221 ]
['x' => 346.133,'y' => 235.292 ]
['x' => 346.152,'y' => 235.348 ]
['x' => 346.209,'y' => 235.519 ]
['x' => 346.209,'y' => 235.585 ]
['x' => 346.104,'y' => 235.703 ]
['x' => 345.948,'y' => 235.845 ]
['x' => 345.849,'y' => 235.902 ]
['x' => 345.806,'y' => 235.944 ]
['x' => 345.792,'y' => 236.039 ]
['x' => 345.712,'y' => 236.242 ]
['x' => 345.693,'y' => 236.375 ]
['x' => 345.665,'y' => 236.450 ]
['x' => 345.646,'y' => 236.517 ]
['x' => 345.674,'y' => 236.559 ]
['x' => 345.707,'y' => 236.536 ]
['x' => 345.702,'y' => 236.488 ]
['x' => 345.697,'y' => 236.442 ]
['x' => 345.726,'y' => 236.398 ]
['x' => 345.811,'y' => 236.337 ]
['x' => 345.972,'y' => 236.271 ]
['x' => 346.052,'y' => 236.238 ]
['x' => 346.114,'y' => 236.261 ]
['x' => 346.138,'y' => 236.351 ]
['x' => 346.190,'y' => 236.403 ]
['x' => 346.218,'y' => 236.469 ]
['x' => 346.284,'y' => 236.654 ]
['x' => 346.355,'y' => 236.730 ]
['x' => 346.365,'y' => 236.805 ]
['x' => 346.402,'y' => 236.796 ]
['x' => 346.473,'y' => 236.715 ]
['x' => 346.568,'y' => 236.763 ]
['x' => 346.719,'y' => 236.275 ]
['x' => 346.809,'y' => 236.100 ]
['x' => 346.885,'y' => 236.063 ]
['x' => 347.017,'y' => 236.044 ]
['x' => 347.084,'y' => 236.091 ]
['x' => 347.098,'y' => 236.152 ]
['x' => 347.079,'y' => 236.209 ]
['x' => 347.060,'y' => 236.327 ]
['x' => 347.093,'y' => 236.370 ]
['x' => 347.140,'y' => 236.370 ]
['x' => 347.173,'y' => 236.394 ]
['x' => 347.169,'y' => 236.436 ]
['x' => 347.145,'y' => 236.479 ]
['x' => 347.131,'y' => 236.526 ]
['x' => 347.150,'y' => 236.588 ]
['x' => 347.159,'y' => 236.644 ]
['x' => 347.140,'y' => 236.701 ]
['x' => 347.112,'y' => 236.767 ]
['x' => 347.121,'y' => 236.824 ]
['x' => 347.136,'y' => 236.876 ]
['x' => 347.145,'y' => 236.914 ]
['x' => 347.173,'y' => 236.980 ]
['x' => 347.197,'y' => 237.009 ]
['x' => 347.225,'y' => 237.028 ]
['x' => 347.254,'y' => 237.051 ]
['x' => 347.258,'y' => 237.094 ]
['x' => 347.235,'y' => 237.132 ]
['x' => 347.202,'y' => 237.150 ]
['x' => 347.206,'y' => 237.207 ]
['x' => 347.206,'y' => 237.278 ]
['x' => 347.315,'y' => 237.307 ]
['x' => 347.377,'y' => 237.382 ]
['x' => 347.296,'y' => 237.439 ]
['x' => 347.292,'y' => 237.510 ]
['x' => 347.296,'y' => 237.586 ]
['x' => 347.263,'y' => 237.656 ]
['x' => 347.254,'y' => 237.713 ]
['x' => 347.249,'y' => 237.803 ]
['x' => 347.235,'y' => 237.893 ]
['x' => 347.211,'y' => 237.931 ]
['x' => 347.169,'y' => 237.992 ]
['x' => 347.150,'y' => 238.049 ]
['x' => 347.145,'y' => 238.148 ]
['x' => 347.178,'y' => 238.271 ]
['x' => 347.211,'y' => 238.352 ]
['x' => 347.206,'y' => 238.399 ]
['x' => 347.192,'y' => 238.461 ]
['x' => 347.221,'y' => 238.498 ]
['x' => 347.216,'y' => 238.536 ]
['x' => 347.169,'y' => 238.626 ]
['x' => 347.145,'y' => 238.707 ]
['x' => 347.131,'y' => 238.787 ]
['x' => 347.107,'y' => 238.886 ]
['x' => 347.046,'y' => 238.948 ]
['x' => 347.008,'y' => 238.967 ]
['x' => 346.965,'y' => 239.038 ]
['x' => 346.984,'y' => 239.156 ]
['x' => 347.055,'y' => 239.227 ]
['x' => 347.131,'y' => 239.265 ]
['x' => 347.183,'y' => 239.416 ]
['x' => 347.197,'y' => 239.482 ]
['x' => 347.216,'y' => 239.591 ]
['x' => 347.235,'y' => 239.676 ]
['x' => 347.225,'y' => 239.728 ]
['x' => 347.173,'y' => 239.780 ]
['x' => 347.121,'y' => 239.823 ]
['x' => 347.055,'y' => 239.842 ]
['x' => 346.975,'y' => 239.846 ]
['x' => 346.927,'y' => 239.846 ]
['x' => 346.842,'y' => 239.780 ]
['x' => 346.767,'y' => 239.704 ]
['x' => 346.672,'y' => 239.657 ]
['x' => 346.563,'y' => 239.662 ]
['x' => 346.459,'y' => 239.704 ]
['x' => 346.360,'y' => 239.775 ]
['x' => 346.199,'y' => 239.936 ]
['x' => 346.171,'y' => 240.111 ]
['x' => 346.156,'y' => 240.244 ]
['x' => 346.156,'y' => 240.433 ]
['x' => 346.227,'y' => 240.499 ]
['x' => 346.336,'y' => 240.575 ]
['x' => 346.412,'y' => 240.627 ]
['x' => 346.459,'y' => 240.688 ]
['x' => 346.436,'y' => 240.740 ]
['x' => 346.317,'y' => 240.773 ]
['x' => 346.275,'y' => 240.778 ]
['x' => 346.246,'y' => 240.797 ]
['x' => 346.223,'y' => 240.844 ]
['x' => 346.190,'y' => 240.920 ]
['x' => 346.199,'y' => 241.010 ]
['x' => 346.213,'y' => 241.081 ]
['x' => 346.218,'y' => 241.142 ]
['x' => 346.251,'y' => 241.213 ]
['x' => 346.270,'y' => 241.270 ]
['x' => 346.270,'y' => 241.317 ]
['x' => 346.284,'y' => 241.393 ]
['x' => 346.313,'y' => 241.454 ]
['x' => 346.327,'y' => 241.511 ]
['x' => 346.294,'y' => 241.658 ]
['x' => 346.265,'y' => 241.700 ]
['x' => 346.175,'y' => 241.715 ]
['x' => 346.147,'y' => 241.696 ]
['x' => 346.119,'y' => 241.752 ]
['x' => 346.067,'y' => 241.852 ]
['x' => 346.019,'y' => 241.904 ]
['x' => 345.944,'y' => 241.927 ]
['x' => 345.896,'y' => 241.944 ]
['x' => 345.889,'y' => 242.014 ]
['x' => 345.851,'y' => 242.065 ]
['x' => 345.838,'y' => 242.129 ]
['x' => 345.838,'y' => 242.168 ]
['x' => 345.813,'y' => 242.193 ]
['x' => 345.800,'y' => 242.231 ]
['x' => 345.774,'y' => 242.257 ]
['x' => 345.787,'y' => 242.295 ]
['x' => 345.787,'y' => 242.448 ]
['x' => 345.812,'y' => 242.487 ]
['x' => 345.800,'y' => 242.576 ]
['x' => 345.800,'y' => 242.627 ]
['x' => 345.851,'y' => 242.704 ]
['x' => 345.851,'y' => 242.831 ]
['x' => 345.864,'y' => 242.882 ]
['x' => 346.025,'y' => 243.036 ]
['x' => 346.143,'y' => 243.188 ]
['x' => 346.181,'y' => 243.306 ]
['x' => 346.359,'y' => 243.380 ]
['x' => 346.374,'y' => 243.484 ]
['x' => 346.357,'y' => 243.548 ]
['x' => 346.371,'y' => 243.597 ]
['x' => 346.454,'y' => 243.594 ]
['x' => 346.663,'y' => 243.589 ]
['x' => 346.801,'y' => 243.596 ]
['x' => 346.885,'y' => 243.584 ]
['x' => 347.022,'y' => 243.581 ]
['x' => 347.125,'y' => 243.577 ]
['x' => 347.426,'y' => 243.563 ]
['x' => 347.485,'y' => 243.535 ]
['x' => 347.567,'y' => 243.514 ]
['x' => 347.649,'y' => 243.494 ]
['x' => 347.719,'y' => 243.474 ]
['x' => 347.810,'y' => 243.411 ]
['x' => 347.868,'y' => 243.384 ]
['x' => 347.913,'y' => 243.334 ]
['x' => 347.980,'y' => 243.289 ]
['x' => 348.027,'y' => 243.235 ]
['x' => 348.099,'y' => 243.210 ]
['x' => 348.156,'y' => 243.251 ]
['x' => 348.229,'y' => 243.229 ]
['x' => 348.298,'y' => 243.235 ]
['x' => 348.358,'y' => 243.289 ]
['x' => 348.397,'y' => 243.359 ]
['x' => 348.474,'y' => 243.387 ]
['x' => 348.579,'y' => 243.501 ]
['x' => 348.588,'y' => 243.556 ]
['x' => 348.651,'y' => 243.639 ]
['x' => 348.669,'y' => 243.733 ]
['x' => 348.648,'y' => 243.813 ]
['x' => 348.534,'y' => 243.948 ]
['x' => 348.452,'y' => 244.016 ]
['x' => 348.516,'y' => 244.100 ]
['x' => 348.543,'y' => 244.136 ]
['x' => 348.586,'y' => 244.151 ]
['x' => 348.634,'y' => 244.209 ]
['x' => 348.624,'y' => 244.278 ]
['x' => 348.649,'y' => 244.323 ]
['x' => 348.734,'y' => 244.407 ]
['x' => 348.937,'y' => 244.490 ]
['x' => 349.153,'y' => 244.565 ]
['x' => 349.263,'y' => 244.595 ]
['x' => 349.373,'y' => 244.631 ]
['x' => 349.464,'y' => 244.656 ]
['x' => 349.658,'y' => 244.722 ]
['x' => 349.765,'y' => 244.758 ]
['x' => 349.898,'y' => 244.795 ]
['x' => 350.017,'y' => 244.895 ]
['x' => 350.110,'y' => 244.970 ]
['x' => 350.160,'y' => 245.070 ]
['x' => 350.262,'y' => 245.172 ]
['x' => 350.284,'y' => 245.223 ]
['x' => 350.277,'y' => 245.345 ]
['x' => 350.295,'y' => 245.463 ]
['x' => 350.327,'y' => 245.536 ]
['x' => 350.323,'y' => 245.590 ]
['x' => 350.295,'y' => 245.622 ]
['x' => 350.195,'y' => 245.670 ]
['x' => 350.140,'y' => 245.773 ]
['x' => 349.957,'y' => 245.993 ]
['x' => 349.887,'y' => 246.019 ]
['x' => 349.758,'y' => 246.013 ]
['x' => 349.644,'y' => 245.964 ]
['x' => 349.580,'y' => 245.891 ]
['x' => 349.562,'y' => 245.806 ]
['x' => 349.523,'y' => 245.655 ]
['x' => 349.445,'y' => 245.581 ]
['x' => 349.275,'y' => 245.545 ]
['x' => 349.158,'y' => 245.526 ]
['x' => 349.000,'y' => 245.468 ]
['x' => 348.939,'y' => 245.449 ]
['x' => 348.834,'y' => 245.418 ]
['x' => 348.674,'y' => 245.325 ]
['x' => 348.627,'y' => 245.303 ]
['x' => 348.531,'y' => 245.263 ]
['x' => 348.485,'y' => 245.247 ]
['x' => 348.429,'y' => 245.222 ]
['x' => 348.207,'y' => 245.120 ]
['x' => 347.918,'y' => 244.968 ]
['x' => 347.737,'y' => 244.916 ]
['x' => 347.706,'y' => 244.924 ]
['x' => 347.632,'y' => 244.919 ]
['x' => 347.572,'y' => 244.922 ]
['x' => 347.441,'y' => 244.907 ]
['x' => 347.230,'y' => 244.887 ]
['x' => 347.059,'y' => 244.847 ]
['x' => 346.798,'y' => 244.854 ]
['x' => 346.726,'y' => 244.826 ]
['x' => 346.572,'y' => 244.804 ]
['x' => 346.490,'y' => 244.784 ]
['x' => 346.357,'y' => 244.764 ]
['x' => 346.325,'y' => 244.760 ]
['x' => 346.221,'y' => 244.778 ]
['x' => 346.190,'y' => 244.823 ]
['x' => 346.198,'y' => 244.853 ]
['x' => 346.196,'y' => 244.995 ]
['x' => 346.209,'y' => 245.092 ]
['x' => 346.185,'y' => 245.189 ]
['x' => 346.086,'y' => 245.259 ]
['x' => 346.038,'y' => 245.308 ]
['x' => 346.003,'y' => 245.383 ]
['x' => 345.972,'y' => 245.423 ]
['x' => 345.941,'y' => 245.478 ]
['x' => 345.873,'y' => 245.528 ]
['x' => 345.823,'y' => 245.525 ]
['x' => 345.763,'y' => 245.514 ]
['x' => 345.729,'y' => 245.487 ]
['x' => 345.691,'y' => 245.405 ]
['x' => 345.677,'y' => 245.333 ]
['x' => 345.635,'y' => 245.281 ]
['x' => 345.612,'y' => 245.131 ]
['x' => 345.547,'y' => 245.015 ]
['x' => 345.474,'y' => 244.980 ]
['x' => 345.417,'y' => 244.877 ]
['x' => 345.352,'y' => 244.795 ]
['x' => 345.294,'y' => 244.770 ]
['x' => 345.251,'y' => 244.759 ]
['x' => 345.200,'y' => 244.784 ]
['x' => 345.187,'y' => 244.835 ]
['x' => 345.110,'y' => 244.899 ]
['x' => 345.110,'y' => 244.950 ]
['x' => 345.098,'y' => 244.988 ]
['x' => 345.072,'y' => 245.014 ]
['x' => 345.059,'y' => 245.065 ]
['x' => 345.034,'y' => 245.129 ]
['x' => 345.021,'y' => 245.180 ]
['x' => 344.996,'y' => 245.205 ]
['x' => 344.996,'y' => 245.346 ]
['x' => 345.005,'y' => 245.478 ]
['x' => 345.037,'y' => 245.486 ]
['x' => 345.063,'y' => 245.534 ]
['x' => 345.164,'y' => 245.664 ]
['x' => 345.126,'y' => 245.771 ]
['x' => 345.089,'y' => 245.947 ]
['x' => 345.063,'y' => 246.055 ]
['x' => 345.091,'y' => 246.185 ]
['x' => 345.110,'y' => 246.250 ]
['x' => 345.203,'y' => 246.369 ]
['x' => 345.270,'y' => 246.409 ]
['x' => 345.350,'y' => 246.443 ]
['x' => 345.450,'y' => 246.509 ]
['x' => 345.507,'y' => 246.604 ]
['x' => 345.549,'y' => 246.689 ]
['x' => 345.562,'y' => 246.753 ]
['x' => 345.565,'y' => 246.918 ]
['x' => 345.549,'y' => 246.946 ]
['x' => 345.524,'y' => 246.979 ]
['x' => 345.498,'y' => 247.017 ]
['x' => 345.495,'y' => 247.058 ]
['x' => 345.497,'y' => 247.292 ]
['x' => 345.483,'y' => 247.388 ]
['x' => 345.474,'y' => 247.461 ]
['x' => 345.435,'y' => 247.524 ]
['x' => 345.328,'y' => 247.609 ]
['x' => 345.251,'y' => 247.692 ]
['x' => 345.179,'y' => 247.750 ]
['x' => 345.136,'y' => 247.761 ]
['x' => 345.034,'y' => 247.736 ]
['x' => 344.978,'y' => 247.702 ]
['x' => 344.950,'y' => 247.652 ]
['x' => 344.890,'y' => 247.522 ]
['x' => 344.812,'y' => 247.434 ]
['x' => 344.784,'y' => 247.459 ]
['x' => 344.771,'y' => 247.503 ]
['x' => 344.722,'y' => 247.603 ]
['x' => 344.694,'y' => 247.633 ]
['x' => 344.624,'y' => 247.657 ]
['x' => 344.586,'y' => 247.646 ]
['x' => 344.535,'y' => 247.583 ]
['x' => 344.495,'y' => 247.479 ]
['x' => 344.472,'y' => 247.269 ]
['x' => 344.445,'y' => 247.145 ]
['x' => 344.362,'y' => 246.954 ]
['x' => 344.285,'y' => 246.726 ]
['x' => 344.265,'y' => 246.605 ]
['x' => 344.248,'y' => 246.497 ]
['x' => 344.212,'y' => 246.387 ]
['x' => 344.193,'y' => 246.291 ]
['x' => 344.138,'y' => 246.227 ]
['x' => 344.125,'y' => 246.261 ]
['x' => 344.087,'y' => 246.279 ]
['x' => 344.018,'y' => 246.277 ]
['x' => 343.976,'y' => 246.275 ]
['x' => 343.938,'y' => 246.265 ]
['x' => 343.863,'y' => 246.202 ]
['x' => 343.837,'y' => 246.177 ]
['x' => 343.830,'y' => 246.120 ]
['x' => 343.870,'y' => 246.035 ]
['x' => 343.851,'y' => 245.963 ]
['x' => 343.817,'y' => 245.911 ]
['x' => 343.745,'y' => 245.856 ]
['x' => 343.758,'y' => 245.946 ]
['x' => 343.694,'y' => 245.984 ]
['x' => 343.668,'y' => 246.061 ]
['x' => 343.655,'y' => 246.112 ]
['x' => 343.655,'y' => 246.239 ]
['x' => 343.668,'y' => 246.278 ]
['x' => 343.681,'y' => 246.405 ]
['x' => 343.668,'y' => 246.546 ]
['x' => 343.681,'y' => 246.622 ]
['x' => 343.681,'y' => 246.826 ]
['x' => 343.706,'y' => 246.865 ]
['x' => 343.681,'y' => 246.890 ]
['x' => 343.668,'y' => 247.018 ]
['x' => 343.630,'y' => 247.056 ]
['x' => 343.630,'y' => 247.120 ]
['x' => 343.706,'y' => 247.222 ]
['x' => 343.706,'y' => 247.311 ]
['x' => 343.694,'y' => 247.426 ]
['x' => 343.668,'y' => 247.452 ]
['x' => 343.668,'y' => 247.490 ]
['x' => 343.643,'y' => 247.516 ]
['x' => 343.643,'y' => 247.580 ]
['x' => 343.655,'y' => 247.631 ]
['x' => 343.710,'y' => 247.656 ]
['x' => 343.763,'y' => 247.684 ]
['x' => 343.821,'y' => 247.734 ]
['x' => 343.871,'y' => 247.750 ]
['x' => 343.935,'y' => 247.739 ]
['x' => 343.975,'y' => 247.719 ]
['x' => 344.025,'y' => 247.698 ]
['x' => 344.078,'y' => 247.691 ]
['x' => 344.167,'y' => 247.699 ]
['x' => 344.216,'y' => 247.716 ]
['x' => 344.247,'y' => 247.719 ]
['x' => 344.311,'y' => 247.693 ]
['x' => 344.352,'y' => 247.694 ]
['x' => 344.406,'y' => 247.699 ]
['x' => 344.430,'y' => 247.726 ]
['x' => 344.462,'y' => 247.744 ]
['x' => 344.523,'y' => 247.810 ]
['x' => 344.545,'y' => 247.870 ]
['x' => 344.544,'y' => 247.962 ]
['x' => 344.526,'y' => 248.018 ]
['x' => 344.498,'y' => 248.098 ]
['x' => 344.492,'y' => 248.162 ]
['x' => 344.492,'y' => 248.240 ]
['x' => 344.470,'y' => 248.311 ]
['x' => 344.420,'y' => 248.354 ]
['x' => 344.361,'y' => 248.332 ]
['x' => 344.310,'y' => 248.309 ]
['x' => 344.262,'y' => 248.301 ]
['x' => 344.192,'y' => 248.310 ]
['x' => 344.163,'y' => 248.346 ]
['x' => 344.143,'y' => 248.405 ]
['x' => 344.095,'y' => 248.425 ]
['x' => 344.052,'y' => 248.427 ]
['x' => 343.989,'y' => 248.479 ]
['x' => 343.944,'y' => 248.466 ]
['x' => 343.857,'y' => 248.418 ]
['x' => 343.784,'y' => 248.459 ]
['x' => 343.751,'y' => 248.491 ]
['x' => 343.697,'y' => 248.504 ]
['x' => 343.628,'y' => 248.553 ]
['x' => 343.594,'y' => 248.558 ]
['x' => 343.541,'y' => 248.570 ]
['x' => 343.484,'y' => 248.535 ]
['x' => 343.459,'y' => 248.516 ]
['x' => 343.400,'y' => 248.473 ]
['x' => 343.362,'y' => 248.537 ]
['x' => 343.260,'y' => 248.626 ]
['x' => 343.234,'y' => 248.664 ]
['x' => 343.145,'y' => 248.779 ]
['x' => 343.119,'y' => 248.805 ]
['x' => 343.107,'y' => 248.843 ]
['x' => 343.043,'y' => 248.869 ]
['x' => 343.017,'y' => 248.920 ]
['x' => 342.992,'y' => 248.945 ]
['x' => 343.004,'y' => 249.086 ]
['x' => 343.081,'y' => 249.226 ]
['x' => 343.094,'y' => 249.494 ]
['x' => 343.132,'y' => 249.634 ]
['x' => 343.167,'y' => 249.709 ]
['x' => 343.224,'y' => 249.743 ]
['x' => 343.289,'y' => 249.710 ]
['x' => 343.363,'y' => 249.726 ]
['x' => 343.437,'y' => 249.766 ]
['x' => 343.466,'y' => 249.807 ]
['x' => 343.484,'y' => 249.842 ]
['x' => 343.547,'y' => 249.878 ]
['x' => 343.585,'y' => 249.922 ]
['x' => 343.593,'y' => 249.967 ]
['x' => 343.628,'y' => 249.980 ]
['x' => 343.667,'y' => 250.018 ]
['x' => 343.639,'y' => 250.051 ]
['x' => 343.655,'y' => 250.082 ]
['x' => 343.689,'y' => 250.102 ]
['x' => 343.727,'y' => 250.105 ]
['x' => 343.753,'y' => 250.140 ]
['x' => 343.767,'y' => 250.172 ]
['x' => 343.738,'y' => 250.228 ]
['x' => 343.679,'y' => 250.288 ]
['x' => 343.654,'y' => 250.366 ]
['x' => 343.562,'y' => 250.468 ]
['x' => 343.525,'y' => 250.449 ]
['x' => 343.494,'y' => 250.489 ]
['x' => 343.468,'y' => 250.508 ]
['x' => 343.439,'y' => 250.486 ]
['x' => 343.368,'y' => 250.409 ]
['x' => 343.280,'y' => 250.381 ]
['x' => 343.261,'y' => 250.413 ]
['x' => 343.260,'y' => 250.477 ]
['x' => 343.234,'y' => 250.515 ]
['x' => 343.221,'y' => 250.554 ]
['x' => 343.183,'y' => 250.592 ]
['x' => 343.004,'y' => 250.617 ]
['x' => 342.992,'y' => 250.668 ]
['x' => 342.966,'y' => 250.694 ]
['x' => 342.966,'y' => 250.834 ]
['x' => 342.941,'y' => 250.860 ]
['x' => 342.928,'y' => 250.898 ]
['x' => 342.953,'y' => 250.962 ]
['x' => 342.941,'y' => 251.000 ]
['x' => 342.928,'y' => 251.128 ]
['x' => 342.915,'y' => 251.179 ]
['x' => 342.826,'y' => 251.256 ]
['x' => 342.813,'y' => 251.307 ]
['x' => 342.787,'y' => 251.332 ]
['x' => 342.775,'y' => 251.383 ]
['x' => 342.749,'y' => 251.409 ]
['x' => 342.736,'y' => 251.460 ]
['x' => 342.711,'y' => 251.485 ]
['x' => 342.698,'y' => 251.524 ]
['x' => 342.685,'y' => 251.587 ]
['x' => 342.673,'y' => 251.626 ]
['x' => 342.673,'y' => 251.677 ]
['x' => 342.621,'y' => 251.728 ]
['x' => 342.609,'y' => 251.766 ]
['x' => 342.609,'y' => 251.817 ]
['x' => 342.724,'y' => 251.932 ]
['x' => 342.787,'y' => 251.932 ]
['x' => 342.813,'y' => 251.983 ]
['x' => 342.966,'y' => 252.034 ]
['x' => 343.234,'y' => 252.009 ]
['x' => 343.375,'y' => 251.958 ]
['x' => 343.438,'y' => 251.881 ]
['x' => 343.528,'y' => 251.868 ]
['x' => 343.579,'y' => 251.830 ]
['x' => 343.630,'y' => 251.843 ]
['x' => 343.664,'y' => 251.847 ]
['x' => 343.678,'y' => 251.871 ]
['x' => 343.693,'y' => 251.904 ]
['x' => 343.681,'y' => 251.932 ]
['x' => 343.757,'y' => 251.881 ]
['x' => 343.758,'y' => 251.945 ]
['x' => 343.732,'y' => 251.996 ]
['x' => 343.706,'y' => 252.034 ]
['x' => 343.630,'y' => 252.085 ]
['x' => 343.592,'y' => 252.136 ]
['x' => 343.502,'y' => 252.175 ]
['x' => 343.477,'y' => 252.213 ]
['x' => 343.477,'y' => 252.264 ]
['x' => 343.540,'y' => 252.238 ]
['x' => 343.579,'y' => 252.315 ]
['x' => 343.643,'y' => 252.341 ]
['x' => 343.655,'y' => 252.404 ]
['x' => 343.579,'y' => 252.481 ]
['x' => 343.387,'y' => 252.468 ]
['x' => 343.209,'y' => 252.519 ]
['x' => 343.170,'y' => 252.570 ]
['x' => 343.158,'y' => 252.647 ]
['x' => 342.942,'y' => 252.674 ]
['x' => 343.091,'y' => 252.721 ]
['x' => 343.186,'y' => 252.759 ]
['x' => 343.250,'y' => 252.793 ]
['x' => 343.305,'y' => 252.814 ]
['x' => 343.337,'y' => 252.830 ]
['x' => 343.379,'y' => 252.851 ]
['x' => 343.423,'y' => 252.844 ]
['x' => 343.469,'y' => 252.825 ]
['x' => 343.537,'y' => 252.842 ]
['x' => 343.563,'y' => 252.872 ]
['x' => 343.590,'y' => 252.927 ]
['x' => 343.657,'y' => 252.938 ]
['x' => 343.721,'y' => 252.945 ]
['x' => 343.763,'y' => 252.982 ]
['x' => 343.793,'y' => 253.014 ]
['x' => 343.818,'y' => 253.046 ]
['x' => 343.829,'y' => 253.226 ]
['x' => 343.873,'y' => 253.329 ]
['x' => 343.891,'y' => 253.419 ]
['x' => 343.905,'y' => 253.458 ]
['x' => 343.905,'y' => 253.534 ]
['x' => 343.894,'y' => 253.575 ]
['x' => 343.878,'y' => 253.609 ]
['x' => 343.852,'y' => 253.635 ]
['x' => 343.781,'y' => 253.612 ]
['x' => 343.724,'y' => 253.582 ]
['x' => 343.664,'y' => 253.607 ]
['x' => 343.629,'y' => 253.632 ]
['x' => 343.597,'y' => 253.759 ]
['x' => 343.554,'y' => 253.901 ]
['x' => 343.528,'y' => 253.973 ]
['x' => 343.512,'y' => 254.051 ]
['x' => 343.459,'y' => 254.108 ]
['x' => 343.404,'y' => 254.067 ]
['x' => 343.356,'y' => 254.053 ]
['x' => 343.282,'y' => 254.090 ]
['x' => 343.223,'y' => 254.081 ]
['x' => 343.177,'y' => 254.053 ]
['x' => 343.126,'y' => 254.111 ]
['x' => 343.085,'y' => 254.150 ]
['x' => 343.046,'y' => 254.168 ]
['x' => 343.002,'y' => 254.226 ]
['x' => 342.942,'y' => 254.239 ]
['x' => 342.933,'y' => 254.180 ]
['x' => 342.972,'y' => 254.078 ]
['x' => 342.970,'y' => 254.039 ]
['x' => 342.887,'y' => 253.959 ]
['x' => 342.871,'y' => 253.853 ]
['x' => 342.846,'y' => 253.763 ]
['x' => 342.852,'y' => 253.704 ]
['x' => 342.836,'y' => 253.628 ]
['x' => 342.800,'y' => 253.534 ]
['x' => 342.765,'y' => 253.490 ]
['x' => 342.726,'y' => 253.439 ]
['x' => 342.687,'y' => 253.412 ]
['x' => 342.613,'y' => 253.377 ]
['x' => 342.626,'y' => 253.454 ]
['x' => 342.563,'y' => 253.517 ]
['x' => 342.460,'y' => 253.556 ]
['x' => 342.292,'y' => 253.530 ]
['x' => 342.223,'y' => 253.581 ]
['x' => 342.180,'y' => 253.556 ]
['x' => 342.126,'y' => 253.556 ]
['x' => 342.052,'y' => 253.527 ]
['x' => 342.085,'y' => 253.451 ]
['x' => 341.996,'y' => 253.438 ]
['x' => 341.932,'y' => 253.502 ]
['x' => 341.919,'y' => 253.566 ]
['x' => 341.907,'y' => 253.604 ]
['x' => 341.907,'y' => 253.655 ]
['x' => 341.881,'y' => 253.693 ]
['x' => 341.868,'y' => 253.757 ]
['x' => 341.843,'y' => 253.783 ]
['x' => 341.830,'y' => 253.847 ]
['x' => 341.805,'y' => 253.872 ]
['x' => 341.779,'y' => 253.923 ]
['x' => 341.779,'y' => 253.969 ]
['x' => 341.789,'y' => 254.051 ]
['x' => 341.789,'y' => 254.089 ]
['x' => 341.828,'y' => 254.153 ]
['x' => 341.820,'y' => 254.240 ]
['x' => 341.833,'y' => 254.278 ]
['x' => 341.843,'y' => 254.370 ]
['x' => 341.805,'y' => 254.370 ]
['x' => 341.805,'y' => 254.408 ]
['x' => 341.779,'y' => 254.434 ]
['x' => 341.805,'y' => 254.485 ]
['x' => 341.805,'y' => 254.587 ]
['x' => 341.766,'y' => 254.638 ]
['x' => 341.741,'y' => 254.676 ]
['x' => 341.715,'y' => 254.727 ]
['x' => 341.715,'y' => 254.855 ]
['x' => 341.690,'y' => 254.906 ]
['x' => 341.639,'y' => 254.932 ]
['x' => 341.549,'y' => 254.980 ]
['x' => 341.564,'y' => 255.013 ]
['x' => 341.445,'y' => 255.118 ]
['x' => 341.317,'y' => 255.161 ]
['x' => 341.271,'y' => 255.197 ]
['x' => 341.217,'y' => 255.212 ]
['x' => 341.205,'y' => 255.263 ]
['x' => 341.115,'y' => 255.340 ]
['x' => 341.077,'y' => 255.404 ]
['x' => 341.051,'y' => 255.442 ]
['x' => 341.039,'y' => 255.493 ]
['x' => 341.013,'y' => 255.519 ]
['x' => 341.034,'y' => 255.554 ]
['x' => 340.995,'y' => 255.606 ]
['x' => 340.995,'y' => 255.746 ]
['x' => 340.970,'y' => 255.772 ]
['x' => 340.957,'y' => 255.848 ]
['x' => 340.944,'y' => 255.886 ]
['x' => 340.970,'y' => 255.963 ]
['x' => 340.957,'y' => 256.001 ]
['x' => 340.982,'y' => 256.078 ]
['x' => 341.008,'y' => 256.218 ]
['x' => 341.039,'y' => 256.310 ]
['x' => 341.069,'y' => 256.366 ]
['x' => 341.057,'y' => 256.469 ]
['x' => 341.069,'y' => 256.532 ]
['x' => 341.069,'y' => 256.596 ]
['x' => 341.090,'y' => 256.680 ]
['x' => 341.090,'y' => 256.770 ]
['x' => 341.059,'y' => 256.747 ]
['x' => 340.965,'y' => 256.708 ]
['x' => 340.978,'y' => 256.809 ]
['x' => 340.924,'y' => 256.795 ]
['x' => 340.886,'y' => 256.767 ]
['x' => 340.855,'y' => 256.716 ]
['x' => 340.809,'y' => 256.690 ]
['x' => 340.730,'y' => 256.698 ]
['x' => 340.707,'y' => 256.719 ]
['x' => 340.681,'y' => 256.770 ]
['x' => 340.656,'y' => 256.808 ]
['x' => 340.579,'y' => 256.872 ]
['x' => 340.528,'y' => 256.961 ]
['x' => 340.554,'y' => 257.012 ]
['x' => 340.566,'y' => 257.140 ]
['x' => 340.656,'y' => 257.140 ]
['x' => 340.656,'y' => 257.216 ]
['x' => 340.758,'y' => 257.204 ]
['x' => 340.771,'y' => 257.267 ]
['x' => 340.796,'y' => 257.293 ]
['x' => 340.886,'y' => 257.280 ]
['x' => 340.898,'y' => 257.344 ]
['x' => 340.995,'y' => 257.313 ]
['x' => 341.069,'y' => 257.390 ]
['x' => 341.103,'y' => 257.472 ]
['x' => 341.103,'y' => 257.510 ]
['x' => 340.847,'y' => 257.727 ]
['x' => 340.860,'y' => 257.842 ]
['x' => 340.758,'y' => 257.855 ]
['x' => 340.732,'y' => 257.880 ]
['x' => 340.720,'y' => 257.918 ]
['x' => 340.681,'y' => 257.957 ]
['x' => 340.656,'y' => 257.982 ]
['x' => 340.605,'y' => 258.008 ]
['x' => 340.388,'y' => 258.020 ]
['x' => 340.286,'y' => 258.072 ]
['x' => 340.171,'y' => 258.186 ]
['x' => 340.171,'y' => 258.263 ]
['x' => 340.030,'y' => 258.352 ]
['x' => 340.018,'y' => 258.391 ]
['x' => 340.018,'y' => 258.442 ]
['x' => 339.928,'y' => 258.454 ]
['x' => 339.864,'y' => 258.518 ]
['x' => 339.808,'y' => 258.523 ]
['x' => 339.744,'y' => 258.539 ]
['x' => 339.796,'y' => 258.614 ]
['x' => 339.826,'y' => 258.659 ]
['x' => 339.916,'y' => 258.710 ]
['x' => 339.916,'y' => 258.761 ]
['x' => 339.890,'y' => 258.786 ]
['x' => 339.877,'y' => 258.825 ]
['x' => 339.826,'y' => 258.850 ]
['x' => 339.826,'y' => 258.914 ]
['x' => 339.699,'y' => 258.991 ]
['x' => 339.686,'y' => 259.131 ]
['x' => 339.673,'y' => 259.208 ]
['x' => 339.647,'y' => 259.233 ]
['x' => 339.647,'y' => 259.271 ]
['x' => 339.732,'y' => 259.271 ]
['x' => 339.747,'y' => 259.317 ]
['x' => 339.686,'y' => 259.350 ]
['x' => 339.650,'y' => 259.399 ]
['x' => 339.656,'y' => 259.466 ]
['x' => 339.686,'y' => 259.514 ]
['x' => 339.673,'y' => 259.642 ]
['x' => 339.660,'y' => 259.705 ]
['x' => 339.647,'y' => 259.744 ]
['x' => 339.647,'y' => 259.871 ]
['x' => 339.673,'y' => 259.910 ]
['x' => 339.673,'y' => 259.961 ]
['x' => 339.762,'y' => 259.973 ]
['x' => 339.813,'y' => 259.922 ]
['x' => 339.862,'y' => 259.910 ]
['x' => 339.926,'y' => 259.815 ]
['x' => 339.967,'y' => 259.838 ]
['x' => 340.018,'y' => 259.859 ]
['x' => 340.064,'y' => 259.869 ]
['x' => 340.145,'y' => 259.833 ]
['x' => 340.367,'y' => 259.779 ]
['x' => 340.393,'y' => 259.859 ]
['x' => 340.413,'y' => 259.933 ]
['x' => 340.350,'y' => 259.958 ]
['x' => 340.362,'y' => 260.042 ]
['x' => 340.429,'y' => 260.099 ]
['x' => 340.378,'y' => 260.173 ]
['x' => 340.349,'y' => 260.254 ]
['x' => 340.380,'y' => 260.290 ]
['x' => 340.413,'y' => 260.298 ]
['x' => 340.477,'y' => 260.293 ]
['x' => 340.490,'y' => 260.331 ]
['x' => 340.490,'y' => 260.458 ]
['x' => 340.464,'y' => 260.484 ]
['x' => 340.452,'y' => 260.535 ]
['x' => 340.449,'y' => 260.586 ]
['x' => 340.421,'y' => 260.660 ]
['x' => 340.477,'y' => 260.714 ]
['x' => 340.490,'y' => 260.790 ]
['x' => 340.375,'y' => 260.727 ]
['x' => 340.324,'y' => 260.778 ]
['x' => 340.247,'y' => 260.790 ]
['x' => 340.184,'y' => 260.841 ]
['x' => 340.189,'y' => 260.880 ]
['x' => 340.189,'y' => 260.982 ]
['x' => 340.209,'y' => 261.071 ]
['x' => 340.477,'y' => 261.224 ]
['x' => 340.541,'y' => 261.326 ]
['x' => 340.732,'y' => 261.454 ]
['x' => 340.771,'y' => 261.543 ]
['x' => 340.452,'y' => 261.416 ]
['x' => 340.375,'y' => 261.416 ]
['x' => 340.273,'y' => 261.314 ]
['x' => 340.122,'y' => 261.265 ]
['x' => 340.122,'y' => 261.342 ]
['x' => 340.046,'y' => 261.367 ]
['x' => 340.071,'y' => 261.508 ]
['x' => 340.178,'y' => 261.536 ]
['x' => 340.130,'y' => 261.609 ]
['x' => 340.213,'y' => 261.669 ]
['x' => 340.337,'y' => 261.684 ]
['x' => 340.406,'y' => 261.725 ]
['x' => 340.503,'y' => 261.781 ]
['x' => 340.500,'y' => 261.903 ]
['x' => 340.462,'y' => 261.934 ]
['x' => 340.434,'y' => 261.962 ]
['x' => 340.311,'y' => 261.891 ]
['x' => 340.247,'y' => 261.952 ]
['x' => 340.273,'y' => 262.118 ]
['x' => 340.171,'y' => 262.131 ]
['x' => 340.132,'y' => 262.118 ]
['x' => 340.120,'y' => 262.041 ]
['x' => 339.995,'y' => 261.857 ]
['x' => 339.910,'y' => 261.829 ]
['x' => 339.762,'y' => 261.748 ]
['x' => 339.673,'y' => 261.748 ]
['x' => 339.622,'y' => 261.811 ]
['x' => 339.653,'y' => 261.901 ]
['x' => 339.676,'y' => 261.959 ]
['x' => 339.545,'y' => 262.028 ]
['x' => 339.507,'y' => 262.003 ]
['x' => 339.481,'y' => 261.914 ]
['x' => 339.392,'y' => 261.901 ]
['x' => 339.392,'y' => 261.837 ]
['x' => 339.354,'y' => 261.799 ]
['x' => 339.354,'y' => 261.760 ]
['x' => 339.226,'y' => 261.684 ]
['x' => 339.150,'y' => 261.722 ]
['x' => 339.073,'y' => 261.799 ]
['x' => 339.060,'y' => 261.901 ]
['x' => 339.009,'y' => 261.875 ]
['x' => 339.009,'y' => 261.811 ]
['x' => 338.933,'y' => 261.684 ]
['x' => 338.754,'y' => 261.620 ]
['x' => 338.677,'y' => 261.620 ]
['x' => 338.614,'y' => 261.684 ]
['x' => 338.486,'y' => 261.709 ]
['x' => 338.435,'y' => 261.773 ]
['x' => 338.346,'y' => 261.873 ]
['x' => 338.348,'y' => 261.939 ]
['x' => 338.386,'y' => 261.975 ]
['x' => 338.384,'y' => 262.041 ]
['x' => 338.384,'y' => 262.143 ]
['x' => 338.346,'y' => 262.182 ]
['x' => 338.371,'y' => 262.258 ]
['x' => 338.282,'y' => 262.335 ]
['x' => 338.243,'y' => 262.373 ]
['x' => 338.231,'y' => 262.424 ]
['x' => 338.192,'y' => 262.424 ]
['x' => 338.154,'y' => 262.462 ]
['x' => 338.100,'y' => 262.442 ]
['x' => 338.093,'y' => 262.506 ]
['x' => 338.075,'y' => 262.547 ]
['x' => 338.042,'y' => 262.595 ]
['x' => 337.988,'y' => 262.654 ]
['x' => 337.950,'y' => 262.730 ]
['x' => 337.899,'y' => 262.782 ]
['x' => 337.873,'y' => 262.807 ]
['x' => 337.860,'y' => 262.845 ]
['x' => 337.689,'y' => 262.950 ]
['x' => 337.503,'y' => 263.011 ]
['x' => 337.439,'y' => 263.062 ]
['x' => 337.401,'y' => 263.113 ]
['x' => 337.375,'y' => 263.152 ]
['x' => 337.363,'y' => 263.190 ]
['x' => 337.363,'y' => 263.228 ]
['x' => 337.337,'y' => 263.254 ]
['x' => 337.337,'y' => 263.356 ]
['x' => 337.312,'y' => 263.407 ]
['x' => 337.273,'y' => 263.458 ]
['x' => 337.222,'y' => 263.535 ]
['x' => 337.171,'y' => 263.598 ]
['x' => 337.146,'y' => 263.637 ]
['x' => 337.044,'y' => 263.675 ]
['x' => 337.031,'y' => 263.713 ]
['x' => 336.954,'y' => 263.777 ]
['x' => 336.941,'y' => 263.815 ]
['x' => 336.929,'y' => 263.879 ]
['x' => 336.903,'y' => 263.930 ]
['x' => 336.878,'y' => 263.969 ]
['x' => 336.852,'y' => 264.007 ]
['x' => 336.814,'y' => 264.045 ]
['x' => 336.814,'y' => 264.160 ]
['x' => 336.763,'y' => 264.198 ]
['x' => 336.750,'y' => 264.249 ]
['x' => 336.686,'y' => 264.288 ]
['x' => 336.673,'y' => 264.339 ]
['x' => 336.635,'y' => 264.377 ]
['x' => 336.610,'y' => 264.415 ]
['x' => 336.584,'y' => 264.441 ]
['x' => 336.571,'y' => 264.492 ]
['x' => 336.571,'y' => 264.620 ]
['x' => 336.520,'y' => 264.671 ]
['x' => 336.456,'y' => 264.709 ]
['x' => 336.482,'y' => 264.773 ]
['x' => 336.482,'y' => 264.811 ]
['x' => 336.405,'y' => 264.862 ]
['x' => 336.405,'y' => 264.939 ]
['x' => 336.444,'y' => 265.066 ]
['x' => 336.418,'y' => 265.092 ]
['x' => 336.367,'y' => 265.156 ]
['x' => 336.189,'y' => 265.097 ]
['x' => 336.214,'y' => 265.200 ]
['x' => 336.214,'y' => 265.270 ]
['x' => 336.110,'y' => 265.264 ]
['x' => 335.984,'y' => 265.207 ]
['x' => 335.844,'y' => 265.232 ]
['x' => 335.805,'y' => 265.283 ]
['x' => 335.805,'y' => 265.334 ]
['x' => 335.831,'y' => 265.360 ]
['x' => 335.831,'y' => 265.424 ]
['x' => 335.805,'y' => 265.462 ]
['x' => 335.767,'y' => 265.487 ]
['x' => 335.721,'y' => 265.480 ]
['x' => 335.698,'y' => 265.510 ]
['x' => 335.650,'y' => 265.532 ]
['x' => 335.617,'y' => 265.543 ]
['x' => 335.525,'y' => 265.513 ]
['x' => 335.550,'y' => 265.602 ]
['x' => 335.614,'y' => 265.692 ]
['x' => 335.614,'y' => 265.743 ]
['x' => 335.652,'y' => 265.794 ]
['x' => 335.640,'y' => 265.858 ]
['x' => 335.503,'y' => 265.936 ]
['x' => 335.299,'y' => 266.095 ]
['x' => 335.295,'y' => 266.177 ]
['x' => 335.282,'y' => 266.228 ]
['x' => 335.269,'y' => 266.279 ]
['x' => 335.244,'y' => 266.304 ]
['x' => 335.244,'y' => 266.419 ]
['x' => 335.346,'y' => 266.560 ]
['x' => 335.384,'y' => 266.649 ]
['x' => 335.384,'y' => 266.700 ]
['x' => 335.448,'y' => 266.789 ]
['x' => 335.499,'y' => 266.802 ]
['x' => 335.559,'y' => 266.849 ]
['x' => 335.716,'y' => 266.882 ]
['x' => 335.788,'y' => 266.962 ]
['x' => 335.807,'y' => 267.021 ]
['x' => 335.882,'y' => 267.134 ]
['x' => 335.882,'y' => 267.172 ]
['x' => 335.831,'y' => 267.211 ]
['x' => 335.857,'y' => 267.275 ]
['x' => 335.807,'y' => 267.280 ]
['x' => 335.665,'y' => 267.262 ]
['x' => 335.530,'y' => 267.298 ]
['x' => 335.371,'y' => 267.415 ]
['x' => 335.293,'y' => 267.455 ]
['x' => 335.257,'y' => 267.555 ]
['x' => 335.193,'y' => 267.606 ]
['x' => 335.193,'y' => 267.645 ]
['x' => 335.189,'y' => 267.692 ]
['x' => 335.184,'y' => 267.761 ]
['x' => 335.187,'y' => 267.821 ]
['x' => 335.190,'y' => 267.871 ]
['x' => 335.202,'y' => 267.943 ]
['x' => 335.295,'y' => 268.080 ]
['x' => 335.525,'y' => 268.200 ]
['x' => 335.550,'y' => 268.283 ]
['x' => 335.678,'y' => 268.321 ]
['x' => 335.691,'y' => 268.385 ]
['x' => 335.588,'y' => 268.462 ]
['x' => 335.537,'y' => 268.538 ]
['x' => 335.499,'y' => 268.589 ]
['x' => 335.461,'y' => 268.640 ]
['x' => 335.448,'y' => 268.678 ]
['x' => 335.474,'y' => 268.755 ]
['x' => 335.474,'y' => 268.806 ]
['x' => 335.435,'y' => 268.832 ]
['x' => 335.423,'y' => 268.870 ]
['x' => 335.392,'y' => 268.843 ]
['x' => 335.360,'y' => 268.805 ]
['x' => 335.164,'y' => 268.687 ]
['x' => 334.839,'y' => 268.524 ]
['x' => 334.573,'y' => 268.334 ]
['x' => 334.478,'y' => 268.155 ]
['x' => 334.389,'y' => 268.082 ]
['x' => 334.301,'y' => 267.882 ]
['x' => 333.993,'y' => 267.696 ]
['x' => 333.936,'y' => 267.646 ]
['x' => 333.862,'y' => 267.639 ]
['x' => 333.738,'y' => 267.695 ]
['x' => 333.583,'y' => 267.825 ]
['x' => 333.512,'y' => 267.893 ]
['x' => 333.482,'y' => 267.938 ]
['x' => 333.431,'y' => 268.040 ]
['x' => 333.380,'y' => 268.091 ]
['x' => 333.368,'y' => 268.142 ]
['x' => 333.176,'y' => 268.321 ]
['x' => 333.163,'y' => 268.372 ]
['x' => 333.138,'y' => 268.423 ]
['x' => 333.112,'y' => 268.449 ]
['x' => 333.048,'y' => 268.589 ]
['x' => 333.036,'y' => 268.627 ]
['x' => 333.010,'y' => 268.679 ]
['x' => 332.997,'y' => 268.717 ]
['x' => 332.997,'y' => 268.819 ]
['x' => 332.972,'y' => 268.844 ]
['x' => 332.959,'y' => 268.896 ]
['x' => 332.946,'y' => 268.947 ]
['x' => 332.921,'y' => 268.972 ]
['x' => 332.895,'y' => 269.010 ]
['x' => 332.870,'y' => 269.061 ]
['x' => 332.857,'y' => 269.112 ]
['x' => 332.844,'y' => 269.151 ]
['x' => 332.793,'y' => 269.215 ]
['x' => 332.755,'y' => 269.253 ]
['x' => 332.742,'y' => 269.291 ]
['x' => 332.742,'y' => 269.329 ]
['x' => 332.704,'y' => 269.355 ]
['x' => 332.691,'y' => 269.406 ]
['x' => 332.704,'y' => 269.483 ]
['x' => 332.729,'y' => 269.585 ]
['x' => 332.729,'y' => 269.623 ]
['x' => 332.678,'y' => 269.649 ]
['x' => 332.666,'y' => 269.687 ]
['x' => 332.500,'y' => 269.840 ]
['x' => 332.487,'y' => 269.878 ]
['x' => 332.461,'y' => 269.904 ]
['x' => 332.449,'y' => 269.942 ]
['x' => 332.436,'y' => 270.006 ]
['x' => 332.436,'y' => 270.044 ]
['x' => 332.397,'y' => 270.083 ]
['x' => 332.385,'y' => 270.121 ]
['x' => 332.359,'y' => 270.159 ]
['x' => 332.346,'y' => 270.248 ]
['x' => 332.410,'y' => 270.325 ]
['x' => 332.397,'y' => 270.440 ]
['x' => 332.385,'y' => 270.478 ]
['x' => 332.385,'y' => 270.517 ]
['x' => 332.372,'y' => 270.555 ]
['x' => 332.270,'y' => 270.517 ]
['x' => 332.308,'y' => 270.568 ]
['x' => 332.295,'y' => 270.683 ]
['x' => 332.283,'y' => 270.848 ]
['x' => 332.270,'y' => 270.887 ]
['x' => 332.270,'y' => 270.925 ]
['x' => 332.244,'y' => 270.950 ]
['x' => 332.231,'y' => 270.989 ]
['x' => 332.219,'y' => 271.065 ]
['x' => 332.206,'y' => 271.116 ]
['x' => 332.193,'y' => 271.155 ]
['x' => 332.180,'y' => 271.219 ]
['x' => 332.168,'y' => 271.359 ]
['x' => 332.257,'y' => 271.525 ]
['x' => 332.512,'y' => 271.678 ]
['x' => 332.449,'y' => 271.729 ]
['x' => 332.449,'y' => 271.767 ]
['x' => 332.423,'y' => 271.793 ]
['x' => 332.436,'y' => 271.857 ]
['x' => 332.334,'y' => 271.882 ]
['x' => 332.257,'y' => 271.972 ]
['x' => 332.206,'y' => 272.010 ]
['x' => 332.206,'y' => 272.048 ]
['x' => 332.180,'y' => 272.074 ]
['x' => 332.193,'y' => 272.138 ]
['x' => 332.170,'y' => 272.166 ]
['x' => 332.490,'y' => 272.316 ]
['x' => 332.897,'y' => 272.376 ]
['x' => 333.383,'y' => 272.244 ]
['x' => 333.425,'y' => 272.244 ]
['x' => 333.826,'y' => 272.645 ]
['x' => 334.288,'y' => 273.287 ]
['x' => 335.367,'y' => 273.455 ]
['x' => 336.194,'y' => 273.359 ]
['x' => 336.422,'y' => 274.018 ]
['x' => 336.494,'y' => 274.126 ]
['x' => 337.285,'y' => 273.862 ]
['x' => 337.765,'y' => 273.335 ]
['x' => 338.724,'y' => 273.886 ]
['x' => 339.095,'y' => 274.414 ]
['x' => 339.839,'y' => 274.222 ]
['x' => 340.330,'y' => 273.766 ]
['x' => 341.121,'y' => 273.718 ]
['x' => 341.673,'y' => 273.610 ]
['x' => 341.936,'y' => 273.347 ]
['x' => 342.380,'y' => 272.903 ]
['x' => 343.159,'y' => 272.999 ]
['x' => 343.771,'y' => 273.490 ]
['x' => 344.358,'y' => 273.562 ]
['x' => 345.185,'y' => 273.467 ]
['x' => 346.228,'y' => 273.071 ]
['x' => 346.792,'y' => 272.963 ]
['x' => 349.909,'y' => 272.651 ]
['x' => 349.987,'y' => 272.642 ]
['x' => 352.810,'y' => 272.316 ]
['x' => 355.626,'y' => 271.237 ]
['x' => 357.725,'y' => 271.764 ]
['x' => 359.691,'y' => 271.836 ]
['x' => 361.895,'y' => 272.156 ]
['x' => 367.161,'y' => 273.474 ]
['x' => 371.479,'y' => 274.486 ]
['x' => 377.192,'y' => 275.920 ]
['x' => 384.811,'y' => 278.182 ]
['x' => 391.874,'y' => 280.769 ]
['x' => 394.319,'y' => 281.872 ]
['x' => 397.956,'y' => 283.423 ]
['x' => 401.382,'y' => 284.761 ]
['x' => 403.057,'y' => 285.399 ]
['x' => 406.924,'y' => 286.712 ]
['x' => 409.591,'y' => 287.303 ]
['x' => 413.793,'y' => 287.171 ]
['x' => 415.450,'y' => 287.466 ]
['x' => 416.440,'y' => 287.964 ]
['x' => 421.838,'y' => 291.882 ]
['x' => 424.921,'y' => 294.112 ]
['x' => 426.963,'y' => 296.089 ]
['x' => 429.535,'y' => 298.887 ]
['x' => 431.623,'y' => 301.334 ]
['x' => 433.215,'y' => 303.403 ]
['x' => 434.687,'y' => 305.351 ]
['x' => 435.181,'y' => 306.119 ]
['x' => 435.505,'y' => 306.775 ]
['x' => 435.674,'y' => 307.421 ]
['x' => 435.657,'y' => 308.678 ]
['x' => 435.889,'y' => 307.538 ]
['x' => 436.087,'y' => 306.868 ]
['x' => 436.394,'y' => 305.579 ]
['x' => 436.585,'y' => 304.215 ]
['x' => 436.441,'y' => 300.225 ]
['x' => 435.426,'y' => 296.863 ]
['x' => 434.719,'y' => 293.683 ]
['x' => 434.164,'y' => 292.059 ]
['x' => 431.762,'y' => 289.333 ]
['x' => 429.274,'y' => 287.330 ]
['x' => 426.595,'y' => 285.097 ]
['x' => 424.600,'y' => 283.576 ]
['x' => 421.897,'y' => 282.324 ]
['x' => 418.214,'y' => 281.066 ]
['x' => 416.296,'y' => 280.394 ]
['x' => 413.289,'y' => 277.614 ]
['x' => 409.986,'y' => 274.299 ]
['x' => 406.875,'y' => 270.443 ]
['x' => 402.027,'y' => 265.772 ]
['x' => 398.205,'y' => 261.684 ]
['x' => 394.367,'y' => 257.806 ]
['x' => 392.107,'y' => 255.960 ]
['x' => 390.996,'y' => 254.441 ]
['x' => 390.284,'y' => 252.793 ]
['x' => 387.741,'y' => 249.599 ]
['x' => 384.951,'y' => 244.241 ]
['x' => 383.641,'y' => 241.607 ]
['x' => 381.298,'y' => 237.576 ]
['x' => 377.845,'y' => 232.082 ]
['x' => 375.861,'y' => 229.552 ]
['x' => 371.750,'y' => 225.271 ]
['x' => 370.117,'y' => 223.946 ]
['x' => 366.288,'y' => 220.257 ]
['x' => 367.029,'y' => 218.841 ]
['x' => 367.724,'y' => 217.791 ]
['x' => 368.532,'y' => 216.824 ]
['x' => 369.246,'y' => 215.769 ]
['x' => 370.058,'y' => 213.859 ]
['x' => 370.571,'y' => 212.419 ]
['x' => 371.041,'y' => 211.301 ]
['x' => 370.947,'y' => 210.301 ]
['x' => 372.731,'y' => 209.018 ]
['x' => 374.574,'y' => 208.083 ]
['x' => 375.567,'y' => 207.532 ]
['x' => 377.015,'y' => 206.831 ]
['x' => 378.205,'y' => 205.986 ]
['x' => 378.900,'y' => 205.459 ]
['x' => 380.567,'y' => 204.476 ]
['x' => 381.825,'y' => 203.613 ]
['x' => 382.461,'y' => 202.869 ]
['x' => 383.120,'y' => 202.258 ]
['x' => 383.684,'y' => 201.479 ]
['x' => 384.655,'y' => 200.388 ]
['x' => 385.098,'y' => 199.884 ]
['x' => 385.854,'y' => 198.853 ]
['x' => 386.405,'y' => 198.062 ]
['x' => 386.633,'y' => 197.535 ]
['x' => 386.739,'y' => 196.593 ]
['x' => 386.777,'y' => 196.264 ]
['x' => 386.968,'y' => 195.329 ]
['x' => 387.340,'y' => 194.729 ]
['x' => 387.615,'y' => 194.540 ]
['x' => 388.107,'y' => 194.202 ]
['x' => 389.138,'y' => 193.794 ]
['x' => 390.073,'y' => 193.554 ]
['x' => 391.248,'y' => 193.351 ]
['x' => 392.639,'y' => 192.679 ]
['x' => 393.898,'y' => 192.140 ]
['x' => 395.324,'y' => 191.528 ]
['x' => 396.343,'y' => 190.965 ]
['x' => 396.799,'y' => 190.306 ]
['x' => 397.063,'y' => 189.400 ]
['x' => 397.614,'y' => 188.399 ]
['x' => 398.202,'y' => 187.668 ]
['x' => 398.393,'y' => 187.404 ]
['x' => 398.789,'y' => 187.195 ]
['x' => 399.364,'y' => 186.907 ]
['x' => 400.048,'y' => 186.325 ]
['x' => 400.491,'y' => 185.630 ]
['x' => 400.707,'y' => 184.989 ]
['x' => 400.797,'y' => 184.629 ]
['x' => 400.857,'y' => 184.341 ]
['x' => 401.085,'y' => 183.514 ]
['x' => 401.378,'y' => 183.280 ]
['x' => 401.726,'y' => 182.846 ]
['x' => 401.999,'y' => 182.648 ]
['x' => 402.622,'y' => 182.345 ]
['x' => 403.171,'y' => 182.091 ]
['x' => 403.360,'y' => 182.028 ]
['x' => 403.381,'y' => 182.073 ]
['x' => 403.399,'y' => 182.243 ]
['x' => 403.434,'y' => 182.366 ]
['x' => 403.533,'y' => 182.465 ]
['x' => 403.644,'y' => 182.507 ]
['x' => 403.809,'y' => 182.492 ]
['x' => 404.106,'y' => 182.457 ]
['x' => 404.132,'y' => 182.393 ]
['x' => 404.221,'y' => 182.304 ]
['x' => 404.272,'y' => 182.253 ]
['x' => 404.272,'y' => 182.215 ]
['x' => 404.374,'y' => 182.138 ]
['x' => 404.336,'y' => 182.023 ]
['x' => 404.361,'y' => 181.998 ]
['x' => 404.361,'y' => 181.934 ]
['x' => 404.387,'y' => 181.908 ]
['x' => 404.387,'y' => 181.870 ]
['x' => 404.412,'y' => 181.845 ]
['x' => 404.412,'y' => 181.793 ]
['x' => 404.438,'y' => 181.768 ]
['x' => 404.425,'y' => 181.602 ]
['x' => 404.463,'y' => 181.551 ]
['x' => 404.476,'y' => 181.462 ]
['x' => 404.195,'y' => 181.091 ]
['x' => 404.055,'y' => 181.079 ]
['x' => 404.024,'y' => 181.126 ]
['x' => 403.915,'y' => 181.053 ]
['x' => 403.787,'y' => 181.066 ]
['x' => 403.761,'y' => 181.104 ]
['x' => 403.672,'y' => 181.091 ]
['x' => 403.659,'y' => 181.130 ]
['x' => 403.557,'y' => 181.117 ]
['x' => 403.532,'y' => 181.155 ]
['x' => 403.506,'y' => 181.181 ]
['x' => 403.442,'y' => 181.270 ]
['x' => 403.353,'y' => 181.283 ]
['x' => 403.302,'y' => 181.232 ]
['x' => 403.302,'y' => 181.283 ]
['x' => 403.276,'y' => 181.308 ]
['x' => 403.123,'y' => 181.194 ]
['x' => 403.034,'y' => 181.206 ]
['x' => 403.008,'y' => 181.155 ]
['x' => 402.939,'y' => 181.160 ]
['x' => 402.842,'y' => 181.168 ]
['x' => 402.791,'y' => 181.219 ]
['x' => 402.766,'y' => 181.245 ]
['x' => 402.587,'y' => 181.436 ]
['x' => 402.523,'y' => 181.436 ]
['x' => 402.431,'y' => 181.460 ]
['x' => 402.345,'y' => 181.474 ]
['x' => 402.281,'y' => 181.513 ]
['x' => 402.191,'y' => 181.487 ]
['x' => 402.191,'y' => 181.423 ]
['x' => 402.115,'y' => 181.423 ]
['x' => 402.051,'y' => 181.500 ]
['x' => 401.974,'y' => 181.487 ]
['x' => 401.939,'y' => 181.538 ]
['x' => 401.911,'y' => 181.500 ]
['x' => 401.821,'y' => 181.500 ]
['x' => 401.809,'y' => 181.538 ]
['x' => 401.719,'y' => 181.538 ]
['x' => 401.668,'y' => 181.589 ]
['x' => 401.627,'y' => 181.579 ]
['x' => 401.579,'y' => 181.615 ]
['x' => 401.426,'y' => 181.653 ]
['x' => 401.387,'y' => 181.691 ]
['x' => 401.209,'y' => 181.679 ]
['x' => 401.272,'y' => 181.806 ]
['x' => 401.030,'y' => 181.806 ]
['x' => 401.004,'y' => 181.870 ]
['x' => 400.992,'y' => 181.908 ]
['x' => 400.897,'y' => 181.849 ]
['x' => 400.864,'y' => 181.883 ]
['x' => 400.775,'y' => 181.857 ]
['x' => 400.762,'y' => 181.908 ]
['x' => 400.698,'y' => 181.896 ]
['x' => 400.698,'y' => 181.934 ]
['x' => 400.672,'y' => 181.959 ]
['x' => 400.621,'y' => 181.947 ]
['x' => 400.583,'y' => 181.870 ]
['x' => 400.481,'y' => 181.934 ]
['x' => 400.353,'y' => 181.934 ]
['x' => 400.204,'y' => 181.934 ]
['x' => 400.085,'y' => 181.940 ]
['x' => 399.873,'y' => 181.981 ]
['x' => 399.829,'y' => 182.044 ]
['x' => 399.600,'y' => 182.100 ]
['x' => 399.549,'y' => 182.143 ]
['x' => 399.474,'y' => 182.182 ]
['x' => 399.447,'y' => 182.215 ]
['x' => 399.409,'y' => 182.266 ]
['x' => 399.447,'y' => 182.304 ]
['x' => 399.409,'y' => 182.355 ]
['x' => 399.396,'y' => 182.432 ]
['x' => 399.358,'y' => 182.457 ]
['x' => 399.345,'y' => 182.508 ]
['x' => 399.281,'y' => 182.547 ]
['x' => 399.281,'y' => 182.623 ]
['x' => 399.243,'y' => 182.661 ]
['x' => 399.205,'y' => 182.661 ]
['x' => 399.217,'y' => 182.725 ]
['x' => 399.166,'y' => 182.725 ]
['x' => 399.141,'y' => 182.764 ]
['x' => 399.051,'y' => 182.725 ]
['x' => 399.039,'y' => 182.815 ]
['x' => 398.968,'y' => 182.853 ]
['x' => 398.964,'y' => 182.937 ]
['x' => 398.931,'y' => 182.984 ]
['x' => 398.796,'y' => 182.993 ]
['x' => 398.938,'y' => 183.206 ]
['x' => 399.002,'y' => 183.352 ]
['x' => 399.113,'y' => 183.413 ]
['x' => 399.387,'y' => 183.399 ]
['x' => 399.519,'y' => 183.420 ]
['x' => 399.618,'y' => 183.423 ]
['x' => 399.693,'y' => 183.475 ]
['x' => 399.712,'y' => 183.598 ]
['x' => 399.681,'y' => 183.748 ]
['x' => 399.568,'y' => 183.867 ]
['x' => 399.315,'y' => 183.888 ]
['x' => 399.238,'y' => 183.908 ]
['x' => 399.209,'y' => 183.954 ]
['x' => 399.157,'y' => 184.038 ]
['x' => 399.054,'y' => 184.189 ]
['x' => 399.029,'y' => 184.313 ]
['x' => 398.996,'y' => 184.723 ]
['x' => 398.930,'y' => 185.055 ]
['x' => 398.894,'y' => 185.187 ]
['x' => 398.846,'y' => 185.195 ]
['x' => 398.770,'y' => 185.183 ]
['x' => 398.739,'y' => 185.135 ]
['x' => 398.711,'y' => 184.943 ]
['x' => 398.710,'y' => 184.756 ]
['x' => 398.695,'y' => 184.411 ]
['x' => 398.675,'y' => 184.266 ]
['x' => 398.647,'y' => 184.146 ]
['x' => 398.579,'y' => 184.018 ]
['x' => 398.471,'y' => 183.898 ]
['x' => 398.296,'y' => 183.779 ]
['x' => 398.025,'y' => 183.946 ]
['x' => 397.837,'y' => 184.030 ]
['x' => 397.713,'y' => 184.201 ]
['x' => 397.510,'y' => 184.381 ]
['x' => 397.231,'y' => 184.606 ]
['x' => 397.071,'y' => 184.688 ]
['x' => 396.963,'y' => 184.776 ]
['x' => 396.927,'y' => 184.931 ]
['x' => 396.911,'y' => 184.995 ]
['x' => 396.728,'y' => 185.183 ]
['x' => 396.600,'y' => 185.261 ]
['x' => 396.544,'y' => 185.279 ]
['x' => 396.501,'y' => 185.267 ]
['x' => 396.441,'y' => 185.231 ]
['x' => 396.397,'y' => 185.147 ]
['x' => 396.385,'y' => 184.943 ]
['x' => 396.321,'y' => 184.800 ]
['x' => 396.277,'y' => 184.788 ]
['x' => 396.229,'y' => 184.788 ]
['x' => 396.181,'y' => 184.826 ]
['x' => 396.093,'y' => 184.891 ]
['x' => 395.944,'y' => 184.930 ]
['x' => 395.780,'y' => 184.911 ]
['x' => 395.605,'y' => 184.870 ]
['x' => 395.694,'y' => 184.870 ]
['x' => 395.930,'y' => 184.824 ]
['x' => 395.694,'y' => 184.870 ]
['x' => 395.605,'y' => 184.870 ]
['x' => 395.567,'y' => 184.870 ]
['x' => 395.541,'y' => 184.819 ]
['x' => 395.472,'y' => 184.834 ]
['x' => 395.385,'y' => 184.836 ]
['x' => 395.337,'y' => 184.870 ]
['x' => 395.235,'y' => 184.959 ]
['x' => 395.222,'y' => 184.997 ]
['x' => 395.146,'y' => 185.010 ]
['x' => 395.095,'y' => 185.087 ]
['x' => 395.011,'y' => 185.182 ]
['x' => 395.011,'y' => 185.182 ]
['x' => 394.950,'y' => 185.323 ]
['x' => 394.894,'y' => 185.459 ]
['x' => 394.814,'y' => 185.656 ]
['x' => 394.778,'y' => 185.798 ]
['x' => 394.704,'y' => 185.933 ]
['x' => 394.661,'y' => 186.007 ]
['x' => 394.574,'y' => 186.105 ]
['x' => 394.457,'y' => 186.155 ]
['x' => 394.377,'y' => 186.265 ]
['x' => 394.193,'y' => 186.407 ]
['x' => 393.885,'y' => 186.469 ]
['x' => 393.768,'y' => 186.456 ]
['x' => 393.694,'y' => 186.376 ]
['x' => 393.626,'y' => 186.241 ]
['x' => 393.614,'y' => 186.148 ]
['x' => 393.688,'y' => 186.025 ]
['x' => 393.836,'y' => 185.927 ]
['x' => 394.033,'y' => 185.767 ]
['x' => 394.266,'y' => 185.200 ]
['x' => 394.272,'y' => 185.193 ]
['x' => 394.249,'y' => 185.178 ]
['x' => 394.249,'y' => 185.092 ]
['x' => 394.175,'y' => 184.984 ]
['x' => 394.022,'y' => 184.870 ]
['x' => 393.920,'y' => 184.806 ]
['x' => 393.742,'y' => 184.729 ]
['x' => 393.693,'y' => 184.682 ]
['x' => 393.665,'y' => 184.665 ]
['x' => 393.601,'y' => 184.671 ]
['x' => 393.461,'y' => 184.678 ]
['x' => 393.402,'y' => 184.674 ]
['x' => 393.283,'y' => 184.683 ]
['x' => 393.218,'y' => 184.704 ]
['x' => 393.065,'y' => 184.744 ]
['x' => 392.912,'y' => 184.780 ]
['x' => 392.912,'y' => 184.844 ]
['x' => 392.886,'y' => 184.882 ]
['x' => 392.797,'y' => 184.857 ]
['x' => 392.784,'y' => 184.946 ]
['x' => 392.733,'y' => 184.959 ]
['x' => 392.708,'y' => 185.010 ]
['x' => 392.593,'y' => 184.997 ]
['x' => 392.441,'y' => 185.051 ]
['x' => 392.465,'y' => 184.946 ]
['x' => 392.414,'y' => 184.857 ]
['x' => 392.375,'y' => 184.927 ]
['x' => 392.375,'y' => 184.979 ]
['x' => 392.312,'y' => 185.072 ]
['x' => 392.218,'y' => 185.061 ]
['x' => 392.155,'y' => 185.039 ]
['x' => 392.114,'y' => 185.065 ]
['x' => 392.057,'y' => 185.102 ]
['x' => 392.151,'y' => 185.121 ]
['x' => 392.177,'y' => 185.140 ]
['x' => 392.256,'y' => 185.159 ]
['x' => 392.323,'y' => 185.188 ]
['x' => 392.304,'y' => 185.256 ]
['x' => 392.267,'y' => 185.319 ]
['x' => 392.207,'y' => 185.383 ]
['x' => 392.155,'y' => 185.431 ]
['x' => 392.114,'y' => 185.555 ]
['x' => 392.106,'y' => 185.592 ]
['x' => 392.072,'y' => 185.626 ]
['x' => 392.039,'y' => 185.671 ]
['x' => 392.024,'y' => 185.723 ]
['x' => 391.994,'y' => 185.779 ]
['x' => 391.942,'y' => 185.847 ]
['x' => 391.848,'y' => 185.895 ]
['x' => 391.710,'y' => 185.977 ]
['x' => 391.515,'y' => 186.015 ]
['x' => 391.444,'y' => 186.045 ]
['x' => 391.399,'y' => 186.078 ]
['x' => 391.343,'y' => 186.090 ]
['x' => 391.287,'y' => 186.026 ]
['x' => 391.250,'y' => 185.910 ]
['x' => 391.298,'y' => 185.854 ]
['x' => 391.362,'y' => 185.775 ]
['x' => 391.437,'y' => 185.731 ]
['x' => 391.459,'y' => 185.697 ]
['x' => 391.452,'y' => 185.641 ]
['x' => 391.403,'y' => 185.570 ]
['x' => 391.354,'y' => 185.551 ]
['x' => 391.302,'y' => 185.622 ]
['x' => 391.242,'y' => 185.708 ]
['x' => 391.126,'y' => 185.775 ]
['x' => 391.063,'y' => 185.802 ]
['x' => 390.999,'y' => 185.817 ]
['x' => 390.910,'y' => 185.832 ]
['x' => 390.797,'y' => 185.899 ]
['x' => 390.741,'y' => 185.955 ]
['x' => 390.681,'y' => 186.078 ]
['x' => 390.633,'y' => 186.161 ]
['x' => 390.573,'y' => 186.202 ]
['x' => 390.483,'y' => 186.235 ]
['x' => 390.330,'y' => 186.258 ]
['x' => 390.229,'y' => 186.273 ]
['x' => 390.143,'y' => 186.258 ]
['x' => 390.076,'y' => 186.232 ]
['x' => 389.978,'y' => 186.247 ]
['x' => 389.829,'y' => 186.258 ]
['x' => 389.642,'y' => 186.153 ]
['x' => 389.556,'y' => 186.123 ]
['x' => 389.492,'y' => 186.101 ]
['x' => 389.451,'y' => 186.052 ]
['x' => 389.425,'y' => 186.004 ]
['x' => 389.369,'y' => 185.933 ]
['x' => 389.320,'y' => 185.888 ]
['x' => 389.257,'y' => 185.809 ]
['x' => 389.227,'y' => 185.674 ]
['x' => 389.234,'y' => 185.611 ]
['x' => 389.421,'y' => 185.488 ]
['x' => 389.806,'y' => 185.319 ]
['x' => 389.945,'y' => 185.278 ]
['x' => 390.020,'y' => 185.267 ]
['x' => 390.091,'y' => 185.267 ]
['x' => 390.173,'y' => 185.256 ]
['x' => 390.195,'y' => 185.230 ]
['x' => 390.210,'y' => 185.192 ]
['x' => 390.199,'y' => 185.144 ]
['x' => 390.154,'y' => 185.121 ]
['x' => 390.106,'y' => 185.102 ]
['x' => 390.038,'y' => 185.080 ]
['x' => 390.001,'y' => 185.046 ]
['x' => 389.986,'y' => 185.013 ]
['x' => 390.008,'y' => 184.979 ]
['x' => 390.046,'y' => 184.953 ]
['x' => 390.106,'y' => 184.934 ]
['x' => 390.188,'y' => 184.919 ]
['x' => 390.222,'y' => 184.874 ]
['x' => 390.240,'y' => 184.837 ]
['x' => 390.248,'y' => 184.788 ]
['x' => 390.244,'y' => 184.740 ]
['x' => 390.225,'y' => 184.695 ]
['x' => 390.184,'y' => 184.706 ]
['x' => 390.121,'y' => 184.728 ]
['x' => 390.042,'y' => 184.766 ]
['x' => 389.952,'y' => 184.785 ]
['x' => 389.881,'y' => 184.785 ]
['x' => 389.855,'y' => 184.803 ]
['x' => 389.844,'y' => 184.841 ]
['x' => 389.833,'y' => 184.908 ]
['x' => 389.799,'y' => 184.964 ]
['x' => 389.735,'y' => 185.009 ]
['x' => 389.653,'y' => 185.054 ]
['x' => 389.537,'y' => 185.087 ]
['x' => 389.406,'y' => 185.080 ]
['x' => 389.425,'y' => 185.039 ]
['x' => 389.440,'y' => 184.994 ]
['x' => 389.363,'y' => 184.993 ]
['x' => 389.351,'y' => 185.087 ]
['x' => 389.159,'y' => 185.113 ]
['x' => 389.159,'y' => 185.117 ]
['x' => 389.073,'y' => 185.197 ]
['x' => 388.907,'y' => 185.296 ]
['x' => 388.735,'y' => 185.327 ]
['x' => 388.655,'y' => 185.308 ]
['x' => 388.544,'y' => 185.283 ]
['x' => 388.439,'y' => 185.351 ]
['x' => 388.310,'y' => 185.388 ]
['x' => 388.119,'y' => 185.327 ]
['x' => 387.990,'y' => 185.056 ]
['x' => 387.983,'y' => 184.939 ]
['x' => 387.983,'y' => 184.927 ]
['x' => 387.972,'y' => 184.972 ]
['x' => 387.923,'y' => 184.885 ]
['x' => 387.847,'y' => 184.834 ]
['x' => 387.821,'y' => 184.642 ]
['x' => 387.742,'y' => 184.589 ]
['x' => 387.691,'y' => 184.512 ]
['x' => 387.589,'y' => 184.512 ]
['x' => 387.449,'y' => 184.614 ]
['x' => 387.411,'y' => 184.640 ]
['x' => 387.372,'y' => 184.627 ]
['x' => 387.347,'y' => 184.563 ]
['x' => 387.283,'y' => 184.589 ]
['x' => 387.264,'y' => 184.642 ]
['x' => 387.212,'y' => 184.745 ]
['x' => 387.134,'y' => 184.834 ]
['x' => 387.093,'y' => 184.861 ]
['x' => 387.007,'y' => 184.895 ]
['x' => 386.934,'y' => 184.950 ]
['x' => 386.900,'y' => 185.089 ]
['x' => 386.879,'y' => 185.141 ]
['x' => 386.811,'y' => 185.210 ]
['x' => 386.772,'y' => 185.255 ]
['x' => 386.747,'y' => 185.374 ]
['x' => 386.715,'y' => 185.444 ]
['x' => 386.590,'y' => 185.481 ]
['x' => 386.512,'y' => 185.444 ]
['x' => 386.410,'y' => 185.526 ]
['x' => 386.243,'y' => 185.643 ]
['x' => 386.204,'y' => 185.734 ]
['x' => 386.031,'y' => 185.893 ]
['x' => 385.844,'y' => 186.069 ]
['x' => 385.589,'y' => 186.215 ]
['x' => 385.466,'y' => 186.288 ]
['x' => 385.418,'y' => 186.304 ]
['x' => 385.375,'y' => 186.283 ]
['x' => 385.345,'y' => 186.208 ]
['x' => 385.313,'y' => 185.871 ]
['x' => 385.363,'y' => 185.672 ]
['x' => 385.354,'y' => 185.629 ]
['x' => 385.368,'y' => 185.551 ]
['x' => 385.423,'y' => 185.467 ]
['x' => 385.455,'y' => 185.401 ]
['x' => 385.493,'y' => 185.296 ]
['x' => 385.530,'y' => 185.170 ]
['x' => 385.529,'y' => 185.106 ]
['x' => 385.557,'y' => 185.052 ]
['x' => 385.649,'y' => 185.042 ]
['x' => 385.568,'y' => 184.950 ]
['x' => 385.514,'y' => 184.802 ]
['x' => 385.566,'y' => 184.624 ]
['x' => 385.560,'y' => 184.563 ]
['x' => 385.547,'y' => 184.512 ]
['x' => 385.458,'y' => 184.448 ]
['x' => 385.470,'y' => 184.359 ]
['x' => 385.470,'y' => 184.321 ]
['x' => 385.419,'y' => 184.257 ]
['x' => 385.432,'y' => 184.180 ]
['x' => 385.394,'y' => 184.142 ]
['x' => 385.266,'y' => 184.155 ]
['x' => 385.228,'y' => 184.168 ]
['x' => 385.202,'y' => 184.206 ]
['x' => 385.164,'y' => 184.206 ]
['x' => 385.103,'y' => 184.265 ]
['x' => 385.000,'y' => 184.272 ]
['x' => 384.901,'y' => 184.259 ]
['x' => 384.820,'y' => 184.244 ]
['x' => 384.794,'y' => 184.321 ]
['x' => 384.756,'y' => 184.359 ]
['x' => 384.769,'y' => 184.448 ]
['x' => 384.692,'y' => 184.372 ]
['x' => 384.692,'y' => 184.295 ]
['x' => 384.641,'y' => 184.270 ]
['x' => 384.577,'y' => 184.295 ]
['x' => 384.551,'y' => 184.346 ]
['x' => 384.513,'y' => 184.346 ]
['x' => 384.513,'y' => 184.270 ]
['x' => 384.500,'y' => 184.219 ]
['x' => 384.513,'y' => 184.129 ]
['x' => 384.462,'y' => 184.040 ]
['x' => 384.500,'y' => 183.989 ]
['x' => 384.526,'y' => 183.938 ]
['x' => 384.577,'y' => 183.912 ]
['x' => 384.539,'y' => 183.823 ]
['x' => 384.577,'y' => 183.810 ]
['x' => 384.577,'y' => 183.746 ]
['x' => 384.603,'y' => 183.721 ]
['x' => 384.603,'y' => 183.657 ]
['x' => 384.508,'y' => 183.622 ]
['x' => 384.449,'y' => 183.657 ]
['x' => 384.424,'y' => 183.606 ]
['x' => 384.437,'y' => 183.491 ]
['x' => 384.424,'y' => 183.453 ]
['x' => 384.334,'y' => 183.453 ]
['x' => 384.232,'y' => 183.517 ]
['x' => 384.194,'y' => 183.466 ]
['x' => 384.079,'y' => 183.491 ]
['x' => 384.054,'y' => 183.427 ]
['x' => 383.939,'y' => 183.466 ]
['x' => 383.964,'y' => 183.542 ]
['x' => 383.913,'y' => 183.593 ]
['x' => 383.849,'y' => 183.606 ]
['x' => 383.811,'y' => 183.631 ]
['x' => 383.786,'y' => 183.683 ]
['x' => 383.773,'y' => 183.785 ]
['x' => 383.709,'y' => 183.823 ]
['x' => 383.632,'y' => 183.797 ]
['x' => 383.594,'y' => 183.721 ]
['x' => 383.505,'y' => 183.670 ]
['x' => 383.147,'y' => 183.631 ]
['x' => 383.122,'y' => 183.580 ]
['x' => 383.035,'y' => 183.584 ]
['x' => 382.856,'y' => 183.596 ]
['x' => 382.790,'y' => 183.593 ]
['x' => 382.688,'y' => 183.606 ]
['x' => 382.713,'y' => 183.657 ]
['x' => 382.650,'y' => 183.670 ]
['x' => 382.586,'y' => 183.734 ]
['x' => 382.569,'y' => 183.777 ]
['x' => 382.525,'y' => 183.795 ]
['x' => 382.428,'y' => 183.822 ]
['x' => 382.436,'y' => 183.931 ]
['x' => 382.418,'y' => 183.972 ]
['x' => 382.365,'y' => 183.974 ]
['x' => 382.140,'y' => 183.992 ]
['x' => 382.121,'y' => 184.025 ]
['x' => 382.089,'y' => 184.063 ]
['x' => 382.050,'y' => 184.132 ]
['x' => 381.957,'y' => 184.217 ]
['x' => 381.909,'y' => 184.270 ]
['x' => 381.920,'y' => 184.370 ]
['x' => 381.921,'y' => 184.371 ]
['x' => 381.930,'y' => 184.475 ]
['x' => 381.921,'y' => 184.549 ]
['x' => 381.825,'y' => 184.703 ]
['x' => 381.754,'y' => 184.765 ]
['x' => 381.690,'y' => 184.777 ]
['x' => 381.644,'y' => 184.734 ]
['x' => 381.557,'y' => 184.617 ]
['x' => 381.499,'y' => 184.611 ]
['x' => 381.493,'y' => 184.606 ]
['x' => 381.323,'y' => 184.629 ]
['x' => 381.228,'y' => 184.516 ]
['x' => 381.092,'y' => 184.448 ]
['x' => 381.016,'y' => 184.359 ]
['x' => 381.016,'y' => 184.321 ]
['x' => 381.105,'y' => 184.295 ]
['x' => 381.105,'y' => 184.244 ]
['x' => 381.039,'y' => 184.102 ]
['x' => 381.039,'y' => 184.102 ]
['x' => 381.039,'y' => 184.102 ]
['x' => 380.954,'y' => 184.128 ]
['x' => 380.908,'y' => 184.168 ]
['x' => 380.843,'y' => 184.183 ]
['x' => 380.683,'y' => 184.121 ]
['x' => 380.722,'y' => 183.976 ]
['x' => 380.550,'y' => 183.937 ]
['x' => 380.548,'y' => 183.826 ]
['x' => 380.492,'y' => 183.823 ]
['x' => 380.416,'y' => 183.734 ]
['x' => 380.173,'y' => 183.785 ]
['x' => 379.969,'y' => 183.989 ]
['x' => 379.829,'y' => 184.065 ]
['x' => 379.790,'y' => 184.117 ]
['x' => 379.778,'y' => 184.168 ]
['x' => 379.625,'y' => 184.206 ]
['x' => 379.568,'y' => 184.208 ]
['x' => 379.551,'y' => 184.317 ]
['x' => 379.529,'y' => 184.342 ]
['x' => 379.502,'y' => 184.361 ]
['x' => 379.491,'y' => 184.401 ]
['x' => 379.456,'y' => 184.409 ]
['x' => 379.433,'y' => 184.436 ]
['x' => 379.420,'y' => 184.492 ]
['x' => 379.359,'y' => 184.562 ]
['x' => 379.288,'y' => 184.671 ]
['x' => 379.240,'y' => 184.756 ]
['x' => 379.199,'y' => 184.824 ]
['x' => 379.099,'y' => 184.916 ]
['x' => 379.071,'y' => 184.942 ]
['x' => 379.029,'y' => 184.958 ]
['x' => 378.914,'y' => 184.996 ]
['x' => 378.799,'y' => 185.039 ]
['x' => 378.748,'y' => 185.039 ]
['x' => 378.724,'y' => 185.019 ]
['x' => 378.626,'y' => 184.881 ]
['x' => 378.606,'y' => 184.829 ]
['x' => 378.661,'y' => 184.675 ]
['x' => 378.678,'y' => 184.598 ]
['x' => 378.701,'y' => 184.490 ]
['x' => 378.752,'y' => 184.426 ]
['x' => 378.772,'y' => 184.384 ]
['x' => 378.790,'y' => 184.357 ]
['x' => 378.788,'y' => 184.315 ]
['x' => 378.761,'y' => 184.197 ]
['x' => 378.738,'y' => 184.152 ]
['x' => 378.706,'y' => 184.104 ]
['x' => 378.642,'y' => 184.168 ]
['x' => 378.591,'y' => 184.155 ]
['x' => 378.565,'y' => 184.193 ]
['x' => 378.425,'y' => 184.180 ]
['x' => 378.348,'y' => 184.219 ]
['x' => 378.297,'y' => 184.282 ]
['x' => 378.157,'y' => 184.270 ]
['x' => 378.080,'y' => 184.334 ]
['x' => 377.876,'y' => 184.346 ]
['x' => 377.812,'y' => 184.410 ]
['x' => 377.659,'y' => 184.410 ]
['x' => 377.582,'y' => 184.474 ]
['x' => 377.531,'y' => 184.474 ]
['x' => 377.378,'y' => 184.550 ]
['x' => 377.391,'y' => 184.640 ]
['x' => 377.314,'y' => 184.640 ]
['x' => 377.174,'y' => 184.742 ]
['x' => 377.123,'y' => 184.806 ]
['x' => 377.059,'y' => 184.806 ]
['x' => 377.017,'y' => 184.764 ]
['x' => 377.008,'y' => 184.815 ]
['x' => 376.999,'y' => 184.853 ]
['x' => 376.996,'y' => 184.892 ]
['x' => 377.006,'y' => 184.928 ]
['x' => 376.987,'y' => 185.093 ]
['x' => 377.054,'y' => 185.138 ]
['x' => 377.087,'y' => 185.174 ]
['x' => 377.102,'y' => 185.232 ]
['x' => 377.095,'y' => 185.277 ]
['x' => 377.052,'y' => 185.308 ]
['x' => 376.920,'y' => 185.392 ]
['x' => 376.843,'y' => 185.399 ]
['x' => 376.599,'y' => 185.263 ]
['x' => 376.558,'y' => 185.205 ]
['x' => 376.551,'y' => 185.155 ]
['x' => 376.539,'y' => 185.107 ]
['x' => 376.520,'y' => 185.078 ]
['x' => 376.489,'y' => 185.057 ]
['x' => 376.453,'y' => 185.042 ]
['x' => 376.393,'y' => 185.038 ]
['x' => 376.331,'y' => 185.057 ]
['x' => 376.309,'y' => 185.112 ]
['x' => 376.278,'y' => 185.157 ]
['x' => 376.235,'y' => 185.201 ]
['x' => 376.204,'y' => 185.289 ]
['x' => 376.196,'y' => 185.332 ]
['x' => 376.204,'y' => 185.371 ]
['x' => 376.180,'y' => 185.442 ]
['x' => 376.034,'y' => 185.536 ]
['x' => 375.904,'y' => 185.610 ]
['x' => 375.842,'y' => 185.634 ]
['x' => 375.768,'y' => 185.651 ]
['x' => 375.694,'y' => 185.622 ]
['x' => 375.591,'y' => 185.617 ]
['x' => 375.519,'y' => 185.615 ]
['x' => 375.442,'y' => 185.601 ]
['x' => 375.351,'y' => 185.526 ]
['x' => 375.262,'y' => 185.440 ]
['x' => 375.217,'y' => 185.368 ]
['x' => 375.181,'y' => 185.287 ]
['x' => 375.083,'y' => 185.169 ]
['x' => 375.042,'y' => 185.201 ]
['x' => 375.004,'y' => 185.227 ]
['x' => 374.749,'y' => 185.214 ]
['x' => 374.774,'y' => 185.329 ]
['x' => 374.851,'y' => 185.367 ]
['x' => 374.838,'y' => 185.406 ]
['x' => 374.710,'y' => 185.431 ]
['x' => 374.698,'y' => 185.469 ]
['x' => 374.595,'y' => 185.444 ]
['x' => 374.557,'y' => 185.482 ]
['x' => 374.506,'y' => 185.406 ]
['x' => 374.468,'y' => 185.406 ]
['x' => 374.442,'y' => 185.457 ]
['x' => 374.353,'y' => 185.495 ]
['x' => 374.340,'y' => 185.533 ]
['x' => 374.404,'y' => 185.559 ]
['x' => 374.417,'y' => 185.610 ]
['x' => 374.366,'y' => 185.623 ]
['x' => 374.340,'y' => 185.674 ]
['x' => 374.302,'y' => 185.674 ]
['x' => 374.264,'y' => 185.738 ]
['x' => 374.213,'y' => 185.725 ]
['x' => 374.174,'y' => 185.763 ]
['x' => 374.225,'y' => 185.814 ]
['x' => 374.213,'y' => 185.865 ]
['x' => 374.047,'y' => 185.865 ]
['x' => 374.059,'y' => 185.903 ]
['x' => 373.996,'y' => 185.942 ]
['x' => 373.957,'y' => 185.865 ]
['x' => 373.855,'y' => 185.865 ]
['x' => 373.817,'y' => 185.903 ]
['x' => 373.830,'y' => 186.006 ]
['x' => 373.766,'y' => 186.006 ]
['x' => 373.715,'y' => 186.069 ]
['x' => 373.728,'y' => 186.133 ]
['x' => 373.689,'y' => 186.146 ]
['x' => 373.664,'y' => 186.184 ]
['x' => 373.536,'y' => 186.172 ]
['x' => 373.511,'y' => 186.197 ]
['x' => 373.511,'y' => 186.235 ]
['x' => 373.485,'y' => 186.274 ]
['x' => 373.408,'y' => 186.299 ]
['x' => 373.345,'y' => 186.350 ]
['x' => 373.332,'y' => 186.389 ]
['x' => 373.294,'y' => 186.389 ]
['x' => 373.281,'y' => 186.465 ]
['x' => 373.204,'y' => 186.516 ]
['x' => 373.191,'y' => 186.567 ]
['x' => 373.140,'y' => 186.567 ]
['x' => 372.964,'y' => 186.641 ]
['x' => 372.757,'y' => 186.746 ]
['x' => 372.707,'y' => 186.797 ]
['x' => 372.684,'y' => 186.837 ]
['x' => 372.642,'y' => 186.876 ]
['x' => 372.592,'y' => 186.988 ]
['x' => 372.528,'y' => 186.950 ]
['x' => 372.528,'y' => 187.014 ]
['x' => 372.575,'y' => 187.078 ]
['x' => 372.599,'y' => 187.133 ]
['x' => 372.570,'y' => 187.191 ]
['x' => 372.509,'y' => 187.233 ]
['x' => 372.492,'y' => 187.336 ]
['x' => 372.595,'y' => 187.498 ]
['x' => 372.678,'y' => 187.629 ]
['x' => 372.876,'y' => 187.612 ]
['x' => 373.072,'y' => 187.714 ]
['x' => 373.143,'y' => 187.884 ]
['x' => 373.129,'y' => 187.961 ]
['x' => 373.076,'y' => 188.010 ]
['x' => 373.045,'y' => 188.261 ]
['x' => 372.851,'y' => 188.504 ]
['x' => 372.646,'y' => 188.734 ]
['x' => 372.328,'y' => 188.888 ]
['x' => 372.236,'y' => 188.922 ]
['x' => 372.114,'y' => 188.890 ]
['x' => 372.049,'y' => 188.852 ]
['x' => 371.973,'y' => 188.874 ]
['x' => 371.964,'y' => 188.981 ]
['x' => 371.820,'y' => 189.024 ]
['x' => 371.777,'y' => 189.038 ]
['x' => 371.702,'y' => 189.005 ]
['x' => 371.523,'y' => 188.993 ]
['x' => 371.442,'y' => 189.048 ]
['x' => 371.388,'y' => 189.147 ]
['x' => 371.332,'y' => 189.156 ]
['x' => 371.272,'y' => 189.192 ]
['x' => 371.216,'y' => 189.220 ]
['x' => 371.147,'y' => 189.200 ]
['x' => 371.087,'y' => 189.209 ]
['x' => 370.982,'y' => 189.305 ]
['x' => 370.843,'y' => 189.436 ]
['x' => 370.813,'y' => 189.529 ]
['x' => 370.746,'y' => 189.620 ]
['x' => 370.632,'y' => 189.669 ]
['x' => 370.487,'y' => 189.650 ]
['x' => 370.575,'y' => 189.733 ]
['x' => 370.413,'y' => 189.713 ]
['x' => 370.295,'y' => 189.606 ]
['x' => 370.217,'y' => 189.592 ]
['x' => 370.179,'y' => 189.554 ]
['x' => 370.103,'y' => 189.554 ]
['x' => 370.077,'y' => 189.490 ]
['x' => 369.988,'y' => 189.503 ]
['x' => 369.937,'y' => 189.554 ]
['x' => 369.873,'y' => 189.554 ]
['x' => 369.771,'y' => 189.656 ]
['x' => 369.758,'y' => 189.707 ]
['x' => 369.694,'y' => 189.784 ]
['x' => 369.656,'y' => 189.809 ]
['x' => 369.643,'y' => 189.860 ]
['x' => 369.669,'y' => 189.950 ]
['x' => 369.541,'y' => 189.950 ]
['x' => 369.515,'y' => 189.975 ]
['x' => 369.490,'y' => 190.001 ]
['x' => 369.453,'y' => 190.070 ]
['x' => 369.407,'y' => 190.100 ]
['x' => 369.365,'y' => 190.134 ]
['x' => 369.337,'y' => 190.167 ]
['x' => 369.260,'y' => 190.218 ]
['x' => 369.247,'y' => 190.269 ]
['x' => 369.158,'y' => 190.358 ]
['x' => 369.149,'y' => 190.399 ]
['x' => 369.124,'y' => 190.425 ]
['x' => 369.137,'y' => 190.463 ]
['x' => 369.069,'y' => 190.473 ]
['x' => 369.069,'y' => 190.588 ]
['x' => 369.030,'y' => 190.575 ]
['x' => 368.865,'y' => 190.694 ]
['x' => 368.689,'y' => 190.743 ]
['x' => 368.604,'y' => 190.730 ]
['x' => 368.535,'y' => 190.745 ]
['x' => 368.481,'y' => 190.808 ]
['x' => 368.405,'y' => 190.907 ]
['x' => 368.379,'y' => 190.945 ]
['x' => 368.379,'y' => 191.060 ]
['x' => 368.367,'y' => 191.124 ]
['x' => 368.367,'y' => 191.161 ]
['x' => 368.503,'y' => 191.155 ]
['x' => 368.439,'y' => 191.279 ]
['x' => 368.411,'y' => 191.375 ]
['x' => 368.377,'y' => 191.491 ]
['x' => 368.270,'y' => 191.619 ]
['x' => 368.161,'y' => 191.737 ]
['x' => 368.107,'y' => 191.659 ]
['x' => 368.105,'y' => 191.330 ]
['x' => 368.019,'y' => 191.314 ]
['x' => 367.909,'y' => 191.510 ]
['x' => 367.752,'y' => 191.856 ]
['x' => 367.728,'y' => 191.997 ]
['x' => 367.681,'y' => 192.130 ]
['x' => 367.595,'y' => 192.209 ]
['x' => 367.187,'y' => 192.468 ]
['x' => 367.022,'y' => 192.735 ]
['x' => 366.881,'y' => 192.790 ]
['x' => 366.826,'y' => 192.939 ]
['x' => 366.763,'y' => 193.182 ]
['x' => 366.794,'y' => 193.237 ]
['x' => 366.881,'y' => 193.245 ]
['x' => 366.967,'y' => 193.285 ]
['x' => 366.975,'y' => 193.355 ]
['x' => 366.935,'y' => 193.418 ]
['x' => 366.857,'y' => 193.473 ]
['x' => 366.755,'y' => 193.497 ]
['x' => 366.637,'y' => 193.363 ]
['x' => 366.590,'y' => 193.379 ]
['x' => 366.559,'y' => 193.434 ]
['x' => 366.543,'y' => 193.512 ]
['x' => 366.472,'y' => 193.599 ]
['x' => 366.394,'y' => 193.763 ]
['x' => 366.315,'y' => 193.826 ]
['x' => 366.213,'y' => 193.818 ]
['x' => 366.150,'y' => 193.818 ]
['x' => 366.135,'y' => 193.866 ]
['x' => 366.237,'y' => 193.944 ]
['x' => 366.300,'y' => 194.007 ]
['x' => 366.284,'y' => 194.093 ]
['x' => 366.276,'y' => 194.172 ]
['x' => 366.300,'y' => 194.227 ]
['x' => 366.307,'y' => 194.297 ]
['x' => 366.182,'y' => 194.549 ]
['x' => 366.040,'y' => 194.706 ]
['x' => 365.883,'y' => 194.745 ]
['x' => 365.734,'y' => 194.729 ]
['x' => 365.671,'y' => 194.776 ]
['x' => 365.538,'y' => 194.831 ]
['x' => 365.428,'y' => 194.855 ]
['x' => 365.310,'y' => 194.886 ]
['x' => 365.255,'y' => 195.012 ]
['x' => 365.342,'y' => 195.216 ]
['x' => 365.420,'y' => 195.279 ]
['x' => 365.530,'y' => 195.428 ]
['x' => 365.648,'y' => 195.459 ]
['x' => 365.695,'y' => 195.506 ]
['x' => 365.711,'y' => 195.561 ]
['x' => 365.703,'y' => 195.632 ]
['x' => 365.648,'y' => 195.695 ]
['x' => 365.483,'y' => 195.844 ]
['x' => 365.530,'y' => 195.954 ]
['x' => 365.585,'y' => 196.174 ]
['x' => 365.562,'y' => 196.284 ]
['x' => 365.475,'y' => 196.409 ]
['x' => 365.404,'y' => 196.456 ]
['x' => 365.397,'y' => 196.527 ]
['x' => 365.302,'y' => 196.606 ]
['x' => 365.169,'y' => 196.708 ]
['x' => 365.145,'y' => 196.802 ]
['x' => 365.161,'y' => 196.880 ]
['x' => 365.067,'y' => 196.982 ]
['x' => 364.980,'y' => 197.014 ]
['x' => 364.871,'y' => 197.077 ]
['x' => 364.776,'y' => 197.155 ]
['x' => 364.682,'y' => 197.147 ]
['x' => 364.612,'y' => 197.147 ]
['x' => 364.470,'y' => 197.139 ]
['x' => 364.407,'y' => 197.084 ]
['x' => 364.321,'y' => 196.943 ]
['x' => 364.274,'y' => 196.935 ]
['x' => 364.211,'y' => 196.912 ]
['x' => 364.140,'y' => 196.927 ]
['x' => 364.085,'y' => 196.990 ]
['x' => 364.038,'y' => 197.116 ]
['x' => 364.007,'y' => 197.304 ]
['x' => 363.897,'y' => 197.438 ]
['x' => 363.544,'y' => 197.697 ]
['x' => 363.387,'y' => 197.964 ]
['x' => 363.308,'y' => 198.513 ]
['x' => 363.214,'y' => 198.694 ]
['x' => 363.002,'y' => 199.236 ]
['x' => 362.814,'y' => 199.306 ]
['x' => 362.617,'y' => 199.322 ]
['x' => 362.515,'y' => 199.354 ]
['x' => 362.382,'y' => 199.448 ]
['x' => 362.107,'y' => 199.707 ]
['x' => 362.099,'y' => 199.801 ]
['x' => 362.091,'y' => 199.887 ]
['x' => 362.021,'y' => 200.146 ]
['x' => 361.895,'y' => 200.201 ]
['x' => 361.722,'y' => 200.264 ]
['x' => 361.581,'y' => 200.351 ]
['x' => 361.526,'y' => 200.351 ]
['x' => 361.455,'y' => 200.335 ]
['x' => 361.400,'y' => 200.390 ]
['x' => 361.353,'y' => 200.445 ]
['x' => 361.314,'y' => 200.531 ]
['x' => 361.283,'y' => 200.570 ]
['x' => 361.212,'y' => 200.586 ]
['x' => 361.126,'y' => 200.523 ]
['x' => 361.063,'y' => 200.335 ]
['x' => 361.008,'y' => 200.256 ]
['x' => 360.945,'y' => 200.217 ]
['x' => 360.843,'y' => 200.217 ]
['x' => 360.725,'y' => 200.256 ]
['x' => 360.631,'y' => 200.445 ]
['x' => 360.144,'y' => 201.363 ]
['x' => 360.019,'y' => 201.552 ]
['x' => 359.909,'y' => 201.772 ]
['x' => 359.720,'y' => 201.874 ]
['x' => 359.618,'y' => 201.882 ]
['x' => 359.532,'y' => 201.874 ]
['x' => 359.453,'y' => 201.819 ]
['x' => 359.359,'y' => 201.693 ]
['x' => 359.288,'y' => 201.599 ]
['x' => 359.241,'y' => 201.544 ]
['x' => 359.194,'y' => 201.489 ]
['x' => 359.186,'y' => 201.418 ]
['x' => 359.171,'y' => 201.340 ]
['x' => 359.241,'y' => 201.167 ]
['x' => 359.328,'y' => 200.994 ]
['x' => 360.238,'y' => 199.573 ]
['x' => 360.702,'y' => 198.914 ]
['x' => 361.008,'y' => 198.443 ]
['x' => 360.961,'y' => 198.278 ]
['x' => 360.882,'y' => 198.247 ]
['x' => 360.788,'y' => 198.223 ]
['x' => 360.670,'y' => 198.246 ]
['x' => 360.592,'y' => 198.247 ]
['x' => 360.498,'y' => 198.168 ]
['x' => 360.482,'y' => 198.089 ]
['x' => 360.521,'y' => 198.003 ]
['x' => 360.600,'y' => 197.901 ]
['x' => 360.709,'y' => 197.854 ]
['x' => 360.804,'y' => 197.862 ]
['x' => 360.898,'y' => 197.878 ]
['x' => 360.945,'y' => 197.830 ]
['x' => 361.094,'y' => 197.618 ]
['x' => 361.071,'y' => 197.595 ]
['x' => 360.937,'y' => 197.642 ]
['x' => 360.827,'y' => 197.713 ]
['x' => 360.772,'y' => 197.720 ]
['x' => 360.733,'y' => 197.642 ]
['x' => 360.757,'y' => 197.461 ]
['x' => 360.937,'y' => 197.147 ]
['x' => 361.188,'y' => 196.841 ]
['x' => 361.283,'y' => 196.676 ]
['x' => 361.353,'y' => 196.598 ]
['x' => 361.550,'y' => 196.527 ]
['x' => 361.636,'y' => 196.488 ]
['x' => 361.809,'y' => 196.064 ]
['x' => 361.903,'y' => 195.868 ]
['x' => 362.123,'y' => 195.718 ]
['x' => 362.602,'y' => 195.404 ]
['x' => 362.790,'y' => 195.200 ]
['x' => 362.994,'y' => 194.761 ]
['x' => 363.049,'y' => 194.462 ]
['x' => 363.230,'y' => 193.889 ]
['x' => 363.253,'y' => 193.771 ]
['x' => 363.300,'y' => 193.685 ]
['x' => 363.355,'y' => 193.646 ]
['x' => 363.748,'y' => 193.080 ]
['x' => 363.779,'y' => 192.978 ]
['x' => 363.748,'y' => 192.916 ]
['x' => 363.646,'y' => 192.884 ]
['x' => 363.575,'y' => 192.829 ]
['x' => 363.638,'y' => 192.656 ]
['x' => 364.109,'y' => 191.950 ]
['x' => 364.258,'y' => 191.702 ]
['x' => 364.301,'y' => 191.568 ]
['x' => 364.302,'y' => 191.356 ]
['x' => 364.358,'y' => 191.211 ]
['x' => 364.369,'y' => 190.821 ]
['x' => 364.310,'y' => 190.738 ]
['x' => 364.218,'y' => 190.677 ]
['x' => 364.257,'y' => 190.665 ]
['x' => 364.269,'y' => 190.550 ]
['x' => 364.295,'y' => 190.511 ]
['x' => 364.271,'y' => 190.415 ]
['x' => 364.181,'y' => 190.519 ]
['x' => 364.138,'y' => 190.642 ]
['x' => 364.051,'y' => 190.735 ]
['x' => 363.897,'y' => 190.815 ]
['x' => 363.805,'y' => 190.827 ]
['x' => 363.707,'y' => 190.821 ]
['x' => 363.682,'y' => 190.753 ]
['x' => 363.756,'y' => 190.648 ]
['x' => 363.860,'y' => 190.285 ]
['x' => 363.885,'y' => 190.238 ]
['x' => 363.868,'y' => 190.041 ]
['x' => 363.829,'y' => 189.977 ]
['x' => 363.827,'y' => 189.796 ]
['x' => 363.663,'y' => 189.530 ]
['x' => 363.574,'y' => 189.489 ]
['x' => 363.516,'y' => 189.439 ]
['x' => 363.397,'y' => 189.344 ]
['x' => 363.354,'y' => 189.354 ]
['x' => 363.299,'y' => 189.364 ]
['x' => 363.188,'y' => 189.331 ]
['x' => 363.106,'y' => 189.259 ]
['x' => 363.006,'y' => 189.222 ]
['x' => 362.915,'y' => 189.140 ]
['x' => 362.791,'y' => 189.066 ]
['x' => 362.674,'y' => 189.056 ]
['x' => 362.585,'y' => 189.063 ]
['x' => 362.380,'y' => 189.086 ]
['x' => 362.329,'y' => 189.089 ]
['x' => 362.282,'y' => 189.119 ]
['x' => 362.214,'y' => 189.133 ]
['x' => 362.214,'y' => 189.171 ]
['x' => 362.189,'y' => 189.197 ]
['x' => 362.144,'y' => 189.213 ]
['x' => 362.141,'y' => 189.262 ]
['x' => 362.117,'y' => 189.313 ]
['x' => 362.104,'y' => 189.351 ]
['x' => 362.091,'y' => 189.402 ]
['x' => 362.066,'y' => 189.453 ]
['x' => 362.015,'y' => 189.504 ]
['x' => 361.982,'y' => 189.648 ]
['x' => 361.922,'y' => 189.764 ]
['x' => 361.922,'y' => 189.802 ]
['x' => 361.897,'y' => 189.828 ]
['x' => 361.884,'y' => 189.879 ]
['x' => 361.846,'y' => 189.930 ]
['x' => 361.807,'y' => 189.943 ]
['x' => 361.782,'y' => 189.981 ]
['x' => 361.705,'y' => 189.981 ]
['x' => 361.670,'y' => 190.010 ]
['x' => 361.596,'y' => 190.061 ]
['x' => 361.565,'y' => 190.189 ]
['x' => 361.505,'y' => 190.269 ]
['x' => 361.542,'y' => 190.319 ]
['x' => 361.586,'y' => 190.374 ]
['x' => 361.616,'y' => 190.430 ]
['x' => 361.629,'y' => 190.497 ]
['x' => 361.592,'y' => 190.571 ]
['x' => 361.512,'y' => 190.633 ]
['x' => 361.413,'y' => 190.707 ]
['x' => 361.308,'y' => 190.719 ]
['x' => 361.274,'y' => 190.714 ]
['x' => 361.138,'y' => 190.783 ]
['x' => 361.023,'y' => 190.897 ]
['x' => 361.023,'y' => 190.948 ]
['x' => 360.997,'y' => 190.973 ]
['x' => 360.997,'y' => 191.012 ]
['x' => 360.933,'y' => 191.063 ]
['x' => 360.908,'y' => 191.088 ]
['x' => 360.882,'y' => 191.114 ]
['x' => 360.767,'y' => 191.203 ]
['x' => 360.754,'y' => 191.241 ]
['x' => 360.652,'y' => 191.292 ]
['x' => 360.627,'y' => 191.330 ]
['x' => 360.486,'y' => 191.407 ]
['x' => 360.410,'y' => 191.407 ]
['x' => 360.359,'y' => 191.356 ]
['x' => 360.295,'y' => 191.356 ]
['x' => 360.256,'y' => 191.394 ]
['x' => 360.167,'y' => 191.381 ]
['x' => 360.154,'y' => 191.343 ]
['x' => 360.039,'y' => 191.369 ]
['x' => 360.014,'y' => 191.317 ]
['x' => 359.950,'y' => 191.394 ]
['x' => 359.899,'y' => 191.445 ]
['x' => 359.848,'y' => 191.458 ]
['x' => 359.822,'y' => 191.483 ]
['x' => 359.797,'y' => 191.522 ]
['x' => 359.771,'y' => 191.573 ]
['x' => 359.758,'y' => 191.611 ]
['x' => 359.746,'y' => 191.687 ]
['x' => 359.707,'y' => 191.700 ]
['x' => 359.707,'y' => 191.751 ]
['x' => 359.707,'y' => 191.828 ]
['x' => 359.656,'y' => 191.815 ]
['x' => 359.459,'y' => 192.050 ]
['x' => 359.528,'y' => 192.285 ]
['x' => 359.460,'y' => 192.382 ]
['x' => 359.340,'y' => 192.424 ]
['x' => 359.332,'y' => 192.426 ]
['x' => 359.172,'y' => 192.566 ]
['x' => 359.067,'y' => 192.702 ]
['x' => 358.840,'y' => 192.837 ]
['x' => 358.643,'y' => 192.837 ]
['x' => 358.581,'y' => 192.757 ]
['x' => 358.729,'y' => 192.271 ]
['x' => 358.732,'y' => 192.261 ]
['x' => 358.732,'y' => 192.261 ]
['x' => 358.615,'y' => 192.286 ]
['x' => 358.513,'y' => 192.260 ]
['x' => 358.462,'y' => 192.311 ]
['x' => 358.360,'y' => 192.298 ]
['x' => 358.192,'y' => 192.323 ]
['x' => 358.155,'y' => 192.343 ]
['x' => 358.104,'y' => 192.295 ]
['x' => 358.015,'y' => 192.209 ]
['x' => 357.964,'y' => 192.235 ]
['x' => 357.875,'y' => 192.209 ]
['x' => 357.849,'y' => 192.247 ]
['x' => 357.811,'y' => 192.324 ]
['x' => 357.715,'y' => 192.269 ]
['x' => 357.619,'y' => 192.260 ]
['x' => 357.517,'y' => 192.298 ]
['x' => 357.495,'y' => 192.212 ]
['x' => 357.412,'y' => 192.134 ]
['x' => 357.402,'y' => 192.043 ]
['x' => 357.351,'y' => 191.979 ]
['x' => 357.390,'y' => 191.941 ]
['x' => 357.377,'y' => 191.852 ]
['x' => 357.353,'y' => 191.780 ]
['x' => 357.249,'y' => 191.711 ]
['x' => 357.211,'y' => 191.711 ]
['x' => 357.185,'y' => 191.750 ]
['x' => 357.121,'y' => 191.711 ]
['x' => 357.014,'y' => 191.771 ]
['x' => 356.896,'y' => 191.884 ]
['x' => 356.832,'y' => 191.940 ]
['x' => 356.814,'y' => 191.974 ]
['x' => 356.806,'y' => 192.031 ]
['x' => 356.792,'y' => 192.176 ]
['x' => 356.770,'y' => 192.244 ]
['x' => 356.770,'y' => 192.283 ]
['x' => 356.776,'y' => 192.352 ]
['x' => 356.806,'y' => 192.571 ]
['x' => 356.820,'y' => 192.699 ]
['x' => 356.850,'y' => 192.847 ]
['x' => 356.866,'y' => 192.957 ]
['x' => 356.863,'y' => 193.121 ]
['x' => 356.811,'y' => 193.332 ]
['x' => 356.757,'y' => 193.441 ]
['x' => 356.647,'y' => 193.701 ]
['x' => 356.626,'y' => 193.789 ]
['x' => 356.625,'y' => 193.846 ]
['x' => 356.633,'y' => 193.953 ]
['x' => 356.622,'y' => 194.030 ]
['x' => 356.601,'y' => 194.071 ]
['x' => 356.579,'y' => 194.134 ]
['x' => 356.557,'y' => 194.194 ]
['x' => 356.521,'y' => 194.249 ]
['x' => 356.447,'y' => 194.317 ]
['x' => 356.425,'y' => 194.347 ]
['x' => 356.384,'y' => 194.498 ]
['x' => 356.310,'y' => 194.583 ]
['x' => 356.247,'y' => 194.635 ]
['x' => 356.120,'y' => 194.687 ]
['x' => 356.037,'y' => 194.709 ]
['x' => 355.952,'y' => 194.731 ]
['x' => 355.851,'y' => 194.819 ]
['x' => 355.738,'y' => 194.931 ]
['x' => 355.654,'y' => 195.038 ]
['x' => 355.524,'y' => 195.186 ]
['x' => 355.392,'y' => 195.322 ]
['x' => 355.240,'y' => 195.459 ]
['x' => 355.159,'y' => 195.517 ]
['x' => 354.958,'y' => 195.631 ]
['x' => 354.811,'y' => 195.714 ]
['x' => 354.599,'y' => 195.842 ]
['x' => 354.493,'y' => 195.946 ]
['x' => 354.441,'y' => 195.993 ]
['x' => 354.369,'y' => 195.993 ]
['x' => 354.289,'y' => 195.999 ]
['x' => 354.187,'y' => 196.049 ]
['x' => 354.067,'y' => 196.053 ]
['x' => 353.997,'y' => 196.105 ]
['x' => 353.933,'y' => 196.154 ]
['x' => 353.890,'y' => 196.153 ]
['x' => 353.841,'y' => 196.151 ]
['x' => 353.732,'y' => 196.056 ]
['x' => 353.706,'y' => 195.967 ]
['x' => 353.704,'y' => 195.925 ]
['x' => 353.721,'y' => 195.888 ]
['x' => 353.805,'y' => 195.722 ]
['x' => 354.017,'y' => 195.362 ]
['x' => 354.084,'y' => 195.210 ]
['x' => 354.118,'y' => 195.128 ]
['x' => 354.110,'y' => 195.048 ]
['x' => 354.134,'y' => 194.936 ]
['x' => 354.172,'y' => 194.870 ]
['x' => 354.375,'y' => 194.556 ]
['x' => 354.482,'y' => 194.430 ]
['x' => 354.585,'y' => 194.345 ]
['x' => 354.671,'y' => 194.293 ]
['x' => 354.723,'y' => 194.252 ]
['x' => 354.799,'y' => 194.139 ]
['x' => 354.817,'y' => 194.040 ]
['x' => 354.815,'y' => 194.006 ]
['x' => 354.823,'y' => 193.964 ]
['x' => 354.972,'y' => 193.808 ]
['x' => 355.032,'y' => 193.731 ]
['x' => 355.144,'y' => 193.570 ]
['x' => 355.396,'y' => 193.302 ]
['x' => 355.715,'y' => 192.943 ]
['x' => 355.801,'y' => 192.866 ]
['x' => 355.867,'y' => 192.798 ]
['x' => 355.901,'y' => 192.580 ]
['x' => 355.927,'y' => 192.483 ]
['x' => 355.965,'y' => 192.417 ]
['x' => 355.974,'y' => 192.341 ]
['x' => 355.938,'y' => 192.291 ]
['x' => 355.903,'y' => 192.242 ]
['x' => 355.853,'y' => 192.124 ]
['x' => 355.834,'y' => 192.070 ]
['x' => 355.823,'y' => 192.004 ]
['x' => 355.831,'y' => 191.947 ]
['x' => 355.875,'y' => 191.889 ]
['x' => 355.911,'y' => 191.851 ]
['x' => 355.823,'y' => 191.640 ]
['x' => 355.782,'y' => 191.593 ]
['x' => 355.735,'y' => 191.563 ]
['x' => 355.689,'y' => 191.544 ]
['x' => 355.656,'y' => 191.522 ]
['x' => 355.634,'y' => 191.498 ]
['x' => 355.618,'y' => 191.454 ]
['x' => 355.604,'y' => 191.413 ]
['x' => 355.610,'y' => 191.361 ]
['x' => 355.801,'y' => 191.243 ]
['x' => 355.913,'y' => 191.139 ]
['x' => 356.173,'y' => 190.775 ]
['x' => 356.327,'y' => 190.575 ]
['x' => 356.411,'y' => 190.540 ]
['x' => 356.482,'y' => 190.464 ]
['x' => 356.507,'y' => 190.438 ]
['x' => 356.520,'y' => 190.400 ]
['x' => 356.544,'y' => 190.369 ]
['x' => 356.552,'y' => 190.334 ]
['x' => 356.500,'y' => 190.179 ]
['x' => 356.454,'y' => 190.054 ]
['x' => 356.365,'y' => 189.956 ]
['x' => 356.267,'y' => 189.824 ]
['x' => 356.177,'y' => 189.771 ]
['x' => 355.862,'y' => 189.713 ]
['x' => 355.730,'y' => 189.682 ]
['x' => 355.539,'y' => 189.707 ]
['x' => 355.443,'y' => 189.713 ]
['x' => 355.283,'y' => 189.682 ]
['x' => 355.105,'y' => 189.809 ]
['x' => 355.054,'y' => 189.809 ]
['x' => 355.028,'y' => 189.758 ]
['x' => 354.952,'y' => 189.784 ]
['x' => 354.862,'y' => 189.784 ]
['x' => 354.849,'y' => 189.835 ]
['x' => 354.811,'y' => 189.860 ]
['x' => 354.747,'y' => 189.809 ]
['x' => 354.684,'y' => 189.809 ]
['x' => 354.607,'y' => 189.877 ]
['x' => 354.495,'y' => 189.798 ]
['x' => 354.362,'y' => 189.874 ]
['x' => 354.262,'y' => 189.873 ]
['x' => 354.253,'y' => 189.929 ]
['x' => 354.161,'y' => 189.929 ]
['x' => 354.115,'y' => 189.975 ]
['x' => 353.977,'y' => 190.021 ]
['x' => 353.747,'y' => 189.975 ]
['x' => 353.662,'y' => 189.899 ]
['x' => 353.611,'y' => 189.924 ]
['x' => 353.599,'y' => 189.962 ]
['x' => 353.420,'y' => 189.924 ]
['x' => 353.420,'y' => 190.001 ]
['x' => 353.331,'y' => 189.962 ]
['x' => 353.292,'y' => 190.001 ]
['x' => 353.228,'y' => 190.001 ]
['x' => 353.165,'y' => 189.911 ]
['x' => 353.062,'y' => 189.911 ]
['x' => 352.999,'y' => 189.797 ]
['x' => 352.820,'y' => 189.733 ]
['x' => 352.807,'y' => 189.682 ]
['x' => 352.758,'y' => 189.671 ]
['x' => 352.667,'y' => 189.605 ]
['x' => 352.450,'y' => 189.592 ]
['x' => 352.284,'y' => 189.632 ]
['x' => 352.105,'y' => 189.631 ]
['x' => 351.964,'y' => 189.440 ]
['x' => 351.862,'y' => 189.405 ]
['x' => 351.810,'y' => 189.447 ]
['x' => 351.518,'y' => 189.477 ]
['x' => 351.480,'y' => 189.516 ]
['x' => 351.416,'y' => 189.490 ]
['x' => 351.266,'y' => 189.516 ]
['x' => 351.220,'y' => 189.562 ]
['x' => 350.959,'y' => 189.540 ]
['x' => 350.847,'y' => 189.658 ]
['x' => 350.805,'y' => 189.748 ]
['x' => 350.625,'y' => 189.873 ]
['x' => 350.515,'y' => 189.863 ]
['x' => 350.408,'y' => 189.937 ]
['x' => 350.203,'y' => 189.950 ]
['x' => 350.140,'y' => 190.014 ]
['x' => 349.999,'y' => 190.077 ]
['x' => 349.846,'y' => 190.090 ]
['x' => 349.680,'y' => 190.154 ]
['x' => 349.598,'y' => 190.204 ]
['x' => 349.511,'y' => 190.342 ]
['x' => 349.550,'y' => 190.433 ]
['x' => 349.805,'y' => 190.453 ]
['x' => 349.807,'y' => 190.617 ]
['x' => 349.632,'y' => 190.626 ]
['x' => 349.408,'y' => 190.477 ]
['x' => 349.251,'y' => 190.260 ]
['x' => 349.093,'y' => 190.167 ]
['x' => 349.080,'y' => 190.128 ]
['x' => 349.080,'y' => 190.120 ]
['x' => 349.058,'y' => 190.117 ]
['x' => 349.000,'y' => 190.123 ]
['x' => 348.960,'y' => 190.148 ]
['x' => 348.910,'y' => 190.173 ]
['x' => 348.846,'y' => 190.173 ]
['x' => 348.784,'y' => 190.142 ]
['x' => 348.701,'y' => 190.099 ]
['x' => 348.676,'y' => 190.050 ]
['x' => 348.689,'y' => 189.966 ]
['x' => 348.781,'y' => 189.896 ]
['x' => 348.825,'y' => 189.781 ]
['x' => 348.838,'y' => 189.694 ]
['x' => 348.850,'y' => 189.643 ]
['x' => 348.863,'y' => 189.554 ]
['x' => 348.825,'y' => 189.477 ]
['x' => 348.757,'y' => 189.383 ]
['x' => 348.654,'y' => 189.281 ]
['x' => 348.506,'y' => 189.120 ]
['x' => 348.391,'y' => 189.056 ]
['x' => 348.314,'y' => 189.056 ]
['x' => 348.238,'y' => 188.941 ]
['x' => 348.148,'y' => 188.941 ]
['x' => 348.085,'y' => 188.852 ]
['x' => 347.944,'y' => 188.826 ]
['x' => 347.765,'y' => 188.737 ]
['x' => 347.676,'y' => 188.763 ]
['x' => 347.612,'y' => 188.740 ]
['x' => 347.503,'y' => 188.748 ]
['x' => 347.302,'y' => 188.713 ]
['x' => 347.189,'y' => 188.746 ]
['x' => 347.112,'y' => 188.757 ]
['x' => 347.012,'y' => 188.750 ]
['x' => 346.885,'y' => 188.775 ]
['x' => 346.846,'y' => 188.775 ]
['x' => 346.790,'y' => 188.780 ]
['x' => 346.744,'y' => 188.793 ]
['x' => 346.655,'y' => 188.781 ]
['x' => 346.466,'y' => 188.784 ]
['x' => 346.336,'y' => 188.788 ]
['x' => 346.259,'y' => 188.788 ]
['x' => 346.205,'y' => 188.839 ]
['x' => 346.162,'y' => 188.933 ]
['x' => 346.036,'y' => 189.015 ]
['x' => 345.982,'y' => 189.113 ]
['x' => 345.876,'y' => 189.120 ]
['x' => 345.876,'y' => 189.171 ]
['x' => 345.825,'y' => 189.184 ]
['x' => 345.813,'y' => 189.222 ]
['x' => 345.812,'y' => 189.286 ]
['x' => 345.803,'y' => 189.360 ]
['x' => 345.833,'y' => 189.470 ]
['x' => 345.900,'y' => 189.580 ]
['x' => 345.922,'y' => 189.682 ]
['x' => 346.081,'y' => 189.694 ]
['x' => 346.106,'y' => 189.643 ]
['x' => 346.119,'y' => 189.592 ]
['x' => 346.144,'y' => 189.567 ]
['x' => 346.208,'y' => 189.592 ]
['x' => 346.354,'y' => 189.637 ]
['x' => 346.403,'y' => 189.598 ]
['x' => 346.412,'y' => 189.522 ]
['x' => 346.436,'y' => 189.480 ]
['x' => 346.537,'y' => 189.560 ]
['x' => 346.566,'y' => 189.656 ]
['x' => 346.591,'y' => 189.771 ]
['x' => 346.706,'y' => 189.860 ]
['x' => 346.892,'y' => 189.906 ]
['x' => 347.025,'y' => 189.899 ]
['x' => 347.268,'y' => 189.957 ]
['x' => 347.325,'y' => 189.998 ]
['x' => 347.248,'y' => 190.087 ]
['x' => 347.214,'y' => 190.134 ]
['x' => 347.330,'y' => 190.169 ]
['x' => 347.315,'y' => 190.259 ]
['x' => 347.173,'y' => 190.297 ]
['x' => 347.114,'y' => 190.345 ]
['x' => 347.114,'y' => 190.384 ]
['x' => 347.063,'y' => 190.448 ]
['x' => 347.038,'y' => 190.473 ]
['x' => 347.038,'y' => 190.511 ]
['x' => 346.987,'y' => 190.550 ]
['x' => 346.987,'y' => 190.639 ]
['x' => 346.936,'y' => 190.677 ]
['x' => 346.821,'y' => 190.588 ]
['x' => 346.699,'y' => 190.517 ]
['x' => 346.586,'y' => 190.522 ]
['x' => 346.653,'y' => 190.625 ]
['x' => 346.606,'y' => 190.733 ]
['x' => 346.425,'y' => 190.690 ]
['x' => 346.265,'y' => 190.604 ]
['x' => 346.007,'y' => 190.492 ]
['x' => 345.956,'y' => 190.408 ]
['x' => 345.905,'y' => 190.345 ]
['x' => 345.800,'y' => 190.269 ]
['x' => 345.744,'y' => 190.335 ]
['x' => 345.723,'y' => 190.409 ]
['x' => 345.685,'y' => 190.460 ]
['x' => 345.647,'y' => 190.499 ]
['x' => 345.468,'y' => 190.506 ]
['x' => 345.425,'y' => 190.488 ]
['x' => 345.415,'y' => 190.417 ]
['x' => 345.379,'y' => 190.345 ]
['x' => 345.327,'y' => 190.282 ]
['x' => 345.276,'y' => 190.307 ]
['x' => 345.218,'y' => 190.332 ]
['x' => 345.205,'y' => 190.271 ]
['x' => 345.149,'y' => 190.167 ]
['x' => 345.085,'y' => 190.192 ]
['x' => 345.085,'y' => 190.294 ]
['x' => 345.047,'y' => 190.320 ]
['x' => 344.945,'y' => 190.231 ]
['x' => 344.906,'y' => 190.128 ]
['x' => 344.830,'y' => 190.077 ]
['x' => 344.613,'y' => 190.026 ]
['x' => 344.531,'y' => 190.021 ]
['x' => 344.442,'y' => 190.010 ]
['x' => 344.365,'y' => 189.980 ]
['x' => 344.212,'y' => 189.926 ]
['x' => 344.097,'y' => 190.034 ]
['x' => 343.987,'y' => 189.911 ]
['x' => 343.911,'y' => 189.890 ]
['x' => 343.796,'y' => 189.937 ]
['x' => 343.708,'y' => 189.900 ]
['x' => 343.631,'y' => 189.955 ]
['x' => 343.553,'y' => 189.924 ]
['x' => 343.537,'y' => 189.867 ]
['x' => 343.578,'y' => 189.799 ]
['x' => 343.553,'y' => 189.694 ]
['x' => 343.451,'y' => 189.707 ]
['x' => 343.400,'y' => 189.643 ]
['x' => 343.285,'y' => 189.669 ]
['x' => 343.104,'y' => 189.768 ]
['x' => 342.953,'y' => 189.850 ]
['x' => 342.897,'y' => 189.886 ]
['x' => 342.851,'y' => 189.848 ]
['x' => 342.711,'y' => 189.835 ]
['x' => 342.609,'y' => 189.873 ]
['x' => 342.514,'y' => 189.883 ]
['x' => 342.404,'y' => 189.886 ]
['x' => 342.290,'y' => 189.899 ]
['x' => 342.264,'y' => 189.950 ]
['x' => 342.213,'y' => 189.975 ]
['x' => 342.188,'y' => 190.039 ]
['x' => 342.136,'y' => 190.077 ]
['x' => 342.124,'y' => 190.110 ]
['x' => 342.060,'y' => 190.205 ]
['x' => 342.009,'y' => 190.325 ]
['x' => 341.945,'y' => 190.335 ]
['x' => 341.880,'y' => 190.377 ]
['x' => 341.792,'y' => 190.391 ]
['x' => 341.715,'y' => 190.447 ]
['x' => 341.644,'y' => 190.499 ]
['x' => 341.579,'y' => 190.664 ]
['x' => 341.523,'y' => 190.790 ]
['x' => 341.510,'y' => 190.909 ]
['x' => 341.457,'y' => 191.023 ]
['x' => 341.404,'y' => 191.163 ]
['x' => 341.369,'y' => 191.204 ]
['x' => 341.304,'y' => 191.309 ]
['x' => 341.299,'y' => 191.389 ]
['x' => 341.390,'y' => 191.477 ]
['x' => 341.600,'y' => 191.507 ]
['x' => 341.740,'y' => 191.558 ]
['x' => 341.859,'y' => 191.556 ]
['x' => 341.901,'y' => 191.535 ]
['x' => 341.939,'y' => 191.523 ]
['x' => 342.031,'y' => 191.472 ]
['x' => 342.045,'y' => 191.536 ]
['x' => 342.136,'y' => 191.513 ]
['x' => 342.297,'y' => 191.590 ]
['x' => 342.307,'y' => 191.636 ]
['x' => 342.289,'y' => 191.665 ]
['x' => 342.323,'y' => 191.675 ]
['x' => 342.349,'y' => 191.708 ]
['x' => 342.534,'y' => 191.695 ]
['x' => 342.597,'y' => 191.677 ]
['x' => 342.631,'y' => 191.655 ]
['x' => 342.647,'y' => 191.691 ]
['x' => 342.654,'y' => 191.742 ]
['x' => 342.708,'y' => 191.765 ]
['x' => 342.795,'y' => 191.853 ]
['x' => 343.009,'y' => 191.860 ]
['x' => 343.139,'y' => 191.948 ]
['x' => 343.062,'y' => 192.112 ]
['x' => 343.121,'y' => 192.208 ]
['x' => 343.211,'y' => 192.327 ]
['x' => 343.239,'y' => 192.394 ]
['x' => 343.265,'y' => 192.514 ]
['x' => 343.258,'y' => 192.560 ]
['x' => 343.211,'y' => 192.620 ]
['x' => 343.106,'y' => 192.634 ]
['x' => 342.980,'y' => 192.621 ]
['x' => 342.892,'y' => 192.583 ]
['x' => 342.846,'y' => 192.544 ]
['x' => 342.647,'y' => 192.357 ]
['x' => 342.486,'y' => 192.280 ]
['x' => 342.272,'y' => 192.226 ]
['x' => 341.890,'y' => 192.117 ]
['x' => 341.615,'y' => 192.057 ]
['x' => 341.569,'y' => 192.051 ]
['x' => 341.568,'y' => 191.990 ]
['x' => 341.536,'y' => 191.995 ]
['x' => 341.518,'y' => 192.074 ]
['x' => 341.593,'y' => 192.124 ]
['x' => 341.537,'y' => 192.171 ]
['x' => 341.511,'y' => 192.209 ]
['x' => 341.370,'y' => 192.150 ]
['x' => 341.192,'y' => 192.158 ]
['x' => 341.009,'y' => 192.267 ]
['x' => 340.937,'y' => 192.375 ]
['x' => 340.941,'y' => 192.454 ]
['x' => 340.895,'y' => 192.518 ]
['x' => 340.916,'y' => 192.569 ]
['x' => 340.835,'y' => 192.630 ]
['x' => 340.788,'y' => 192.671 ]
['x' => 340.726,'y' => 192.722 ]
['x' => 340.673,'y' => 192.806 ]
['x' => 340.618,'y' => 192.847 ]
['x' => 340.509,'y' => 192.844 ]
['x' => 340.477,'y' => 192.936 ]
['x' => 340.349,'y' => 192.962 ]
['x' => 340.298,'y' => 193.013 ]
['x' => 340.303,'y' => 193.095 ]
['x' => 340.176,'y' => 193.145 ]
['x' => 340.120,'y' => 193.230 ]
['x' => 340.029,'y' => 193.257 ]
['x' => 340.056,'y' => 193.299 ]
['x' => 340.102,'y' => 193.345 ]
['x' => 340.148,'y' => 193.345 ]
['x' => 340.180,'y' => 193.329 ]
['x' => 340.277,'y' => 193.354 ]
['x' => 340.343,'y' => 193.367 ]
['x' => 340.392,'y' => 193.389 ]
['x' => 340.423,'y' => 193.425 ]
['x' => 340.456,'y' => 193.432 ]
['x' => 340.474,'y' => 193.499 ]
['x' => 340.533,'y' => 193.520 ]
['x' => 340.584,'y' => 193.533 ]
['x' => 340.622,'y' => 193.539 ]
['x' => 340.702,'y' => 193.558 ]
['x' => 340.745,'y' => 193.575 ]
['x' => 340.767,'y' => 193.598 ]
['x' => 340.791,'y' => 193.619 ]
['x' => 340.837,'y' => 193.667 ]
['x' => 340.880,'y' => 193.785 ]
['x' => 340.929,'y' => 193.812 ]
['x' => 340.964,'y' => 193.840 ]
['x' => 340.990,'y' => 193.910 ]
['x' => 340.979,'y' => 193.988 ]
['x' => 340.951,'y' => 194.024 ]
['x' => 340.910,'y' => 194.099 ]
['x' => 340.862,'y' => 194.150 ]
['x' => 340.825,'y' => 194.184 ]
['x' => 340.791,'y' => 194.218 ]
['x' => 340.764,'y' => 194.239 ]
['x' => 340.723,'y' => 194.261 ]
['x' => 340.695,'y' => 194.282 ]
['x' => 340.643,'y' => 194.286 ]
['x' => 340.585,'y' => 194.291 ]
['x' => 340.542,'y' => 194.285 ]
['x' => 340.490,'y' => 194.265 ]
['x' => 340.432,'y' => 194.242 ]
['x' => 340.375,'y' => 194.208 ]
['x' => 340.332,'y' => 194.172 ]
['x' => 340.299,'y' => 194.154 ]
['x' => 340.250,'y' => 194.129 ]
['x' => 340.219,'y' => 194.111 ]
['x' => 340.160,'y' => 194.085 ]
['x' => 340.114,'y' => 194.067 ]
['x' => 340.077,'y' => 194.049 ]
['x' => 340.041,'y' => 194.036 ]
['x' => 339.994,'y' => 194.030 ]
['x' => 339.934,'y' => 194.030 ]
['x' => 339.845,'y' => 194.034 ]
['x' => 339.811,'y' => 194.036 ]
['x' => 339.762,'y' => 194.013 ]
['x' => 339.728,'y' => 193.990 ]
['x' => 339.668,'y' => 193.917 ]
['x' => 339.643,'y' => 193.879 ]
['x' => 339.604,'y' => 193.841 ]
['x' => 339.509,'y' => 193.784 ]
['x' => 339.469,'y' => 193.830 ]
['x' => 339.323,'y' => 193.761 ]
['x' => 339.165,'y' => 193.760 ]
['x' => 339.027,'y' => 193.801 ]
['x' => 339.015,'y' => 193.912 ]
['x' => 338.966,'y' => 193.860 ]
['x' => 338.945,'y' => 193.817 ]
['x' => 338.951,'y' => 193.746 ]
['x' => 338.859,'y' => 193.738 ]
['x' => 338.813,'y' => 193.789 ]
['x' => 338.767,'y' => 193.835 ]
['x' => 338.675,'y' => 193.835 ]
['x' => 338.629,'y' => 193.840 ]
['x' => 338.566,'y' => 193.794 ]
['x' => 338.492,'y' => 193.831 ]
['x' => 338.417,'y' => 193.832 ]
['x' => 338.327,'y' => 193.755 ]
['x' => 338.223,'y' => 193.766 ]
['x' => 338.095,'y' => 193.794 ]
['x' => 337.986,'y' => 193.789 ]
['x' => 337.756,'y' => 194.019 ]
['x' => 337.643,'y' => 194.060 ]
['x' => 337.618,'y' => 193.945 ]
['x' => 337.580,'y' => 193.907 ]
['x' => 337.580,'y' => 194.047 ]
['x' => 337.414,'y' => 194.047 ]
['x' => 337.388,'y' => 194.085 ]
['x' => 337.375,'y' => 194.136 ]
['x' => 337.363,'y' => 194.277 ]
['x' => 337.363,'y' => 194.315 ]
['x' => 337.388,'y' => 194.353 ]
['x' => 337.375,'y' => 194.392 ]
['x' => 337.388,'y' => 194.455 ]
['x' => 337.363,'y' => 194.494 ]
['x' => 337.095,'y' => 194.506 ]
['x' => 336.980,'y' => 194.596 ]
['x' => 336.776,'y' => 194.672 ]
['x' => 336.750,'y' => 194.711 ]
['x' => 336.533,'y' => 194.838 ]
['x' => 336.380,'y' => 194.762 ]
['x' => 336.380,'y' => 194.813 ]
['x' => 336.329,'y' => 194.813 ]
['x' => 336.252,'y' => 194.864 ]
['x' => 336.278,'y' => 194.991 ]
['x' => 336.201,'y' => 195.030 ]
['x' => 336.163,'y' => 195.094 ]
['x' => 336.112,'y' => 195.094 ]
['x' => 336.073,'y' => 195.132 ]
['x' => 336.035,'y' => 195.081 ]
['x' => 336.035,'y' => 195.030 ]
['x' => 335.997,'y' => 194.991 ]
['x' => 335.997,'y' => 194.940 ]
['x' => 335.959,'y' => 194.864 ]
['x' => 335.908,'y' => 194.877 ]
['x' => 335.908,'y' => 194.979 ]
['x' => 335.818,'y' => 195.043 ]
['x' => 335.882,'y' => 195.094 ]
['x' => 335.869,'y' => 195.145 ]
['x' => 335.805,'y' => 195.170 ]
['x' => 335.665,'y' => 195.145 ]
['x' => 335.614,'y' => 195.208 ]
['x' => 335.563,'y' => 195.221 ]
['x' => 335.308,'y' => 195.209 ]
['x' => 335.244,'y' => 195.260 ]
['x' => 335.206,'y' => 195.323 ]
['x' => 335.231,'y' => 195.374 ]
['x' => 335.193,'y' => 195.387 ]
['x' => 335.167,'y' => 195.425 ]
['x' => 335.167,'y' => 195.515 ]
['x' => 335.167,'y' => 195.553 ]
['x' => 335.218,'y' => 195.591 ]
['x' => 335.218,'y' => 195.630 ]
['x' => 335.091,'y' => 195.757 ]
['x' => 334.963,'y' => 195.719 ]
['x' => 334.976,'y' => 195.783 ]
['x' => 335.014,'y' => 195.821 ]
['x' => 335.001,'y' => 195.885 ]
['x' => 334.912,'y' => 195.923 ]
['x' => 334.810,'y' => 195.834 ]
['x' => 334.682,'y' => 195.834 ]
['x' => 334.669,'y' => 195.885 ]
['x' => 334.708,'y' => 195.923 ]
['x' => 334.682,'y' => 195.962 ]
['x' => 334.708,'y' => 196.077 ]
['x' => 334.478,'y' => 196.128 ]
['x' => 334.414,'y' => 196.038 ]
['x' => 334.338,'y' => 196.064 ]
['x' => 334.401,'y' => 196.179 ]
['x' => 334.401,'y' => 196.217 ]
['x' => 334.350,'y' => 196.255 ]
['x' => 334.401,'y' => 196.344 ]
['x' => 334.427,'y' => 196.447 ]
['x' => 334.401,'y' => 196.485 ]
['x' => 334.312,'y' => 196.447 ]
['x' => 334.261,'y' => 196.472 ]
['x' => 334.261,'y' => 196.510 ]
['x' => 334.338,'y' => 196.561 ]
['x' => 334.325,'y' => 196.613 ]
['x' => 334.197,'y' => 196.638 ]
['x' => 334.146,'y' => 196.638 ]
['x' => 334.057,'y' => 196.702 ]
['x' => 333.993,'y' => 196.651 ]
['x' => 333.929,'y' => 196.664 ]
['x' => 333.916,'y' => 196.613 ]
['x' => 333.827,'y' => 196.549 ]
['x' => 333.776,'y' => 196.613 ]
['x' => 333.725,'y' => 196.613 ]
['x' => 333.687,'y' => 196.536 ]
['x' => 333.699,'y' => 196.472 ]
['x' => 333.687,'y' => 196.383 ]
['x' => 333.444,'y' => 196.396 ]
['x' => 333.329,'y' => 196.306 ]
['x' => 333.227,'y' => 196.383 ]
['x' => 333.189,'y' => 196.447 ]
['x' => 333.176,'y' => 196.613 ]
['x' => 333.023,'y' => 196.562 ]
['x' => 333.023,'y' => 196.600 ]
['x' => 333.087,'y' => 196.702 ]
['x' => 332.959,'y' => 196.753 ]
['x' => 332.908,'y' => 196.817 ]
['x' => 332.870,'y' => 196.842 ]
['x' => 332.819,'y' => 196.881 ]
['x' => 332.793,'y' => 196.906 ]
['x' => 332.780,'y' => 196.944 ]
['x' => 332.755,'y' => 196.970 ]
['x' => 332.742,'y' => 197.034 ]
['x' => 332.729,'y' => 197.149 ]
['x' => 332.665,'y' => 197.098 ]
['x' => 332.602,'y' => 196.970 ]
['x' => 332.538,'y' => 196.944 ]
['x' => 332.512,'y' => 196.868 ]
['x' => 332.448,'y' => 196.855 ]
['x' => 332.448,'y' => 196.970 ]
['x' => 332.423,'y' => 197.008 ]
['x' => 332.423,'y' => 197.149 ]
['x' => 332.397,'y' => 197.213 ]
['x' => 332.346,'y' => 197.212 ]
['x' => 332.283,'y' => 197.264 ]
['x' => 332.257,'y' => 197.302 ]
['x' => 332.244,'y' => 197.366 ]
['x' => 332.155,'y' => 197.429 ]
['x' => 332.155,'y' => 197.481 ]
['x' => 332.040,'y' => 197.595 ]
['x' => 332.053,'y' => 197.685 ]
['x' => 332.015,'y' => 197.736 ]
['x' => 332.002,'y' => 197.774 ]
['x' => 331.989,'y' => 197.812 ]
['x' => 331.976,'y' => 197.863 ]
['x' => 331.925,'y' => 197.902 ]
['x' => 331.874,'y' => 197.902 ]
['x' => 331.810,'y' => 197.800 ]
['x' => 331.746,'y' => 197.787 ]
['x' => 331.670,'y' => 197.812 ]
['x' => 331.644,'y' => 197.876 ]
['x' => 331.593,'y' => 197.889 ]
['x' => 331.491,'y' => 197.991 ]
['x' => 331.300,'y' => 197.851 ]
['x' => 331.287,'y' => 197.723 ]
['x' => 331.249,'y' => 197.698 ]
['x' => 331.223,'y' => 197.621 ]
['x' => 331.312,'y' => 197.595 ]
['x' => 331.325,'y' => 197.557 ]
['x' => 331.364,'y' => 197.519 ]
['x' => 331.389,'y' => 197.468 ]
['x' => 331.402,'y' => 197.391 ]
['x' => 331.415,'y' => 197.340 ]
['x' => 331.415,'y' => 197.289 ]
['x' => 331.300,'y' => 197.174 ]
['x' => 331.389,'y' => 197.098 ]
['x' => 331.389,'y' => 197.021 ]
['x' => 331.364,'y' => 196.983 ]
['x' => 331.364,'y' => 196.906 ]
['x' => 331.338,'y' => 196.881 ]
['x' => 331.338,'y' => 196.804 ]
['x' => 331.261,'y' => 196.702 ]
['x' => 331.261,'y' => 196.587 ]
['x' => 331.121,'y' => 196.408 ]
['x' => 331.121,'y' => 196.332 ]
['x' => 331.159,'y' => 196.293 ]
['x' => 331.172,'y' => 196.230 ]
['x' => 331.210,'y' => 196.179 ]
['x' => 331.236,'y' => 196.153 ]
['x' => 331.236,'y' => 196.076 ]
['x' => 331.185,'y' => 196.051 ]
['x' => 331.300,'y' => 195.923 ]
['x' => 331.300,'y' => 195.872 ]
['x' => 331.274,'y' => 195.808 ]
['x' => 331.300,'y' => 195.770 ]
['x' => 331.351,'y' => 195.706 ]
['x' => 331.364,'y' => 195.655 ]
['x' => 331.376,'y' => 195.566 ]
['x' => 331.427,'y' => 195.489 ]
['x' => 331.453,'y' => 195.451 ]
['x' => 331.491,'y' => 195.425 ]
['x' => 331.491,'y' => 195.387 ]
['x' => 331.453,'y' => 195.323 ]
['x' => 331.504,'y' => 195.234 ]
['x' => 331.555,'y' => 195.196 ]
['x' => 331.542,'y' => 195.081 ]
['x' => 331.593,'y' => 195.030 ]
['x' => 331.606,'y' => 194.991 ]
['x' => 331.657,'y' => 194.940 ]
['x' => 331.695,'y' => 194.940 ]
['x' => 331.708,'y' => 194.864 ]
['x' => 331.759,'y' => 194.826 ]
['x' => 331.759,'y' => 194.749 ]
['x' => 331.849,'y' => 194.723 ]
['x' => 331.849,'y' => 194.672 ]
['x' => 331.798,'y' => 194.621 ]
['x' => 331.798,'y' => 194.570 ]
['x' => 331.836,'y' => 194.532 ]
['x' => 331.963,'y' => 194.519 ]
['x' => 331.989,'y' => 194.481 ]
['x' => 331.976,'y' => 194.417 ]
['x' => 332.027,'y' => 194.404 ]
['x' => 332.002,'y' => 194.379 ]
['x' => 332.002,'y' => 194.302 ]
['x' => 332.040,'y' => 194.251 ]
['x' => 332.040,'y' => 194.124 ]
['x' => 332.078,'y' => 194.085 ]
['x' => 332.078,'y' => 194.034 ]
['x' => 332.117,'y' => 193.983 ]
['x' => 332.117,'y' => 193.855 ]
['x' => 332.180,'y' => 193.804 ]
['x' => 332.180,'y' => 193.753 ]
['x' => 332.066,'y' => 193.639 ]
['x' => 331.912,'y' => 193.651 ]
['x' => 331.810,'y' => 193.741 ]
['x' => 331.798,'y' => 193.792 ]
['x' => 331.746,'y' => 193.843 ]
['x' => 331.747,'y' => 193.894 ]
['x' => 331.721,'y' => 193.932 ]
['x' => 331.721,'y' => 193.983 ]
['x' => 331.670,'y' => 194.073 ]
['x' => 331.657,'y' => 194.162 ]
['x' => 331.632,'y' => 194.200 ]
['x' => 331.619,'y' => 194.251 ]
['x' => 331.593,'y' => 194.353 ]
['x' => 331.504,'y' => 194.328 ]
['x' => 331.453,'y' => 194.366 ]
['x' => 331.440,'y' => 194.430 ]
['x' => 331.453,'y' => 194.506 ]
['x' => 331.427,'y' => 194.545 ]
['x' => 331.427,'y' => 194.596 ]
['x' => 331.376,'y' => 194.660 ]
['x' => 331.338,'y' => 194.698 ]
['x' => 331.325,'y' => 194.749 ]
['x' => 331.236,'y' => 194.800 ]
['x' => 331.249,'y' => 194.928 ]
['x' => 331.083,'y' => 195.081 ]
['x' => 331.057,'y' => 195.119 ]
['x' => 331.032,'y' => 195.208 ]
['x' => 330.942,'y' => 195.298 ]
['x' => 330.942,'y' => 195.336 ]
['x' => 330.904,'y' => 195.387 ]
['x' => 330.904,'y' => 195.438 ]
['x' => 330.866,'y' => 195.489 ]
['x' => 330.827,'y' => 195.528 ]
['x' => 330.789,'y' => 195.591 ]
['x' => 330.789,'y' => 195.630 ]
['x' => 330.751,'y' => 195.681 ]
['x' => 330.751,'y' => 195.719 ]
['x' => 330.687,'y' => 195.808 ]
['x' => 330.687,'y' => 195.847 ]
['x' => 330.649,'y' => 195.898 ]
['x' => 330.649,'y' => 195.936 ]
['x' => 330.623,'y' => 195.962 ]
['x' => 330.598,'y' => 196.038 ]
['x' => 330.559,'y' => 196.115 ]
['x' => 330.534,'y' => 196.153 ]
['x' => 330.508,'y' => 196.217 ]
['x' => 330.496,'y' => 196.255 ]
['x' => 330.483,'y' => 196.293 ]
['x' => 330.470,'y' => 196.344 ]
['x' => 330.432,'y' => 196.383 ]
['x' => 330.368,'y' => 196.396 ]
['x' => 330.342,'y' => 196.434 ]
['x' => 330.330,'y' => 196.485 ]
['x' => 330.291,'y' => 196.536 ]
['x' => 330.202,'y' => 196.664 ]
['x' => 330.189,'y' => 196.727 ]
['x' => 330.151,'y' => 196.778 ]
['x' => 330.138,'y' => 196.817 ]
['x' => 330.100,'y' => 196.919 ]
['x' => 330.100,'y' => 196.970 ]
['x' => 330.011,'y' => 197.136 ]
['x' => 329.972,'y' => 197.187 ]
['x' => 329.959,'y' => 197.251 ]
['x' => 329.921,'y' => 197.251 ]
['x' => 329.857,'y' => 197.315 ]
['x' => 329.832,'y' => 197.378 ]
['x' => 329.794,'y' => 197.404 ]
['x' => 329.781,'y' => 197.455 ]
['x' => 329.730,'y' => 197.493 ]
['x' => 329.730,'y' => 197.532 ]
['x' => 329.690,'y' => 197.590 ]
['x' => 329.643,'y' => 197.820 ]
['x' => 329.605,'y' => 197.898 ]
['x' => 329.596,'y' => 198.045 ]
['x' => 329.625,'y' => 198.109 ]
['x' => 329.524,'y' => 198.147 ]
['x' => 329.463,'y' => 198.217 ]
['x' => 329.425,'y' => 198.243 ]
['x' => 329.408,'y' => 198.335 ]
['x' => 329.383,'y' => 198.360 ]
['x' => 329.262,'y' => 198.450 ]
['x' => 329.002,'y' => 198.770 ]
['x' => 329.002,'y' => 198.821 ]
['x' => 328.977,'y' => 198.846 ]
['x' => 328.977,'y' => 198.897 ]
['x' => 328.966,'y' => 198.970 ]
['x' => 328.871,'y' => 198.994 ]
['x' => 328.785,'y' => 199.050 ]
['x' => 328.785,'y' => 199.089 ]
['x' => 328.747,'y' => 199.140 ]
['x' => 328.623,'y' => 199.155 ]
['x' => 328.610,'y' => 199.206 ]
['x' => 328.584,'y' => 199.231 ]
['x' => 328.584,'y' => 199.295 ]
['x' => 328.431,'y' => 199.283 ]
['x' => 328.431,'y' => 199.410 ]
['x' => 328.482,'y' => 199.500 ]
['x' => 328.469,'y' => 199.563 ]
['x' => 328.469,'y' => 199.653 ]
['x' => 328.520,'y' => 199.729 ]
['x' => 328.576,'y' => 199.752 ]
['x' => 328.576,'y' => 199.803 ]
['x' => 328.627,'y' => 199.842 ]
['x' => 328.687,'y' => 200.018 ]
['x' => 328.700,'y' => 200.107 ]
['x' => 328.764,'y' => 200.210 ]
['x' => 328.764,'y' => 200.248 ]
['x' => 328.789,'y' => 200.299 ]
['x' => 328.789,'y' => 200.350 ]
['x' => 328.866,'y' => 200.580 ]
['x' => 328.917,'y' => 200.631 ]
['x' => 328.917,'y' => 200.707 ]
['x' => 329.019,'y' => 200.861 ]
['x' => 329.070,'y' => 200.886 ]
['x' => 329.143,'y' => 200.940 ]
['x' => 329.351,'y' => 201.129 ]
['x' => 329.513,'y' => 201.157 ]
['x' => 329.564,'y' => 201.131 ]
['x' => 329.628,'y' => 201.169 ]
['x' => 329.680,'y' => 201.122 ]
['x' => 329.719,'y' => 201.109 ]
['x' => 329.747,'y' => 200.968 ]
['x' => 329.760,'y' => 200.867 ]
['x' => 329.788,'y' => 200.782 ]
['x' => 329.801,'y' => 200.628 ]
['x' => 329.795,'y' => 200.540 ]
['x' => 329.871,'y' => 200.394 ]
['x' => 329.928,'y' => 200.351 ]
['x' => 330.041,'y' => 200.397 ]
['x' => 330.113,'y' => 200.384 ]
['x' => 330.131,'y' => 200.298 ]
['x' => 330.190,'y' => 200.187 ]
['x' => 330.207,'y' => 200.144 ]
['x' => 330.248,'y' => 200.094 ]
['x' => 330.321,'y' => 199.939 ]
['x' => 330.429,'y' => 199.913 ]
['x' => 330.473,'y' => 199.886 ]
['x' => 330.595,'y' => 199.934 ]
['x' => 330.687,'y' => 199.941 ]
['x' => 330.748,'y' => 199.936 ]
['x' => 330.783,'y' => 199.973 ]
['x' => 330.804,'y' => 200.022 ]
['x' => 330.828,'y' => 200.080 ]
['x' => 330.855,'y' => 200.168 ]
['x' => 330.833,'y' => 200.270 ]
['x' => 330.824,'y' => 200.403 ]
['x' => 330.868,'y' => 200.410 ]
['x' => 330.920,'y' => 200.414 ]
['x' => 330.962,'y' => 200.468 ]
['x' => 330.990,'y' => 200.711 ]
['x' => 330.953,'y' => 200.765 ]
['x' => 330.874,'y' => 200.815 ]
['x' => 330.735,'y' => 200.905 ]
['x' => 330.667,'y' => 201.036 ]
['x' => 330.689,'y' => 201.070 ]
['x' => 330.720,'y' => 201.114 ]
['x' => 330.730,'y' => 201.155 ]
['x' => 330.691,'y' => 201.471 ]
['x' => 330.702,'y' => 201.554 ]
['x' => 330.737,'y' => 201.620 ]
['x' => 330.789,'y' => 201.667 ]
['x' => 330.853,'y' => 201.731 ]
['x' => 330.827,'y' => 201.795 ]
['x' => 330.815,'y' => 201.846 ]
['x' => 330.815,'y' => 201.897 ]
['x' => 330.866,'y' => 201.951 ]
['x' => 330.866,'y' => 202.002 ]
['x' => 330.907,'y' => 202.049 ]
['x' => 330.912,'y' => 202.048 ]
['x' => 330.919,'y' => 202.014 ]
['x' => 330.968,'y' => 201.986 ]
['x' => 331.048,'y' => 201.854 ]
['x' => 331.076,'y' => 201.838 ]
['x' => 331.122,'y' => 201.857 ]
['x' => 331.168,'y' => 201.900 ]
['x' => 331.226,'y' => 201.943 ]
['x' => 331.266,'y' => 201.983 ]
['x' => 331.276,'y' => 202.063 ]
['x' => 331.279,'y' => 202.232 ]
['x' => 331.270,'y' => 202.240 ]
['x' => 331.254,'y' => 202.290 ]
['x' => 331.227,'y' => 202.337 ]
['x' => 331.249,'y' => 202.407 ]
['x' => 331.249,'y' => 202.458 ]
['x' => 331.115,'y' => 202.529 ]
['x' => 331.112,'y' => 202.596 ]
['x' => 331.055,'y' => 202.656 ]
['x' => 331.032,'y' => 202.707 ]
['x' => 331.037,'y' => 202.769 ]
['x' => 331.054,'y' => 202.868 ]
['x' => 331.019,'y' => 202.943 ]
['x' => 331.006,'y' => 203.033 ]
['x' => 331.057,'y' => 203.071 ]
['x' => 331.044,'y' => 203.148 ]
['x' => 331.044,'y' => 203.186 ]
['x' => 331.083,'y' => 203.250 ]
['x' => 331.083,'y' => 203.288 ]
['x' => 331.121,'y' => 203.326 ]
['x' => 331.095,'y' => 203.378 ]
['x' => 331.125,'y' => 203.515 ]
['x' => 331.112,'y' => 203.604 ]
['x' => 331.112,'y' => 203.681 ]
['x' => 331.086,'y' => 203.706 ]
['x' => 331.086,'y' => 203.744 ]
['x' => 331.210,'y' => 203.748 ]
['x' => 331.213,'y' => 203.752 ]
['x' => 331.334,'y' => 203.498 ]
['x' => 331.439,'y' => 203.187 ]
['x' => 331.531,'y' => 202.931 ]
['x' => 331.580,'y' => 202.928 ]
['x' => 331.768,'y' => 203.014 ]
['x' => 331.836,'y' => 203.113 ]
['x' => 331.882,'y' => 203.193 ]
['x' => 332.021,'y' => 203.217 ]
['x' => 332.165,'y' => 203.270 ]
['x' => 332.178,'y' => 203.337 ]
['x' => 332.147,'y' => 203.405 ]
['x' => 332.138,'y' => 203.522 ]
['x' => 332.159,'y' => 203.587 ]
['x' => 332.162,'y' => 203.636 ]
['x' => 332.135,'y' => 203.701 ]
['x' => 331.987,'y' => 203.778 ]
['x' => 331.956,'y' => 203.808 ]
['x' => 331.928,'y' => 203.892 ]
['x' => 331.916,'y' => 203.978 ]
['x' => 331.931,'y' => 204.126 ]
['x' => 331.993,'y' => 204.132 ]
['x' => 332.101,'y' => 204.061 ]
['x' => 332.175,'y' => 204.009 ]
['x' => 332.285,'y' => 204.066 ]
['x' => 332.395,'y' => 204.008 ]
['x' => 332.445,'y' => 204.047 ]
['x' => 332.415,'y' => 204.092 ]
['x' => 332.337,'y' => 204.156 ]
['x' => 332.212,'y' => 204.230 ]
['x' => 332.085,'y' => 204.283 ]
['x' => 331.989,'y' => 204.296 ]
['x' => 331.949,'y' => 204.410 ]
['x' => 331.907,'y' => 204.457 ]
['x' => 331.914,'y' => 204.599 ]
['x' => 331.785,'y' => 204.486 ]
['x' => 331.708,'y' => 204.603 ]
['x' => 331.708,'y' => 204.641 ]
['x' => 331.746,'y' => 204.667 ]
['x' => 331.746,'y' => 204.756 ]
['x' => 331.619,'y' => 204.756 ]
['x' => 331.619,'y' => 204.833 ]
['x' => 331.568,'y' => 204.833 ]
['x' => 331.495,'y' => 204.736 ]
['x' => 331.466,'y' => 204.756 ]
['x' => 331.453,'y' => 204.820 ]
['x' => 331.402,'y' => 204.820 ]
['x' => 331.389,'y' => 204.769 ]
['x' => 331.338,'y' => 204.782 ]
['x' => 331.338,'y' => 204.896 ]
['x' => 331.274,'y' => 204.896 ]
['x' => 331.249,'y' => 204.871 ]
['x' => 331.249,'y' => 204.820 ]
['x' => 331.170,'y' => 204.824 ]
['x' => 331.172,'y' => 204.947 ]
['x' => 331.121,'y' => 204.935 ]
['x' => 331.083,'y' => 204.858 ]
['x' => 331.032,'y' => 204.935 ]
['x' => 331.019,'y' => 205.024 ]
['x' => 330.968,'y' => 205.024 ]
['x' => 330.913,'y' => 205.075 ]
['x' => 330.882,'y' => 205.126 ]
['x' => 330.887,'y' => 205.209 ]
['x' => 330.901,'y' => 205.295 ]
['x' => 330.999,'y' => 205.363 ]
['x' => 331.120,'y' => 205.314 ]
['x' => 331.184,'y' => 205.299 ]
['x' => 331.259,'y' => 205.392 ]
['x' => 331.385,'y' => 205.498 ]
['x' => 331.412,'y' => 205.538 ]
['x' => 331.348,'y' => 205.561 ]
['x' => 331.207,'y' => 205.579 ]
['x' => 331.035,'y' => 205.706 ]
['x' => 331.088,'y' => 205.815 ]
['x' => 331.069,'y' => 205.862 ]
['x' => 331.058,'y' => 205.937 ]
['x' => 331.082,'y' => 206.009 ]
['x' => 331.072,'y' => 206.080 ]
['x' => 331.076,'y' => 206.085 ]
['x' => 331.125,'y' => 206.088 ]
['x' => 331.171,'y' => 206.113 ]
['x' => 331.236,'y' => 206.131 ]
['x' => 331.350,'y' => 206.113 ]
['x' => 331.371,'y' => 206.128 ]
['x' => 331.448,'y' => 206.150 ]
['x' => 331.534,'y' => 206.159 ]
['x' => 331.580,'y' => 206.199 ]
['x' => 331.562,'y' => 206.260 ]
['x' => 331.485,'y' => 206.414 ]
['x' => 331.477,'y' => 206.422 ]
['x' => 331.478,'y' => 206.422 ]
['x' => 331.516,'y' => 206.472 ]
['x' => 331.506,'y' => 206.553 ]
['x' => 331.493,'y' => 206.655 ]
['x' => 331.428,'y' => 206.638 ]
['x' => 331.390,'y' => 206.562 ]
['x' => 331.352,'y' => 206.570 ]
['x' => 331.309,'y' => 206.613 ]
['x' => 331.019,'y' => 206.552 ]
['x' => 330.881,'y' => 206.439 ]
['x' => 330.832,'y' => 206.402 ]
['x' => 330.881,'y' => 206.439 ]
['x' => 330.835,'y' => 206.562 ]
['x' => 330.768,'y' => 206.599 ]
['x' => 330.703,'y' => 206.599 ]
['x' => 330.666,'y' => 206.562 ]
['x' => 330.645,'y' => 206.513 ]
['x' => 330.614,'y' => 206.482 ]
['x' => 330.592,'y' => 206.454 ]
['x' => 330.623,'y' => 206.399 ]
['x' => 330.642,'y' => 206.316 ]
['x' => 330.623,'y' => 206.171 ]
['x' => 330.643,'y' => 206.170 ]
['x' => 330.634,'y' => 206.159 ]
['x' => 330.646,'y' => 206.024 ]
['x' => 330.559,'y' => 205.925 ]
['x' => 330.550,'y' => 205.837 ]
['x' => 330.540,'y' => 205.661 ]
['x' => 330.492,'y' => 205.603 ]
['x' => 330.455,'y' => 205.520 ]
['x' => 330.317,'y' => 205.350 ]
['x' => 330.138,'y' => 205.177 ]
['x' => 330.020,'y' => 205.235 ]
['x' => 329.957,'y' => 205.360 ]
['x' => 329.894,'y' => 205.597 ]
['x' => 329.848,'y' => 205.766 ]
['x' => 329.793,'y' => 205.884 ]
['x' => 329.725,'y' => 205.951 ]
['x' => 329.725,'y' => 206.015 ]
['x' => 329.712,'y' => 206.155 ]
['x' => 329.700,'y' => 206.219 ]
['x' => 329.674,'y' => 206.244 ]
['x' => 329.661,'y' => 206.295 ]
['x' => 329.619,'y' => 206.387 ]
['x' => 329.549,'y' => 206.464 ]
['x' => 329.513,'y' => 206.530 ]
['x' => 329.453,'y' => 206.739 ]
['x' => 329.479,'y' => 206.836 ]
['x' => 329.463,'y' => 206.914 ]
['x' => 329.444,'y' => 207.063 ]
['x' => 329.454,'y' => 207.140 ]
['x' => 329.428,'y' => 207.294 ]
['x' => 329.416,'y' => 207.421 ]
['x' => 329.403,'y' => 207.600 ]
['x' => 329.390,'y' => 207.676 ]
['x' => 329.390,'y' => 207.779 ]
['x' => 329.436,'y' => 207.807 ]
['x' => 329.404,'y' => 207.893 ]
['x' => 329.425,'y' => 207.963 ]
['x' => 329.407,'y' => 208.023 ]
['x' => 329.384,'y' => 208.078 ]
['x' => 329.398,'y' => 208.126 ]
['x' => 329.358,'y' => 208.267 ]
['x' => 329.332,'y' => 208.318 ]
['x' => 329.371,'y' => 208.382 ]
['x' => 329.358,'y' => 208.484 ]
['x' => 329.405,'y' => 208.539 ]
['x' => 329.447,'y' => 208.599 ]
['x' => 329.521,'y' => 208.589 ]
['x' => 329.585,'y' => 208.589 ]
['x' => 329.685,'y' => 208.541 ]
['x' => 329.860,'y' => 208.527 ]
['x' => 329.985,'y' => 208.492 ]
['x' => 330.059,'y' => 208.419 ]
['x' => 330.322,'y' => 208.354 ]
['x' => 330.482,'y' => 208.168 ]
['x' => 330.638,'y' => 208.164 ]
['x' => 330.698,'y' => 208.095 ]
['x' => 330.741,'y' => 208.004 ]
['x' => 330.850,'y' => 207.979 ]
['x' => 330.908,'y' => 207.919 ]
['x' => 330.959,'y' => 207.877 ]
['x' => 331.012,'y' => 207.844 ]
['x' => 331.195,'y' => 208.004 ]
['x' => 331.182,'y' => 208.034 ]
['x' => 331.208,'y' => 208.069 ]
['x' => 331.260,'y' => 208.056 ]
['x' => 331.345,'y' => 208.056 ]
['x' => 331.549,'y' => 208.059 ]
['x' => 331.687,'y' => 208.095 ]
['x' => 331.852,'y' => 208.061 ]
['x' => 332.074,'y' => 207.949 ]
['x' => 332.361,'y' => 207.844 ]
['x' => 332.681,'y' => 207.758 ]
['x' => 332.737,'y' => 207.771 ]
['x' => 332.923,'y' => 207.974 ]
['x' => 332.953,'y' => 208.160 ]
['x' => 332.953,'y' => 208.224 ]
['x' => 332.884,'y' => 208.311 ]
['x' => 332.672,'y' => 208.337 ]
['x' => 332.560,'y' => 208.350 ]
['x' => 332.469,'y' => 208.406 ]
['x' => 332.426,'y' => 208.453 ]
['x' => 332.275,'y' => 208.557 ]
['x' => 332.253,'y' => 208.635 ]
['x' => 332.292,'y' => 208.764 ]
['x' => 332.331,'y' => 208.851 ]
['x' => 332.344,'y' => 208.933 ]
['x' => 332.331,'y' => 209.015 ]
['x' => 332.314,'y' => 209.088 ]
['x' => 332.296,'y' => 209.153 ]
['x' => 332.340,'y' => 209.201 ]
['x' => 332.422,'y' => 209.197 ]
['x' => 332.474,'y' => 209.244 ]
['x' => 332.344,'y' => 209.326 ]
['x' => 332.331,'y' => 209.369 ]
['x' => 332.296,'y' => 209.400 ]
['x' => 332.262,'y' => 209.438 ]
['x' => 332.227,'y' => 209.508 ]
['x' => 332.210,'y' => 209.546 ]
['x' => 332.210,'y' => 209.594 ]
['x' => 332.318,'y' => 209.702 ]
['x' => 332.465,'y' => 210.095 ]
['x' => 332.456,'y' => 210.311 ]
['x' => 332.383,'y' => 210.419 ]
['x' => 332.340,'y' => 210.493 ]
['x' => 332.279,'y' => 210.600 ]
['x' => 332.249,'y' => 210.683 ]
['x' => 332.223,'y' => 210.730 ]
['x' => 332.171,'y' => 210.773 ]
['x' => 332.067,'y' => 210.808 ]
['x' => 331.959,'y' => 210.821 ]
['x' => 331.921,'y' => 210.821 ]
['x' => 331.882,'y' => 210.786 ]
['x' => 331.795,'y' => 210.475 ]
['x' => 331.769,'y' => 210.363 ]
['x' => 331.808,'y' => 210.281 ]
['x' => 331.838,'y' => 210.173 ]
['x' => 331.726,'y' => 209.711 ]
['x' => 331.687,'y' => 209.516 ]
['x' => 331.597,'y' => 209.387 ]
['x' => 331.502,'y' => 209.322 ]
['x' => 331.402,'y' => 209.317 ]
['x' => 330.962,'y' => 209.434 ]
['x' => 330.793,'y' => 209.508 ]
['x' => 330.672,'y' => 209.564 ]
['x' => 330.610,'y' => 209.619 ]
['x' => 330.558,'y' => 209.641 ]
['x' => 330.454,'y' => 209.717 ]
['x' => 330.392,'y' => 209.818 ]
['x' => 330.354,'y' => 209.837 ]
['x' => 330.304,'y' => 209.926 ]
['x' => 330.305,'y' => 210.035 ]
['x' => 330.318,'y' => 210.108 ]
['x' => 330.316,'y' => 210.249 ]
['x' => 330.316,'y' => 210.468 ]
['x' => 330.367,'y' => 210.614 ]
['x' => 330.396,'y' => 210.741 ]
['x' => 330.432,'y' => 210.845 ]
['x' => 330.495,'y' => 211.020 ]
['x' => 330.508,'y' => 211.125 ]
['x' => 330.539,'y' => 211.184 ]
['x' => 330.429,'y' => 211.291 ]
['x' => 330.431,'y' => 211.449 ]
['x' => 330.539,'y' => 211.473 ]
['x' => 330.565,'y' => 211.547 ]
['x' => 330.508,'y' => 211.594 ]
['x' => 330.534,'y' => 211.690 ]
['x' => 330.617,'y' => 211.741 ]
['x' => 330.715,'y' => 211.793 ]
['x' => 330.598,'y' => 211.899 ]
['x' => 330.651,'y' => 211.972 ]
['x' => 330.843,'y' => 212.031 ]
['x' => 330.882,'y' => 212.119 ]
['x' => 330.879,'y' => 212.175 ]
['x' => 330.820,'y' => 212.210 ]
['x' => 330.725,'y' => 212.249 ]
['x' => 330.756,'y' => 212.343 ]
['x' => 330.994,'y' => 212.368 ]
['x' => 331.029,'y' => 212.517 ]
['x' => 331.041,'y' => 212.622 ]
['x' => 331.053,'y' => 212.692 ]
['x' => 331.056,'y' => 212.740 ]
['x' => 331.010,'y' => 212.775 ]
['x' => 330.993,'y' => 212.810 ]
['x' => 330.955,'y' => 212.836 ]
['x' => 330.942,'y' => 212.900 ]
['x' => 330.937,'y' => 213.161 ]
['x' => 330.891,'y' => 213.333 ]
['x' => 330.827,'y' => 213.397 ]
['x' => 330.827,'y' => 213.436 ]
['x' => 330.802,'y' => 213.461 ]
['x' => 330.713,'y' => 213.512 ]
['x' => 330.661,'y' => 213.557 ]
['x' => 330.561,'y' => 213.653 ]
['x' => 330.574,'y' => 213.767 ]
['x' => 330.613,'y' => 213.793 ]
['x' => 330.600,'y' => 213.831 ]
['x' => 330.600,'y' => 213.946 ]
['x' => 330.634,'y' => 214.014 ]
['x' => 330.728,'y' => 214.035 ]
['x' => 330.710,'y' => 214.080 ]
['x' => 330.710,'y' => 214.119 ]
['x' => 330.764,'y' => 214.163 ]
['x' => 330.751,'y' => 214.240 ]
['x' => 330.920,'y' => 214.265 ]
['x' => 330.993,'y' => 214.249 ]
['x' => 330.989,'y' => 214.362 ]
['x' => 331.025,'y' => 214.411 ]
['x' => 331.171,'y' => 214.457 ]
['x' => 331.307,'y' => 214.433 ]
['x' => 331.355,'y' => 214.512 ]
['x' => 331.402,'y' => 214.484 ]
['x' => 331.427,'y' => 214.444 ]
['x' => 331.454,'y' => 214.386 ]
['x' => 331.525,'y' => 214.343 ]
['x' => 331.599,'y' => 214.367 ]
['x' => 331.670,'y' => 214.429 ]
['x' => 331.744,'y' => 214.490 ]
['x' => 331.799,'y' => 214.564 ]
['x' => 331.836,'y' => 214.647 ]
['x' => 331.784,'y' => 214.801 ]
['x' => 331.725,'y' => 214.946 ]
['x' => 331.712,'y' => 215.020 ]
['x' => 331.712,'y' => 215.020 ]
['x' => 331.721,'y' => 215.018 ]
['x' => 331.708,'y' => 215.082 ]
['x' => 331.683,'y' => 215.108 ]
['x' => 331.670,'y' => 215.159 ]
['x' => 331.606,'y' => 215.235 ]
['x' => 331.746,'y' => 215.270 ]
['x' => 331.782,'y' => 215.339 ]
['x' => 331.730,'y' => 215.397 ]
['x' => 331.662,'y' => 215.452 ]
['x' => 331.669,'y' => 215.502 ]
['x' => 331.624,'y' => 215.580 ]
['x' => 331.517,'y' => 215.822 ]
['x' => 331.504,'y' => 215.937 ]
['x' => 331.504,'y' => 215.976 ]
['x' => 331.466,'y' => 216.078 ]
['x' => 331.453,'y' => 216.142 ]
['x' => 331.453,'y' => 216.244 ]
['x' => 331.478,'y' => 216.307 ]
['x' => 331.466,'y' => 216.346 ]
['x' => 331.478,'y' => 216.448 ]
['x' => 331.530,'y' => 216.525 ]
['x' => 331.606,'y' => 216.499 ]
['x' => 331.657,'y' => 216.525 ]
['x' => 331.798,'y' => 216.397 ]
['x' => 331.862,'y' => 216.452 ]
['x' => 331.947,'y' => 216.501 ]
['x' => 332.052,'y' => 216.523 ]
['x' => 332.145,'y' => 216.524 ]
['x' => 332.274,'y' => 216.489 ]
['x' => 332.342,'y' => 216.447 ]
['x' => 332.389,'y' => 216.383 ]
['x' => 332.487,'y' => 216.298 ]
['x' => 332.546,'y' => 216.255 ]
['x' => 332.572,'y' => 216.238 ]
['x' => 332.687,'y' => 216.025 ]
['x' => 332.700,'y' => 215.846 ]
['x' => 332.785,'y' => 215.736 ]
['x' => 332.853,'y' => 215.668 ]
['x' => 332.870,'y' => 215.616 ]
['x' => 332.866,'y' => 215.548 ]
['x' => 332.840,'y' => 215.455 ]
['x' => 332.798,'y' => 215.335 ]
['x' => 332.764,'y' => 214.986 ]
['x' => 332.759,'y' => 214.897 ]
['x' => 332.772,'y' => 214.859 ]
['x' => 332.879,'y' => 214.850 ]
['x' => 333.036,'y' => 214.922 ]
['x' => 333.164,'y' => 215.037 ]
['x' => 333.266,'y' => 215.042 ]
['x' => 333.330,'y' => 215.046 ]
['x' => 333.402,'y' => 215.071 ]
['x' => 333.449,'y' => 215.097 ]
['x' => 333.509,'y' => 215.105 ]
['x' => 333.551,'y' => 215.080 ]
['x' => 333.581,'y' => 215.020 ]
['x' => 333.581,'y' => 214.957 ]
['x' => 333.560,'y' => 214.876 ]
['x' => 333.534,'y' => 214.820 ]
['x' => 333.547,'y' => 214.731 ]
['x' => 333.713,'y' => 214.586 ]
['x' => 333.858,'y' => 214.497 ]
['x' => 334.049,'y' => 214.369 ]
['x' => 334.275,'y' => 214.160 ]
['x' => 334.377,'y' => 214.092 ]
['x' => 334.501,'y' => 214.075 ]
['x' => 334.581,'y' => 214.092 ]
['x' => 334.718,'y' => 214.182 ]
['x' => 334.739,'y' => 214.395 ]
['x' => 334.726,'y' => 214.471 ]
['x' => 334.671,'y' => 214.599 ]
['x' => 334.633,'y' => 214.680 ]
['x' => 334.624,'y' => 214.735 ]
['x' => 334.679,'y' => 214.782 ]
['x' => 334.705,'y' => 214.850 ]
['x' => 334.701,'y' => 214.918 ]
['x' => 334.675,'y' => 214.986 ]
['x' => 334.658,'y' => 215.033 ]
['x' => 334.641,'y' => 215.093 ]
['x' => 334.599,'y' => 215.301 ]
['x' => 334.539,'y' => 215.382 ]
['x' => 334.441,'y' => 215.450 ]
['x' => 334.356,'y' => 215.506 ]
['x' => 334.326,'y' => 215.553 ]
['x' => 334.330,'y' => 215.608 ]
['x' => 334.373,'y' => 215.646 ]
['x' => 334.454,'y' => 215.621 ]
['x' => 334.543,'y' => 215.650 ]
['x' => 334.590,'y' => 215.697 ]
['x' => 334.620,'y' => 215.748 ]
['x' => 334.628,'y' => 215.804 ]
['x' => 334.654,'y' => 215.829 ]
['x' => 334.752,'y' => 215.816 ]
['x' => 334.777,'y' => 215.782 ]
['x' => 334.854,'y' => 215.714 ]
['x' => 334.922,'y' => 215.680 ]
['x' => 335.003,'y' => 215.680 ]
['x' => 335.050,'y' => 215.710 ]
['x' => 335.109,'y' => 215.782 ]
['x' => 335.160,'y' => 215.804 ]
['x' => 335.258,'y' => 215.761 ]
['x' => 335.437,'y' => 215.612 ]
['x' => 335.578,'y' => 215.523 ]
['x' => 335.650,'y' => 215.484 ]
['x' => 335.735,'y' => 215.459 ]
['x' => 335.816,'y' => 215.463 ]
['x' => 335.897,'y' => 215.531 ]
['x' => 335.914,'y' => 215.604 ]
['x' => 335.910,'y' => 215.676 ]
['x' => 335.893,'y' => 215.740 ]
['x' => 335.867,'y' => 215.851 ]
['x' => 335.859,'y' => 215.902 ]
['x' => 335.884,'y' => 215.931 ]
['x' => 335.957,'y' => 215.923 ]
['x' => 336.020,'y' => 215.859 ]
['x' => 336.097,'y' => 215.774 ]
['x' => 336.148,'y' => 215.740 ]
['x' => 336.229,'y' => 215.770 ]
['x' => 336.267,'y' => 215.812 ]
['x' => 336.314,'y' => 215.868 ]
['x' => 336.331,'y' => 215.970 ]
['x' => 336.348,'y' => 216.012 ]
['x' => 336.557,'y' => 216.029 ]
['x' => 336.757,'y' => 216.021 ]
['x' => 336.829,'y' => 215.931 ]
['x' => 336.889,'y' => 215.774 ]
['x' => 336.936,'y' => 215.710 ]
['x' => 336.970,'y' => 215.693 ]
['x' => 337.034,'y' => 215.727 ]
['x' => 337.081,'y' => 215.787 ]
['x' => 337.144,'y' => 215.919 ]
['x' => 337.153,'y' => 215.970 ]
['x' => 337.247,'y' => 216.123 ]
['x' => 337.293,'y' => 216.149 ]
['x' => 337.417,'y' => 216.123 ]
['x' => 337.464,'y' => 216.170 ]
['x' => 337.523,'y' => 216.229 ]
['x' => 337.591,'y' => 216.247 ]
['x' => 337.728,'y' => 216.255 ]
['x' => 337.855,'y' => 216.332 ]
['x' => 337.923,'y' => 216.353 ]
['x' => 337.970,'y' => 216.353 ]
['x' => 338.051,'y' => 216.404 ]
['x' => 338.187,'y' => 216.438 ]
['x' => 338.332,'y' => 216.447 ]
['x' => 338.422,'y' => 216.447 ]
['x' => 338.558,'y' => 216.434 ]
['x' => 338.711,'y' => 216.387 ]
['x' => 338.873,'y' => 216.204 ]
['x' => 339.005,'y' => 215.863 ]
['x' => 339.107,'y' => 215.629 ]
['x' => 339.196,'y' => 215.480 ]
['x' => 339.282,'y' => 215.391 ]
['x' => 339.333,'y' => 215.340 ]
['x' => 339.431,'y' => 215.293 ]
['x' => 339.631,'y' => 215.229 ]
['x' => 339.797,'y' => 215.225 ]
['x' => 339.852,'y' => 215.255 ]
['x' => 339.890,'y' => 215.323 ]
['x' => 339.899,'y' => 215.374 ]
['x' => 339.895,'y' => 215.599 ]
['x' => 339.920,'y' => 215.706 ]
['x' => 339.924,'y' => 215.804 ]
['x' => 339.890,'y' => 216.017 ]
['x' => 339.890,'y' => 216.106 ]
['x' => 339.899,'y' => 216.170 ]
['x' => 339.937,'y' => 216.178 ]
['x' => 340.005,'y' => 216.178 ]
['x' => 339.988,'y' => 216.234 ]
['x' => 339.941,'y' => 216.293 ]
['x' => 339.878,'y' => 216.400 ]
['x' => 339.861,'y' => 216.472 ]
['x' => 339.822,'y' => 216.613 ]
['x' => 339.788,'y' => 216.736 ]
['x' => 339.673,'y' => 216.991 ]
['x' => 339.609,'y' => 217.106 ]
['x' => 339.533,'y' => 217.192 ]
['x' => 339.494,'y' => 217.226 ]
['x' => 339.384,'y' => 217.285 ]
['x' => 339.303,'y' => 217.332 ]
['x' => 339.252,'y' => 217.375 ]
['x' => 339.201,'y' => 217.430 ]
['x' => 339.171,'y' => 217.481 ]
['x' => 339.171,'y' => 217.532 ]
['x' => 339.243,'y' => 217.737 ]
['x' => 339.256,'y' => 217.813 ]
['x' => 339.239,'y' => 217.873 ]
['x' => 339.145,'y' => 217.958 ]
['x' => 339.077,'y' => 217.992 ]
['x' => 338.954,'y' => 218.000 ]
['x' => 338.860,'y' => 217.949 ]
['x' => 338.698,'y' => 217.762 ]
['x' => 338.605,'y' => 217.651 ]
['x' => 338.468,'y' => 217.592 ]
['x' => 338.247,'y' => 217.545 ]
['x' => 338.136,'y' => 217.566 ]
['x' => 337.728,'y' => 217.677 ]
['x' => 337.604,'y' => 217.758 ]
['x' => 337.562,'y' => 217.779 ]
['x' => 337.604,'y' => 217.813 ]
['x' => 337.604,'y' => 217.864 ]
['x' => 337.549,'y' => 217.903 ]
['x' => 337.442,'y' => 217.954 ]
['x' => 337.366,'y' => 217.971 ]
['x' => 337.302,'y' => 217.958 ]
['x' => 337.221,'y' => 217.915 ]
['x' => 337.157,'y' => 217.907 ]
['x' => 337.012,'y' => 217.941 ]
['x' => 336.599,'y' => 217.983 ]
['x' => 336.382,'y' => 218.018 ]
['x' => 336.127,'y' => 218.064 ]
['x' => 336.029,'y' => 218.073 ]
['x' => 335.876,'y' => 218.069 ]
['x' => 335.471,'y' => 218.192 ]
['x' => 335.420,'y' => 218.230 ]
['x' => 335.437,'y' => 218.256 ]
['x' => 335.544,'y' => 218.230 ]
['x' => 335.582,'y' => 218.222 ]
['x' => 335.642,'y' => 218.247 ]
['x' => 335.688,'y' => 218.273 ]
['x' => 335.714,'y' => 218.320 ]
['x' => 335.688,'y' => 218.362 ]
['x' => 335.663,'y' => 218.418 ]
['x' => 335.650,'y' => 218.460 ]
['x' => 335.671,'y' => 218.494 ]
['x' => 335.756,'y' => 218.499 ]
['x' => 335.884,'y' => 218.469 ]
['x' => 335.991,'y' => 218.486 ]
['x' => 336.059,'y' => 218.473 ]
['x' => 336.191,'y' => 218.443 ]
['x' => 336.344,'y' => 218.507 ]
['x' => 336.395,'y' => 218.601 ]
['x' => 336.404,'y' => 218.686 ]
['x' => 336.370,'y' => 218.754 ]
['x' => 336.318,'y' => 218.797 ]
['x' => 336.046,'y' => 218.963 ]
['x' => 336.046,'y' => 219.009 ]
['x' => 336.029,'y' => 219.039 ]
['x' => 335.999,'y' => 219.056 ]
['x' => 335.859,'y' => 219.184 ]
['x' => 335.876,'y' => 219.252 ]
['x' => 335.910,'y' => 219.290 ]
['x' => 335.982,'y' => 219.337 ]
['x' => 336.093,'y' => 219.316 ]
['x' => 336.140,'y' => 219.303 ]
['x' => 336.161,'y' => 219.350 ]
['x' => 336.152,'y' => 219.401 ]
['x' => 336.178,'y' => 219.427 ]
['x' => 336.255,'y' => 219.380 ]
['x' => 336.289,'y' => 219.290 ]
['x' => 336.331,'y' => 219.244 ]
['x' => 336.416,'y' => 219.205 ]
['x' => 336.553,'y' => 219.112 ]
['x' => 336.625,'y' => 219.116 ]
['x' => 336.642,'y' => 219.090 ]
['x' => 336.727,'y' => 218.967 ]
['x' => 336.791,'y' => 218.895 ]
['x' => 336.872,'y' => 218.856 ]
['x' => 336.919,'y' => 218.865 ]
['x' => 336.927,'y' => 218.912 ]
['x' => 336.919,'y' => 218.997 ]
['x' => 336.910,'y' => 219.065 ]
['x' => 336.983,'y' => 219.039 ]
['x' => 337.029,'y' => 218.958 ]
['x' => 337.063,'y' => 218.937 ]
['x' => 337.234,'y' => 218.848 ]
['x' => 337.289,'y' => 218.873 ]
['x' => 337.306,'y' => 218.963 ]
['x' => 337.293,'y' => 219.048 ]
['x' => 337.327,'y' => 219.086 ]
['x' => 337.404,'y' => 219.124 ]
['x' => 337.442,'y' => 219.154 ]
['x' => 337.489,'y' => 219.286 ]
['x' => 337.493,'y' => 219.363 ]
['x' => 337.515,'y' => 219.410 ]
['x' => 337.557,'y' => 219.401 ]
['x' => 337.608,'y' => 219.414 ]
['x' => 337.600,'y' => 219.457 ]
['x' => 337.553,'y' => 219.508 ]
['x' => 337.468,'y' => 219.567 ]
['x' => 337.502,'y' => 219.750 ]
['x' => 337.519,'y' => 219.806 ]
['x' => 337.455,'y' => 219.857 ]
['x' => 337.349,'y' => 219.938 ]
['x' => 337.272,'y' => 219.950 ]
['x' => 337.208,'y' => 219.921 ]
['x' => 337.166,'y' => 219.916 ]
['x' => 337.106,'y' => 219.946 ]
['x' => 337.038,'y' => 219.997 ]
['x' => 336.991,'y' => 220.027 ]
['x' => 336.897,'y' => 220.057 ]
['x' => 336.791,'y' => 220.095 ]
['x' => 336.727,'y' => 220.133 ]
['x' => 336.676,'y' => 220.184 ]
['x' => 336.659,'y' => 220.236 ]
['x' => 336.688,'y' => 220.288 ]
