latitude,longitude
-73.5153412249533,167.40822335077678
-73.51820776606222,167.39224486920833
-73.52517340326926,167.37454467389583
-73.53131816255542,167.3129491362962
-73.53059724320207,167.27371847367726
-73.52372741699217,167.24755859375
-73.52007293701169,167.2626953125
-73.5168762207031,167.2489471435547
-73.50768280029293,167.23184204101562
-73.50128936767578,167.2043914794922
-73.4933395385742,167.2066650390625
-73.48979187011716,167.2054443359375
-73.48899078369139,167.1572723388672
-73.47889437863012,167.12258707093415
-73.47727249356376,167.10624234239464
-73.47854316009236,167.09149198946088
-73.48050348124451,167.0830475966531
-73.48454045463495,167.08077345490256
-73.48863825568198,167.0794303793061
-73.49595606867584,167.08039599114272
-73.50516510009764,167.10357666015625
-73.51345825195308,167.08872985839847
-73.51615905761717,167.09471130371097
-73.52495574951169,167.0876007080078
-73.52664947509763,167.0780792236328
-73.53324127197263,167.07273864746094
-73.54042816162105,167.0587615966797
-73.5503234863281,167.0507354736328
-73.55412292480464,167.05581665039062
-73.55742645263672,167.0531463623047
-73.55911254882811,167.04359436035156
-73.56461334228513,167.03912353515625
-73.56866455078121,167.048095703125
-73.57636260986325,167.04185485839844
-73.58058929443355,167.0179443359375
-73.57932281494136,166.99850463867188
-73.57526397705077,166.9895477294922
-73.5711212158203,166.99702453613284
-73.56385040283199,166.9743194580078
-73.5586776733398,166.91314697265625
-73.56256103515624,166.9017791748047
-73.56127929687497,166.8823699951172
-73.56516265869136,166.87100219726562
-73.57310485839842,166.86854553222656
-73.57749938964841,166.8649139404297
-73.58292388916013,166.87683105468753
-73.58968021555098,166.86602858651298
-73.59004376798565,166.83210389852488
-73.58683013916011,166.82254028320312
-73.58306121826168,166.8160858154297
-73.57814788818358,166.81170654296875
-73.5724868774414,166.80795288085938
-73.56894683837885,166.8074951171875
-73.56583404541013,166.81570434570312
-73.56267547607419,166.82337951660156
-73.55731964111327,166.82669067382812
-73.55187225341794,166.83343505859375
-73.54447174072263,166.8226776123047
-73.54282379150386,166.81224060058594
-73.54034423828124,166.80361938476562
-73.53891754150388,166.78457641601562
-73.53708648681639,166.77148437500003
-73.53887176513669,166.7576446533203
-73.54203033447261,166.74771118164062
-73.54295349121091,166.73289489746094
-73.54119873046872,166.6995086669922
-73.54340362548824,166.6611328125
-73.54534912109374,166.65219116210938
-73.54860687255857,166.64608764648438
-73.55457305908199,166.6399688720703
-73.55997467041011,166.63261413574222
-73.56604003906246,166.61851501464844
-73.57380137484664,166.62055045311962
-73.5797308653158,166.60142533856146
-73.5869979858398,166.62449645996094
-73.59132676216046,166.59742752976146
-73.5960235595703,166.5726318359375
-73.60037231445311,166.55755615234375
-73.60126495361327,166.54031372070312
-73.5954437255859,166.5230712890625
-73.59173583984374,166.506591796875
-73.587043762207,166.4915771484375
-73.58477783203124,166.48590087890625
-73.57882690429683,166.4602508544922
-73.57409667968747,166.43548583984375
-73.57699584960933,166.43080139160156
-73.58030700683591,166.4320831298828
-73.58460235595702,166.43728637695312
-73.58831787109372,166.43792724609375
-73.59117126464842,166.43643188476562
-73.59541320800777,166.4356689453125
-73.59836578369138,166.4290313720703
-73.59415435791013,166.4237518310547
-73.58943939208983,166.41636657714844
-73.58435821533199,166.40614318847656
-73.57666015624999,166.39056396484375
-73.5671691894531,166.37875366210938
-73.56274414062496,166.373046875
-73.55602264404294,166.35858154296875
-73.55285644531247,166.35812377929688
-73.54946899414058,166.3505859375
-73.54730224609371,166.33474731445312
-73.5460739135742,166.3260040283203
-73.54446411132808,166.31695556640625
-73.5433883666992,166.30650329589847
-73.54270935058592,166.29666137695312
-73.5414886474609,166.28160095214844
-73.53852081298824,166.2724609375
-73.53714752197261,166.26290893554688
-73.53549957275388,166.2456817626953
-73.53758239746091,166.23440551757812
-73.54017639160152,166.2239532470703
-73.54499053955075,166.218505859375
-73.55350494384763,166.21463012695312
-73.56468963623045,166.2169647216797
-73.56986236572263,166.21531677246094
-73.57144165039058,166.20318603515625
-73.57580566406247,166.2041473388672
-73.57788848876952,166.19790649414062
-73.57933044433591,166.18905639648438
-73.58057403564452,166.1708526611328
-73.58305358886719,166.16140747070312
-73.5877227783203,166.15765380859375
-73.59681701660155,166.18017578125
-73.61076354980466,166.2054901123047
-73.61354827880857,166.20687866210938
-73.61614990234371,166.20303344726562
-73.6180191040039,166.19505310058594
-73.6183395385742,166.17507934570315
-73.61960601806639,166.1482391357422
-73.62240600585938,166.13180541992188
-73.62607574462886,166.1136474609375
-73.62821197509763,166.10574340820312
-73.63136291503906,166.10202026367188
-73.63636779785155,166.10430908203125
-73.64186859130858,166.11380004882812
-73.65018463134763,166.1380157470703
-73.65513610839841,166.14991760253906
-73.66020202636717,166.15440368652344
-73.66446685791013,166.1538543701172
-73.66659545898436,166.16250610351562
-73.67256164550778,166.18531799316406
-73.6767654418945,166.18898010253906
-73.67959594726561,166.1858673095703
-73.68163299560544,166.17388916015625
-73.68209075927732,166.15977478027344
-73.68204498291011,166.14353942871094
-73.68125152587888,166.10118103027344
-73.68307495117183,166.08871459960938
-73.68445587158202,166.08016967773438
-73.68914794921872,166.06900024414065
-73.69180297851558,166.0736846923828
-73.69448089599605,166.08377075195312
-73.69799804687499,166.10206604003906
-73.69727325439449,166.11483764648438
-73.69601440429686,166.12648010253906
-73.69374847412108,166.13645935058594
-73.69470977783199,166.14775085449222
-73.69812774658202,166.1466522216797
-73.70003509521482,166.1392364501953
-73.70127105712886,166.12985229492188
-73.70321655273435,166.12046813964847
-73.70574951171872,166.1259002685547
-73.7126541137695,166.1505126953125
-73.71381378173824,166.1712188720703
-73.71348571777341,166.18716430664062
-73.71167755126952,166.1986541748047
-73.70997619628903,166.2234649658203
-73.71043395996094,166.24317932128906
-73.71147918701168,166.2556915283203
-73.71427154541014,166.2637939453125
-73.71718597412107,166.2618865966797
-73.72252655029294,166.27833557128906
-73.72422248558316,166.28760364830282
-73.727387375352,166.27430832078105
-73.72959305716729,166.26001216038796
-73.73322850666385,166.2452432553717
-73.73608163575767,166.24071983676325
-73.74480788725168,166.26536115245327
-73.74957294605863,166.25503633869667
-73.74883824086375,166.22360205771378
-73.74535464561258,166.19344789564946
-73.75003165848047,166.20529409140988
-73.75003165848048,166.20529409140994
-73.75003165848048,166.20529409140988
-73.73919489122738,166.16091439284523
-73.73842403474357,166.13758292362746
-73.74298069845408,166.13456892715234
-73.75243700157293,166.14942274273886
-73.75243700157299,166.14942274273903
-73.75243700157294,166.14942274273886
-73.75842323747747,166.15145287468354
-73.76115456071969,166.1573732848398
-73.76470985857125,166.15839562370698
-73.76963081804388,166.1623781676523
-73.77428474870797,166.16243920280854
-73.78058662859077,166.15271935417573
-73.78554732253104,166.13603033762743
-73.79155270173906,166.13566905492877
-73.80267327849697,166.1772752225216
-73.81253814697266,166.1686553955078
-73.81291396071461,166.12849249583056
-73.8113041584685,166.08820929270556
-73.79763991286308,166.04202093821337
-73.806413716574,166.01754584055715
-73.80587202956228,165.99300970774462
-73.81244093825367,165.97045721751024
-73.81928450514823,165.96848883372118
-73.82338911940603,165.97733893137743
-73.82995802809744,165.97146429758837
-73.83269698073416,165.96066107493212
-73.83159834792166,165.92822088938524
-73.82604217529294,165.89382934570312
-73.82575988769531,165.87319946289062
-73.81898538065658,165.8084954821928
-73.82486973894876,165.80393316282357
-73.82218190904561,165.78256853572333
-73.82256087983139,165.76409251466856
-73.81713445921005,165.75090307119154
-73.8099049217321,165.7202374435531
-73.79814861693059,165.66555843392862
-73.79201578768343,165.62690850211922
-73.79279334413623,165.61814609948792
-73.79668024927557,165.61356981998426
-73.80010050848128,165.60640030186897
-73.8028360644163,165.5857611964093
-73.8050578386259,165.57364402182813
-73.80821318567008,165.56670536527116
-73.81335699223158,165.56397402525275
-73.82993335518712,165.60312625633784
-73.84809137477069,165.6449370292544
-73.8633141719232,165.7069601296471
-73.86548631206084,165.71582590117447
-73.87479670559306,165.7800689826021
-73.8742223022121,165.80383412341072
-73.8750414691408,165.82607005038108
-73.879397403032,165.80486543523287
-73.87962341308592,165.77828979492188
-73.88301442106447,165.7605626135042
-73.88122165013387,165.73908546628994
-73.8872338311068,165.70103565089627
-73.89136080022126,165.67289651490375
-73.89711336369781,165.67181314088032
-73.90148500676422,165.66776956177875
-73.90451387639314,165.67761148072407
-73.91374206542967,165.68408203125
-73.91425323486327,165.65838623046875
-73.91757202148436,165.64608764648438
-73.91656494140625,165.6318817138672
-73.91555786132808,165.61767578125
-73.91454315185545,165.6034698486328
-73.91353607177732,165.5892791748047
-73.91252136230464,165.57508850097656
-73.91150665283203,165.56088256835938
-73.91049957275389,165.54669189453125
-73.90948486328122,165.53250122070312
-73.9074478149414,165.50413513183594
-73.90489196777342,165.48829650878906
-73.89623260498047,165.459228515625
-73.89521026611327,165.44505310058597
-73.89247131347655,165.44659423828125
-73.8843841552734,165.4216003417969
-73.88027954101558,165.40826416015625
-73.87924957275389,165.3940887451172
-73.87628173828124,165.38616943359375
-73.8701477050781,165.35092163085938
-73.86544799804685,165.3257598876953
-73.86334228515622,165.30580139160156
-73.86310577392574,165.28855895996094
-73.88060760498045,165.28904724121094
-73.88187408447263,165.27960205078125
-73.8880233764648,165.28024291992188
-73.89485168457028,165.2926025390625
-73.89779663085935,165.2826385498047
-73.89817810058592,165.2565155029297
-73.89057922363278,165.2228546142578
-73.88619232177729,165.2098388671875
-73.8808898925781,165.19871520996094
-73.87340545654295,165.19686889648438
-73.86808013916014,165.1932830810547
-73.85919189453124,165.18663024902344
-73.85404968261716,165.18202209472656
-73.8492279052734,165.1736602783203
-73.84530639648435,165.17739868164062
-73.84115600585938,165.17486572265625
-73.83728027343746,165.1793975830078
-73.83354187011719,165.18080139160156
-73.82961273193357,165.1845245361328
-73.82568359374997,165.18826293945312
-73.82176208496091,165.19198608398438
-73.81783294677732,165.19570922851562
-73.81259918212888,165.19993591308594
-73.80583190917969,165.2098388671875
-73.80190277099608,165.21356201171875
-73.797981262207,165.21726989746094
-73.79405212402341,165.2209930419922
-73.79012298583982,165.22470092773438
-73.78619384765624,165.22842407226562
-73.78273773193355,165.23037719726562
-73.77770233154297,165.23211669921875
-73.77378082275389,165.23582458496094
-73.76786804199214,165.23605346679688
-73.76258850097653,165.2328643798828
-73.75865936279294,165.236572265625
-73.75473022460935,165.2402801513672
-73.74632263183591,165.24208068847656
-73.74336242675777,165.24069213867188
-73.73940277099605,165.23583984375
-73.73616027832028,165.2358856201172
-73.73022460937497,165.22689819335938
-73.72713470458983,165.2289581298828
-73.72304534912105,165.22723388671875
-73.71756744384763,165.22940063476562
-73.71347808837888,165.22767639160156
-73.70637512207027,165.23562622070312
-73.69934844970702,165.22984313964844
-73.69362640380857,165.21897888183594
-73.68806457519528,165.21524047851562
-73.67701721191403,165.19741821289062
-73.67185974121092,165.1813507080078
-73.66831207275386,165.1723175048828
-73.66334533691406,165.16206359863284
-73.66071319580074,165.14920043945312
-73.65541839599605,165.128173828125
-73.65197753906249,165.11265563964844
-73.64282226562497,165.04672241210938
-73.63800048828122,165.0279998779297
-73.63724517822264,165.00498962402347
-73.63842773437499,164.97743225097656
-73.6408996582031,164.93881225585938
-73.64702606201169,164.9244384765625
-73.65094757080075,164.9207000732422
-73.66729736328124,164.8880615234375
-73.6712188720703,164.88430786132812
-73.67737579345699,164.88307189941406
-73.6812973022461,164.8793182373047
-73.68521881103511,164.87554931640625
-73.68914031982418,164.87179565429688
-73.69586944580074,164.86734008789062
-73.70503234863278,164.8809356689453
-73.71102905273435,164.89186096191406
-73.71495056152344,164.88807678222656
-73.71887207031246,164.88430786132812
-73.72279357910155,164.88052368164062
-73.72777557373045,164.89073181152344
-73.7393112182617,164.90252685546878
-73.74844360351558,164.88583374023438
-73.75236511230467,164.88204956054688
-73.76306915283199,164.85667419433594
-73.76699066162108,164.85287475585938
-73.76729583740233,164.83433532714844
-73.77324676513669,164.8164825439453
-73.78131103515624,164.81069946289062
-73.78573608398438,164.81356811523438
-73.79170989990232,164.81939697265625
-73.79563140869136,164.81558227539062
-73.80090332031249,164.8193817138672
-73.80673980712889,164.82571411132812
-73.81552886962889,164.8181915283203
-73.8205108642578,164.8284454345703
-73.82855224609374,164.83140563964844
-73.83831787109374,164.84136962890625
-73.84313201904293,164.84619140625
-73.84722900390624,164.84783935546875
-73.85180664062497,164.85116577148438
-73.85613250732418,164.8543243408203
-73.8611145019531,164.8646240234375
-73.86613464355466,164.8705596923828
-73.87001800537108,164.87112426757812
-73.87499999999999,164.8814239501953
-73.87943267822264,164.88446044921875
-73.88393402099605,164.881591796875
-73.89257049560545,164.89833068847656
-73.89718627929686,164.9150848388672
-73.90209197998043,164.9228973388672
-73.90556335449216,164.9225616455078
-73.91053771972653,164.93290710449222
-73.9137268066406,164.94500732421875
-73.91728973388669,164.95413208007812
-73.92154693603511,164.96778869628906
-73.92504882812497,164.97610473632812
-73.93054962158202,164.9931182861328
-73.93725585937496,165.00552368164062
-73.94139862060543,165.02090454101562
-73.9516448974609,165.0465545654297
-73.95842742919919,165.06726074218753
-73.96127319335936,165.0786895751953
-73.96768188476561,165.09661865234375
-73.97061920166016,165.1072540283203
-73.97615051269527,165.13519287109375
-73.98097229003905,165.1592559814453
-73.98497772216794,165.18792724609378
-73.98714447021483,165.19903564453125
-73.98971557617186,165.2143096923828
-73.99304962158202,165.24603271484375
-73.996711730957,165.26594543457034
-74.00656127929685,165.3240203857422
-74.01583122956185,165.40832558516144
-74.01925659179686,165.34915161132812
-74.0233459472656,165.34103393554688
-74.02547454833983,165.32205200195312
-74.03083851950767,165.31162802803223
-74.03772735595703,165.29766845703125
-74.04037108341707,165.29406018043224
-74.04541552700655,165.2510430584544
-74.05111131646733,165.23709124707165
-74.04801177978516,165.18168640136722
-74.05559007198507,165.19022725385358
-74.05963119065642,165.17366424190217
-74.06158532268108,165.14835173446383
-74.05719757080075,165.0880584716797
-74.05699157714841,165.0740966796875
-74.05186462402342,165.0572509765625
-74.03471374511717,165.0290985107422
-74.02485656738278,165.03396606445312
-74.02125549316405,165.02685546875
-74.01815032958982,165.01339721679688
-74.01329040527342,164.98927307128906
-74.01052856445311,164.96725463867188
-74.00709533691405,164.94058227539062
-73.99606323242185,164.89254760742188
-73.9917221069336,164.8626708984375
-73.99189758300777,164.83897399902344
-74.00138854980466,164.8096466064453
-74.01435089111327,164.7833251953125
-74.02365875244136,164.76882934570312
-74.03327178955077,164.7758331298828
-74.04770660400389,164.8081817626953
-74.05722808837886,164.8336181640625
-74.06489562988278,164.83847045898438
-74.07123565673827,164.85821533203125
-74.07431793212886,164.87350463867188
-74.08140563964844,164.8725738525391
-74.08496856689449,164.87332153320312
-74.09259796142574,164.86581420898438
-74.09221649169919,164.8448486328125
-74.08587646484374,164.83831787109375
-74.08469390869139,164.82241821289062
-74.08825683593749,164.82315063476562
-74.09400177001952,164.82174682617188
-74.0989162695156,164.81253785686172
-74.1034288651208,164.80908430312113
-74.10665545150704,164.80587753808157
-74.11489868164061,164.83523559570312
-74.1174580555046,164.87737256328677
-74.12370690661422,164.88207355983403
-74.13727569580077,164.86868286132812
-74.13717651367186,164.85166931152344
-74.14341735839842,164.84120178222656
-74.14819335937499,164.81077575683594
-74.15373229980466,164.82240295410156
-74.16293334960938,164.85183715820312
-74.17148137138287,164.88061241254903
-74.17534184501568,164.88537315473653
-74.18435978935163,164.88073448286153
-74.18764499079619,164.87333873043792
-74.19794545859499,164.84797491881727
-74.20203108828822,164.83531390792518
-74.20659310391385,164.82530749484357
-74.21058654785153,164.84742736816406
-74.21342565652286,164.8544784956229
-74.21772003173827,164.84893798828125
-74.22827246706095,164.91470832198806
-74.2318525868508,164.94330847002223
-74.23497772216793,164.95657348632812
-74.23513793945311,164.9908447265625
-74.23710632324217,165.00181579589844
-74.24125671386717,165.01063537597656
-74.24481964111327,165.01141357421875
-74.2478790283203,165.0213165283203
-74.25435638427733,165.06231689453125
-74.26337763396856,165.07381106352148
-74.27155184408801,165.05809452392538
-74.2749557495117,165.07223510742188
-74.2796173095703,165.07196044921875
-74.2837677001953,165.08082580566406
-74.28762054443358,165.08566284179688
-74.29308319091797,165.0802764892578
-74.29831695556639,165.08810424804688
-74.30844116210935,165.08245849609375
-74.31171417236324,165.07923889160156
-74.31724548339842,165.09107971191406
-74.3225066157928,165.12354384038397
-74.32941884723812,165.13837538335272
-74.3329817744842,165.13921461675116
-74.3411923496482,165.12681745573857
-74.34238881794123,165.09099684331366
-74.34610441984485,165.0818192267379
-74.36006612507013,165.12558851811835
-74.36552877155451,165.1202021655793
-74.3690230342498,165.1037531909699
-74.37586660114437,165.10134230229804
-74.3823776245117,165.13522338867188
-74.39205169677734,165.15609741210938
-74.39642333984375,165.15179443359375
-74.4241714477539,165.24624633789062
-74.42841609327392,165.22878694894408
-74.4331744445105,165.23290596036287
-74.43757629394533,165.23744201660156
-74.44309997558592,165.24945068359375
-74.44718170166014,165.2410888671875
-74.45650458989059,165.25688025417662
-74.46152947316136,165.25732817024326
-74.46509240040746,165.25819792121982
-74.4676055908203,165.28207397460938
-74.46645911741132,165.31067956049625
-74.47156524658202,165.3218231201172
-74.47229608207716,165.36131524822883
-74.47630657766739,165.36476505353306
-74.47963002018423,165.36597349938745
-74.48079681396483,165.38697814941406
-74.48435974121092,165.3878631591797
-74.48522186279297,165.40013122558594
-74.4800338745117,165.40951538085938
-74.49831390380858,165.48782348632812
-74.50407409667966,165.4866180419922
-74.5081634521484,165.47828674316406
-74.52786254882811,165.45916748046878
-74.53171539306639,165.46417236328125
-74.53636932373045,165.4640350341797
-74.54460144042966,165.4647674560547
-74.55007171630858,165.45945739746094
-74.55529785156249,165.467529296875
-74.56502564026948,165.45894593655066
-74.57608431801395,165.44865260040635
-74.57883852943975,165.45475611603135
-74.5826837442835,165.4597762576329
-74.58654421791631,165.46479639923447
-74.5901071451624,165.46571192657822
-74.59367770180303,165.46662745392197
-74.59833163246708,165.46647486603135
-74.61418551430303,165.44218287384385
-74.61941164955691,165.45027003204697
-74.62845248207647,165.44582972442979
-74.63202303871708,165.44674525177354
-74.63792995060815,165.44875618298659
-74.64377230629522,165.43079981720322
-74.64591616615851,165.41103968536729
-74.64120882973272,165.39362940704697
-74.63654726967413,165.39381251251572
-74.63378542885381,165.38770899689072
-74.62912386879522,165.3878768435704
-74.62332552895147,165.3715651980626
-74.61728304848273,165.3687118045079
-74.61423129067022,165.3585036746251
-74.60657900795538,165.36604151642197
-74.60381716713503,165.35995325958604
-74.60053652748664,165.3631881228673
-74.59658151520311,165.3519522702584
-74.59091690072269,165.34074759290414
-74.58784484863278,165.33030700683594
-74.5802508366193,165.31064035443072
-74.57185363769528,165.30213928222656
-74.56552287561304,165.29310038131263
-74.55946360488649,165.26618230933656
-74.55543374516655,165.2454746171942
-74.55561631358093,165.2245454766172
-74.54444898350918,165.2207280548238
-74.53879950739883,165.21257261905885
-74.53550716754727,165.19786087819207
-74.53307062505893,165.1733214637326
-74.53347620587108,165.14913392177183
-74.53536330541239,165.1239960086366
-74.54185505327924,165.10263026555856
-74.54876834582788,165.0678982703969
-74.55430456257744,165.0475472188894
-74.55724701536269,165.04293633747727
-74.55724701536269,165.04293633747727
-74.55634021967701,165.03181465583586
-74.5589370727539,165.00314331054688
-74.55955165597958,164.9849037982144
-74.55987309880622,164.95226348915992
-74.5631082508499,164.92406211326593
-74.56156767664851,164.89381422447704
-74.56424559412896,164.88229383873485
-74.57109679041804,164.87976087975048
-74.57515562830864,164.87120069908642
-74.5782226449102,164.88131727623485
-74.58179320155084,164.88209547447704
-74.58122862635553,164.82540907310985
-74.57559050379695,164.7959290926411
-74.57151640711726,164.80448927330517
-74.56735838709771,164.7955323641255
-74.56806029139457,164.77279676842235
-74.56528319178523,164.76683058189892
-74.56904448328912,164.7541810457661
-74.56498564539848,164.71432508873485
-74.5712341195196,164.70350660728954
-74.5750945931524,164.70834364342235
-74.57935942469537,164.68634046959423
-74.57745970545709,164.64421095299267
-74.57467497645318,164.63827528404735
-74.57111204920709,164.6375276033833
-74.56960905848443,164.61706556725048
-74.5737518197149,164.57753004478954
-74.57285155116023,164.56523146080517
-74.56390227137504,164.5392610018208
-74.56355131922663,164.48675550865673
-74.56712187586724,164.48744215416454
-74.57098997889457,164.49223341393017
-74.57783354578913,164.48950209068798
-74.5850976130461,164.4927558880096
-74.58051300048825,164.4783172607422
-74.57742309570311,164.46656799316406
-74.57420349121092,164.4527130126953
-74.56750488281249,164.44483947753906
-74.56405639648436,164.42950439453125
-74.56213378906249,164.41152954101562
-74.5630645751953,164.39071655273438
-74.56331634521484,164.37168884277344
-74.56436157226558,164.35664367675784
-74.56410217285155,164.3345947265625
-74.56617736816406,164.31634521484375
-74.5686798095703,164.29098510742188
-74.57093048095702,164.27867126464844
-74.57543182373047,164.27537536621094
-74.58031463623045,164.26873779296875
-74.58084869384766,164.24725341796875
-74.5841293334961,164.2283477783203
-74.59510040283203,164.23794555664062
-74.60050964355467,164.23692321777347
-74.60443115234374,164.23277282714844
-74.60839080810547,164.23687744140625
-74.61132049560545,164.24436950683594
-74.61453247070311,164.2511444091797
-74.63475983316322,164.22712732676263
-74.63285727033862,164.20058585168783
-74.62819726904365,164.182203881655
-74.63200913708502,164.16385642289623
-74.62713227887329,164.10423396666198
-74.62643967907722,164.05901328324777
-74.62935638427733,164.0469970703125
-74.63371276855467,164.04229736328125
-74.64102452307733,164.03740771815743
-74.64722442626952,164.04991149902344
-74.65529632568358,164.0634002685547
-74.65995788574217,164.0628204345703
-74.66352844238281,164.06341552734375
-74.66679382324217,164.0598907470703
-74.6720733642578,164.06752014160156
-74.67642211914061,164.06283569335938
-74.67797851562499,164.05226135253906
-74.68714141845703,164.033447265625
-74.69257354736327,164.02755737304688
-74.69615173339844,164.02813720703125
-74.69894409179686,164.0340118408203
-74.7025146484375,164.0345916748047
-74.70764160156246,164.0869903564453
-74.71153259277341,164.09170532226562
-74.71431732177733,164.09757995605472
-74.71820068359374,164.10232543945312
-74.72286987304688,164.10174560546875
-74.7256622314453,164.10765075683594
-74.7284469604492,164.11355590820312
-74.73202514648435,164.11416625976562
-74.73668670654295,164.11358642578125
-74.74507141113281,164.1000518798828
-74.74678802490234,164.0758514404297
-74.75331878662108,164.0687713623047
-74.75642395019531,164.0788116455078
-74.76045989990234,164.06996154785156
-74.76216888427733,164.04574584960938
-74.76853942871092,164.02090454101562
-74.76701306516918,163.99353281906764
-74.76557922363283,163.96595764160156
-74.76821136474608,163.9541015625
-74.7725341978965,163.9348829096726
-74.77577594254589,163.94126798579603
-74.78174137089435,163.95001947770118
-74.78343963623044,163.96881103515625
-74.7860870361328,163.9883270263672
-74.7899703979492,163.9930419921875
-74.79463958740234,164.0238037109375
-74.80101013183591,164.03033447265625
-74.8038101196289,164.03623962402344
-74.81135977444946,164.03492820090062
-74.8203777187854,164.02957236593969
-74.82473410306274,164.02482688254125
-74.82701372588453,164.0063920916897
-74.84250733780571,163.9816378896528
-74.8465509169073,164.00420563867624
-74.85012910294243,164.00478547266061
-74.86470031738278,163.9695281982422
-74.86734008789061,163.95762634277344
-74.87309265136719,163.95579528808594
-74.87667083740234,163.9563751220703
-74.88613891601564,163.94142150878906
-74.88720703124999,163.9086456298828
-74.88300323486327,163.89974975585938
-74.87236785888672,163.88479614257812
-74.86224365234374,163.90100097656253
-74.84896087646483,163.9273376464844
-74.83768463134764,163.93975830078125
-74.82753753662107,163.92092895507812
-74.82332611083983,163.90557861328125
-74.82141876220702,163.89767456054688
-74.81892395019531,163.87045288085938
-74.81620025634766,163.851806640625
-74.81791687011719,163.8399200439453
-74.82315826416016,163.8457794189453
-74.83042144775389,163.84942626953125
-74.83318328857422,163.8513641357422
-74.83513641357422,163.84254455566406
-74.83454132080078,163.82318115234375
-74.82579803466795,163.78286743164062
-74.8124084472656,163.75608825683594
-74.79493713378905,163.73889160156253
-74.78397369384766,163.72113037109375
-74.77790069580078,163.70462036132812
-74.77504730224608,163.6845245361328
-74.77455902099607,163.66677856445312
-74.77718353271483,163.65554809570312
-74.78056335449219,163.6484375
-74.78463745117188,163.63890075683594
-74.78969573974608,163.63656616210938
-74.79785919189452,163.62908935546875
-74.79985046386717,163.61521911621094
-74.79254150390624,163.6167449951172
-74.77238464355467,163.64427185058594
-74.7628936767578,163.67977905273438
-74.75345611572264,163.68199157714844
-74.73642730712889,163.68765258789062
-74.72060394287108,163.6919708251953
-74.7045669555664,163.74447631835938
-74.69274902343749,163.77239990234375
-74.67835235595702,163.8179473876953
-74.65187835693358,163.87661743164062
-74.62015533447264,163.95223999023438
-74.61399841308592,163.94578552246094
-74.61454010009766,163.89590454101562
-74.62203979492186,163.85157775878906
-74.62917327880858,163.79115295410156
-74.6305160522461,163.7633514404297
-74.62767028808591,163.74343872070312
-74.61964416503905,163.72430419921878
-74.61766052246092,163.7100372314453
-74.61710357666014,163.68597412109375
-74.61609649658202,163.6673583984375
-74.60879516601558,163.64088439941406
-74.58822631835933,163.6291046142578
-74.52491760253905,163.62353515625
-74.50052642822263,163.6242218017578
-74.48118591308592,163.6503448486328
-74.46738433837889,163.62472534179688
-74.4677276611328,163.54612731933594
-74.47374725341795,163.5117645263672
-74.47817993164062,163.4905548095703
-74.47606658935547,163.47494506835938
-74.46806335449216,163.49520874023438
-74.44351196289062,163.49954223632812
-74.44022369384763,163.4966583251953
-74.42274475097653,163.43626403808594
-74.40554809570311,163.4179229736328
-74.39965820312497,163.39358520507812
-74.39421844482422,163.3638916015625
-74.39013671874999,163.32945251464844
-74.39161682128903,163.293701171875
-74.39843749999999,163.2698516845703
-74.40898132324217,163.24342346191406
-74.42141723632811,163.2457733154297
-74.42794799804683,163.2400665283203
-74.4369659423828,163.2055206298828
-74.4491500854492,163.18853759765625
-74.45544433593749,163.1798095703125
-74.46190643310545,163.1839599609375
-74.46820831298827,163.19154357910156
-74.4958572387695,163.21429443359375
-74.51588439941405,163.2457275390625
-74.54743194580075,163.29544067382812
-74.56672668457031,163.28518676757815
-74.5750274658203,163.2577362060547
-74.58176422119139,163.24353027343753
-74.58838653564453,163.24426269531253
-74.59272003173827,163.23277282714847
-74.60570526123045,163.19825744628906
-74.61132049560547,163.19187927246094
-74.62400817871094,163.21372985839844
-74.64003753662108,163.24996948242188
-74.64738464355469,163.27630615234375
-74.6520767211914,163.28585815429688
-74.6604690551758,163.2812957763672
-74.67977142333983,163.28749084472656
-74.69149017333984,163.28079223632812
-74.69863891601562,163.28260803222656
-74.7047348022461,163.2823028564453
-74.70762634277342,163.26905822753906
-74.70477294921872,163.26071166992188
-74.7008819580078,163.2667999267578
-74.6970551105326,163.27288629160492
-74.69265747070312,163.26788330078125
-74.6852645874023,163.24647521972656
-74.675537109375,163.20127868652344
-74.67066955566405,163.1787109375
-74.6710968017578,163.1566925048828
-74.67810821533202,163.140380859375
-74.68118286132812,163.11863708496094
-74.6860656738281,163.10308837890625
-74.69998931884764,163.06382751464844
-74.70457458496092,163.0336456298828
-74.71073913574217,163.023193359375
-74.70896148681639,163.01197814941406
-74.70030975341795,162.99708557128906
-74.70186614990234,162.9620819091797
-74.6566696166992,162.96142578125
-74.63951873779295,162.94984436035156
-74.63434600830078,162.9293670654297
-74.62929534912108,162.88894653320312
-74.63156890869139,162.86314392089844
-74.6364059448242,162.85256958007815
-74.64170837402344,162.85301208496094
-74.65220642089844,162.84739685058594
-74.65494537353516,162.83261108398438
-74.65370941162108,162.81748962402344
-74.65484619140624,162.8045654296875
-74.65856933593747,162.80186462402344
-74.66278839111327,162.8052215576172
-74.6671676635742,162.80508422851562
-74.671875,162.79293823242188
-74.67642974853516,162.78428649902344
-74.68172454833983,162.7847137451172
-74.68807220458983,162.7872314453125
-74.69262695312499,162.778564453125
-74.69666290283202,162.7688446044922
-74.69961547851561,162.76205444335938
-74.7044677734375,162.74636840820312
-74.7062530517578,162.7359619140625
-74.7071075439453,162.7249755859375
-74.70835876464842,162.71351623535156
-74.71183776855467,162.70774841308594
-74.71566009521484,162.71156311035156
-74.71813201904297,162.7202911376953
-74.7228088378906,162.71310424804688
-74.72881317138669,162.70602416992188
-74.72834014892575,162.6682586669922
-74.73311614990234,162.64093017578125
-74.74004364013669,162.6610565185547
-74.74617004394531,162.6554718017578
-74.75244140625,162.64634704589844
-74.75931549072266,162.6498565673828
-74.76436614990232,162.64720153808594
-74.77209472656249,162.6396942138672
-74.78006744384764,162.6352081298828
-74.78389739990233,162.63902282714844
-74.79022216796874,162.64654541015625
-74.79552459716795,162.64691162109375
-74.80404663085938,162.638427734375
-74.81356811523436,162.61534118652344
-74.81949615478514,162.59652709960938
-74.82361602783202,162.59326171875
-74.82919311523436,162.5916290283203
-74.83164215087889,162.57862854003906
-74.83496856689453,162.57630920410156
-74.84381866455078,162.5824890136719
-74.8512496948242,162.5819854736328
-74.85842132568358,162.5784149169922
-74.86744689941405,162.5759735107422
-74.87428283691408,162.5896453857422
-74.87688446044922,162.5999755859375
-74.8840103149414,162.6065673828125
-74.89350891113281,162.58840942382812
-74.89762878417969,162.5581817626953
-74.89881896972656,162.52976989746094
-74.91022491455078,162.49742126464844
-74.91544342041016,162.48602294921875
-74.92413330078124,162.46873474121094
-74.93082427978514,162.45384216308594
-74.93547821044922,162.45156860351562
-74.94126129150389,162.463134765625
-74.94625091552733,162.47569274902344
-74.94961547851562,162.4952850341797
-74.95215606689452,162.52098083496094
-74.95341491699217,162.536376953125
-74.95008087158202,162.57086181640625
-74.94568634033203,162.6032257080078
-74.94419097900392,162.6388397216797
-74.94746398925781,162.6737823486328
-74.9538116455078,162.703369140625
-74.96243286132811,162.72854614257815
-74.9802780151367,162.7647247314453
-74.99584197998045,162.75625610351562
-75.00742340087889,162.74745178222656
-75.02344512939452,162.72821044921875
-75.0271759033203,162.69822692871094
-75.03070831298828,162.65487670898438
-75.03311157226561,162.624755859375
-75.0370635986328,162.60296630859375
-75.0420913696289,162.60537719726562
-75.0480270385742,162.64073181152344
-75.04955291748045,162.65420532226562
-75.0519027709961,162.6615753173828
-75.056526184082,162.66448974609375
-75.06381225585938,162.6676025390625
-75.0711669921875,162.65528869628906
-75.07679748535156,162.64334106445312
-75.08187103271482,162.63546752929688
-75.08699798583983,162.61729431152344
-75.09130096435547,162.60523986816406
-75.09530639648436,162.60037231445312
-75.10133361816403,162.587890625
-75.10578155517578,162.5722198486328
-75.11020660400389,162.56167602539062
-75.12348937988281,162.5574188232422
-75.12784576416016,162.56236267089844
-75.13143157958982,162.5904998779297
-75.13058471679688,162.60182189941406
-75.13613891601561,162.60531616210938
-75.1459274291992,162.61221313476562
-75.15158081054688,162.6224365234375
-75.15558624267577,162.64498901367188
-75.15824287369084,162.6589410494045
-75.16439056396484,162.65403747558594
-75.16972351074217,162.6614227294922
-75.1754684448242,162.6590576171875
-75.17870330810548,162.6551055908203
-75.18153381347655,162.66090393066406
-75.18511962890625,162.6611785888672
-75.18795776367186,162.6669921875
-75.19086456298827,162.6588134765625
-75.20382690429688,162.64295959472656
-75.20639801025389,162.6305389404297
-75.21429443359374,162.62550354003906
-75.21862030029297,162.62020874023438
-75.22374725341797,162.59532165527344
-75.23455047607422,162.58204650878906
-75.23853302001953,162.57247924804688
-75.24721527099608,162.50282287597656
-75.25697326660155,162.44773864746094
-75.26589965820312,162.4225616455078
-75.26742553710936,162.35565185546875
-75.27576446533203,162.33961486816406
-75.28165435791014,162.3385009765625
-75.28541564941406,162.32887268066406
-75.28293609619139,162.3015899658203
-75.27683258056639,162.23260498046875
-75.27368927001952,162.1857452392578
-75.2703857421875,162.1592559814453
-75.2664337158203,162.11407470703125
-75.26329040527344,162.08033752441406
-75.25388336181642,161.98199462890628
-75.24984741210938,161.965576171875
-75.24588012695311,161.94073486328125
-75.24191284179686,161.9158935546875
-75.2382431030273,161.89471435546875
-75.23046875,161.871337890625
-75.22656249999999,161.85536193847656
-75.22113800048827,161.84564208984375
-75.21546936035155,161.82867431640625
-75.20963287353514,161.8190460205078
-75.20552825927734,161.79774475097656
-75.2074203491211,161.7746124267578
-75.2035675048828,161.7530059814453
-75.20213317871094,161.72947692871094
-75.2050323486328,161.70379638671875
-75.2098159790039,161.68319702148438
-75.21000671386717,161.65476989746094
-75.2166290283203,161.60775756835938
-75.22106170654297,161.59898376464844
-75.22625732421872,161.56910705566406
-75.23365783691408,161.55287170410156
-75.24098205566405,161.55068969726562
-75.25552368164061,161.57347106933594
-75.26357269287108,161.59310913085938
-75.26882171630858,161.5626983642578
-75.27108764648436,161.54985046386722
-75.27120208740234,161.5338592529297
-75.2747344970703,161.51153564453125
-75.28079986572266,161.50755310058594
-75.28390502929686,161.49417114257812
-75.28857421874999,161.45669555664062
-75.28982543945311,161.38006591796875
-75.28996276855467,161.30056762695312
-75.28938293457031,161.26063537597656
-75.28923797607419,161.2201385498047
-75.28874206542967,161.1871795654297
-75.28877258300781,161.1158447265625
-75.28868103027344,161.0762481689453
-75.2879180908203,161.02830505371094
-75.29289245605469,160.97755432128906
-75.29647064208983,160.93820190429688
-75.30343627929688,160.910400390625
-75.30902862548828,160.86497497558594
-75.3126449584961,160.85186767578125
-75.32305908203125,160.84036254882812
-75.33242797851561,160.82066345214844
-75.33757019042969,160.80160522460938
-75.34224700927734,160.79689025878906
-75.3457565307617,160.8023681640625
-75.35270690917967,160.82994079589844
-75.3629150390625,160.83641052246094
-75.38666534423827,160.8716583251953
-75.39096069335936,160.89205932617188
-75.39411926269531,160.93553161621094
-75.39337921142577,160.97906494140625
-75.38907623291016,161.0087127685547
-75.3824462890625,161.02442932128906
-75.37091064453124,161.0545196533203
-75.36691284179688,161.08892822265625
-75.36883544921875,161.14959716796875
-75.37054443359375,161.19049072265625
-75.37014770507811,161.24952697753906
-75.37030792236327,161.2720184326172
-75.37076568603516,161.31045532226562
-75.36742401123047,161.37425231933594
-75.36688232421874,161.39215087890625
-75.36631011962889,161.4286651611328
-75.36623382568358,161.44593811035156
-75.36576080322264,161.4672088623047
-75.3633804321289,161.5525360107422
-75.35871124267578,161.66554260253906
-75.3593063354492,161.7315673828125
-75.36088562011719,161.7410430908203
-75.3624801635742,161.76626586914065
-75.36439514160155,161.7859649658203
-75.36679077148436,161.83102416992188
-75.37091064453124,161.90377807617188
-75.37223815917967,161.96533203125
-75.38004302978516,162.05178833007812
-75.37958526611328,162.07888793945312
-75.38197326660156,162.13279724121094
-75.3824691772461,162.16232299804688
-75.38442230224608,162.2090606689453
-75.38491058349607,162.219970703125
-75.38924407958984,162.25283813476562
-75.39389801025389,162.2584686279297
-75.3962173461914,162.2524871826172
-75.40830993652344,162.2379150390625
-75.41615295410156,162.223388671875
-75.42498779296874,162.2208709716797
-75.43354034423825,162.2465057373047
-75.43900299072264,162.2574920654297
-75.44628906249999,162.26101684570312
-75.45053100585938,162.26727294921875
-75.45599365234375,162.27162170410156
-75.46205139160155,162.28912353515625
-75.46319580078124,162.30638122558594
-75.46381378173828,162.32789611816406
-75.46247100830077,162.3421630859375
-75.45652008056639,162.36361694335938
-75.45083618164061,162.37606811523438
-75.4475631713867,162.39590454101562
-75.4355010986328,162.41957092285156
-75.42745208740234,162.45364379882812
-75.4264450073242,162.48196411132812
-75.41920471191405,162.51211547851562
-75.41400146484375,162.5427703857422
-75.41344451904295,162.5646209716797
-75.41363525390624,162.58041381835938
-75.41716003417967,162.59490966796875
-75.42182159423828,162.59381103515625
-75.4292526245117,162.6128387451172
-75.43357849121094,162.6074676513672
-75.43715667724608,162.6077423095703
-75.44000244140625,162.61363220214844
-75.44466400146484,162.61253356933594
-75.45074462890624,162.61441040039062
-75.45540618896483,162.6133270263672
-75.45824432373047,162.61923217773438
-75.47013854980467,162.60440063476562
-75.48106665556355,162.58724397078265
-75.48087310791014,162.5756072998047
-75.48429870605467,162.5618133544922
-75.49256896972656,162.51377868652344
-75.50263977050781,162.51513671875
-75.51856994628906,162.509033203125
-75.52837371826172,162.50645446777344
-75.53861999511719,162.48281860351562
-75.54362487792969,162.46949768066406
-75.5512008666992,162.42538452148438
-75.55278778076172,162.3983917236328
-75.55358123779297,162.367431640625
-75.55640411376952,162.3263397216797
-75.56291961669922,162.2969970703125
-75.56896209716795,162.2733612060547
-75.57402038574216,162.26220703125
-75.58787536621092,162.24299621582034
-75.59074401855469,162.24539184570312
-75.59416961669922,162.25035095214844
-75.59805297851562,162.2552032470703
-75.60161590576172,162.25155639648438
-75.62135314941405,162.22564697265625
-75.62986755371094,162.21983337402344
-75.63623809814453,162.2148895263672
-75.64268493652344,162.22113037109375
-75.6527862548828,162.2485046386719
-75.66183471679688,162.26553344726562
-75.66866302490234,162.2840118408203
-75.67076110839844,162.2973175048828
-75.6714096069336,162.3350830078125
-75.67006683349608,162.3579864501953
-75.66657257080077,162.37281799316406
-75.6571807861328,162.40744018554688
-75.65184783935545,162.44338989257812
-75.6547393798828,162.45050048828125
-75.65877532958984,162.45004272460938
-75.6685562133789,162.45590209960938
-75.67186737060547,162.46249389648438
-75.67575073242186,162.48388671875
-75.67579650878905,162.49794006347656
-75.67187499999999,162.522216796875
-75.66414642333986,162.54708862304688
-75.64694213867188,162.57733154296875
-75.6371841430664,162.59999084472656
-75.62316131591797,162.64859008789062
-75.60591888427734,162.69924926757812
-75.59616088867186,162.71893310546875
-75.58747100830077,162.73587036132812
-75.57910156249999,162.7598419189453
-75.57142639160156,162.77638244628906
-75.56745910644531,162.8018341064453
-75.57068634033202,162.80294799804688
-75.57315826416016,162.81387329101562
-75.57485198974608,162.83741760253906
-75.57575225830078,162.85215759277344
-75.57588958740233,162.86598205566406
-75.57254028320312,162.8980712890625
-75.57106781005857,162.90963745117188
-75.56642913818358,162.9178009033203
-75.55818939208984,162.91331481933594
-75.55252075195312,162.92727661132812
-75.54904937744139,162.94410705566406
-75.54627227783203,162.97445678710938
-75.55351257324219,162.9608154296875
-75.55844116210936,162.97853088378906
-75.5656051635742,162.979248046875
-75.57025909423828,162.97827148437503
-75.58108520507811,162.9649658203125
-75.58401489257812,162.95660400390625
-75.59451293945312,162.93890380859375
-75.60675811767578,162.92855834960938
-75.61291503906251,162.91616821289062
-75.63025665283203,162.89471435546875
-75.63283538818358,162.88197326660156
-75.63567352294922,162.88800048828125
-75.64684295654297,162.87892150878906
-75.65108489990234,162.8880157470703
-75.65650177001952,162.88127136230472
-75.66316223144531,162.84426879882812
-75.67073822021484,162.83480834960938
-75.68081665039062,162.8270263671875
-75.68365478515625,162.83306884765625
-75.68689727783203,162.82901000976562
-75.68973541259764,162.83506774902344
-75.69515228271484,162.82830810546875
-75.6991500854492,162.81849670410156
-75.69987487792967,162.79689025878906
-75.70088195800781,162.77584838867188
-75.70357513427733,162.7508087158203
-75.70363616943358,162.7315673828125
-75.70098114013672,162.71092224121094
-75.69824981689453,162.69955444335938
-75.69508361816406,162.68438720703125
-75.6931381225586,162.6670684814453
-75.69149017333984,162.63580322265625
-75.69158935546874,162.61715698242188
-75.6910400390625,162.6061553955078
-75.68709564208983,162.58702087402344
-75.68614959716794,162.5727996826172
-75.68511962890625,162.5537109375
-75.68674468994139,162.54290771484375
-75.68738555908202,162.52978515625
-75.6913833618164,162.50186157226562
-75.69591522216797,162.4879150390625
-75.70370483398438,162.4781036376953
-75.70889282226562,162.47834777832034
-75.71646881103516,162.47911071777344
-75.72207641601562,162.4744415283203
-75.72866821289061,162.46600341796875
-75.73522186279297,162.465576171875
-75.74019622802733,162.4784393310547
-75.73994445800781,162.5009765625
-75.73931121826172,162.52102661132812
-75.73991394042969,162.53851318359375
-75.74259948730467,162.56149291992188
-75.7464141845703,162.56747436523438
-75.75194549560547,162.56776428222656
-75.75492858886719,162.5824432373047
-75.75617218017578,162.59698486328125
-75.76228332519531,162.6128387451172
-75.76238250732422,162.6300811767578
-75.76061248779297,162.66522216796875
-75.76602935791016,162.6857147216797
-75.76956939697266,162.693603515625
-75.77208709716795,162.7109375
-75.77810668945312,162.72930908203125
-75.77943420410156,162.74063110351562
-75.78181457519531,162.75767517089844
-75.78040313720703,162.7810821533203
-75.7793731689453,162.79177856445312
-75.77731323242188,162.81671142578125
-75.78372955322266,162.8231201171875
-75.79398345947264,162.84886169433594
-75.7979049682617,162.85360717773438
-75.8099899291992,162.87225341796875
-75.81282806396486,162.8783721923828
-75.81640624999999,162.8787078857422
-75.8202438354492,162.89808654785156
-75.82524871826172,162.9014892578125
-75.8280792236328,162.90762329101562
-75.83966827392578,162.88821411132812
-75.84957885742189,162.8466339111328
-75.87199401855467,162.8134307861328
-75.88283903018552,162.78498019192793
-75.88828277587889,162.76469421386722
-75.88971710205078,162.74143981933594
-75.88520812988281,162.7223052978516
-75.884521484375,162.69476318359378
-75.88600158691406,162.66461181640625
-75.88874053955077,162.65013122558594
-75.89120483398436,162.6400909423828
-75.89258575439452,162.614501953125
-75.89532470703125,162.59652709960938
-75.89892578124999,162.5885772705078
-75.89909362792969,162.57508850097656
-75.90128326416016,162.5574188232422
-75.9047622680664,162.5634307861328
-75.90695953369139,162.55447387695315
-75.90777587890625,162.54049682617188
-75.90705871582031,162.5270233154297
-75.90927886962889,162.51417541503906
-75.91165924072266,162.5059051513672
-75.9171676635742,162.50950622558594
-75.92380523681639,162.5238494873047
-75.93112182617188,162.5236053466797
-75.94224548339844,162.5447540283203
-75.94154357910155,162.55972290039065
-75.94580841064452,162.56607055664062
-75.94808959960938,162.57293701171875
-75.94703674316406,162.5856170654297
-75.94234466552733,162.61891174316406
-75.94233703613281,162.65248107910156
-75.9455660818961,162.65585458642022
-75.95098876953122,162.64920043945312
-75.9549102783203,162.65394592285156
-75.95849609375,162.6542205810547
-75.96275329589842,162.66342163085938
-75.96964263916016,162.72312927246094
-75.97431182861328,162.72203063964844
-75.9771499633789,162.7281951904297
-75.98905944824219,162.71290588378906
-75.99189758300781,162.7190399169922
-75.9954833984375,162.7193603515625
-76.0002212524414,162.7034454345703
-76.00381469726561,162.7037353515625
-76.01497650146484,162.69427490234375
-76.01964569091797,162.69317626953125
-76.02850341796875,162.71617126464844
-76.03317260742188,162.715087890625
-76.0360107421875,162.72125244140625
-76.04067993164062,162.72015380859378
-76.04351043701172,162.72633361816406
-76.04818725585938,162.72525024414062
-76.05103302001952,162.73143005371094
-76.05461120605469,162.7317352294922
-76.06036376953125,162.729248046875
-76.06394958496094,162.7295379638672
-76.06828308105469,162.7239532470703
-76.07395935058594,162.73635864257812
-76.07754516601562,162.73666381835938
-76.08187866210938,162.73104858398438
-76.08859252929688,162.6779327392578
-76.08690643310547,162.65542602539062
-76.0905532836914,162.6407928466797
-76.09082031249999,162.58114624023438
-76.08150482177733,162.48951721191406
-76.07341766357422,162.4457702636719
-76.06522369384764,162.43185424804688
-76.06174468994139,162.40185546875
-76.05712890625,162.38818359375
-76.05683135986327,162.36883544921875
-76.05626358130075,162.35631696193417
-76.0579733568586,162.34867765837978
-76.06035809681774,162.3399292620839
-76.06302642822267,162.34091186523438
-76.05664062499999,162.31971740722656
-76.06204223632812,162.3125457763672
-76.06705474853516,162.31581115722656
-76.07098388671875,162.32049560546875
-76.07736968994139,162.34169006347656
-76.08272552490233,162.34947204589844
-76.08837127685547,162.3766326904297
-76.0923080444336,162.38134765625003
-76.09662628173827,162.3756256103516
-76.0927505493164,162.35601806640625
-76.0981979370117,162.3339385986328
-76.09864044189452,162.30857849121097
-76.10369873046875,162.2969207763672
-76.11225891113281,162.31529235839847
-76.11632537841795,162.38426208496094
-76.12545013427734,162.44163513183594
-76.13080596923828,162.449462890625
-76.13763427734375,162.44540405273438
-76.14571610282557,162.5184128477974
-76.1456832885742,162.46078491210938
-76.14636993408203,162.4228973388672
-76.14756011962889,162.39627075195312
-76.14783477783203,162.3744354248047
-76.14833068847656,162.36123657226562
-76.14896392822266,162.3442840576172
-76.14720153808594,162.32960510253906
-76.14440155029297,162.3154296875
-76.14390563964844,162.28924560546875
-76.14575195312499,162.2769317626953
-76.14967346191406,162.26094055175784
-76.14884185791016,162.236083984375
-76.14767456054686,162.21255493164062
-76.14966583251952,162.1937713623047
-76.15158081054688,162.17955017089844
-76.15361022949219,162.16696166992188
-76.16847229003906,162.14248657226562
-76.17602539062499,162.115234375
-76.18311309814453,162.09848022460938
-76.18603515625,162.08912658691406
-76.19245147705077,162.08042907714844
-76.19626617431639,162.07977294921875
-76.19962310791016,162.08151245117188
-76.20245361328125,162.08758544921875
-76.20245361328125,162.115478515625
-76.20149230957031,162.13926696777344
-76.20526123046875,162.15757751464844
-76.20834350585936,162.16693115234375
-76.21991729736328,162.16390991210938
-76.23316955566405,162.1631317138672
-76.23988342285155,162.16397094726562
-76.24694061279297,162.16075134277344
-76.25324249267577,162.17298889160156
-76.25123596191406,162.19737243652344
-76.25138092041016,162.21612548828125
-76.2564926147461,162.23812866210938
-76.25733184814452,162.2604675292969
-76.25624084472656,162.2799835205078
-76.2624740600586,162.29147338867188
-76.26690673828125,162.30177307128906
-76.26951599121094,162.3136138916016
-76.27556610107422,162.32266235351562
-76.2783432006836,162.34243774414062
-76.27352905273436,162.35250854492188
-76.26390838623048,162.35003662109375
-76.26065826416016,162.3553009033203
-76.25607299804686,162.3939208984375
-76.24754333496094,162.41160583496094
-76.2406234741211,162.43072509765625
-76.2353744506836,162.43501281738284
-76.22937774658203,162.44927978515625
-76.22237396240234,162.4729766845703
-76.21959686279297,162.49014282226562
-76.21635437011719,162.5097198486328
-76.21505737304688,162.52671813964844
-76.21406300080398,162.55673115610793
-76.22021129069601,162.5435244482257
-76.22732188639912,162.55911893064757
-76.23328807292258,162.59122342283507
-76.23558423208148,162.65404739679389
-76.24174172575192,162.67296309856687
-76.24072634894958,162.69127195147382
-76.24214187478407,162.71037568259788
-76.24171601299733,162.7399131357373
-76.23434448242188,162.736572265625
-76.2356185913086,162.76983642578125
-76.24270629882812,162.78555297851562
-76.24847412109375,162.78305053710938
-76.25205993652342,162.78337097167972
-76.25639343261719,162.77772521972656
-76.26031494140626,162.78260803222656
-76.26607513427734,162.78009033203125
-76.26891326904297,162.78639221191406
-76.27466583251953,162.78390502929688
-76.27750396728516,162.79019165039062
-76.28250885009764,162.79367065429688
-76.28641668067162,162.7885756198312
-76.29308028873281,162.77585056214826
-76.29633041080312,162.7716086187889
-76.30074020084217,162.75079563050764
-76.3083161797398,162.74385328445643
-76.31122815682168,162.73503161214785
-76.31876373291016,162.72109985351565
-76.31977081298828,162.73483276367188
-76.3230209350586,162.73057556152344
-76.32587432861328,162.73690795898438
-76.32952117919922,162.72203063964844
-76.33819580078125,162.7106170654297
-76.34354400634766,162.71865844726562
-76.34746551513672,162.7235565185547
-76.35247039794922,162.72703552246094
-76.36331176757811,162.71273803710938
-76.36831665039061,162.71621704101562
-76.37183380126953,162.7317352294922
-76.37830009046175,162.75851643949707
-76.38071136736609,162.74934411657895
-76.39276881895805,162.7808346853333
-76.39981243031767,162.82208443632857
-76.40405518706358,162.83468458241853
-76.40676879882812,162.8523406982422
-76.41143798828125,162.85125732421875
-76.4202880859375,162.87503051757812
-76.42671203613281,162.88177490234375
-76.43063354492188,162.88674926757812
-76.43531036376953,162.88568115234375
-76.43814849853516,162.89207458496097
-76.44064648275402,162.88070108001526
-76.44598705892591,162.8888645321637
-76.45792706136731,162.87320901458557
-76.46076519613294,162.87958718841372
-76.46760113363294,162.87566567962463
-76.47119457845716,162.87601663177307
-76.47703106527356,162.858179107359
-76.48062451009778,162.85853005950744
-76.48646368218395,162.84066805622714
-76.49772198324231,162.81559182708557
-76.50472259521484,162.79409790039062
-76.50868259050347,162.77660931151428
-76.51770816423394,162.76972759764712
-76.52278171159723,162.75787151854553
-76.52820621110894,162.75065411131897
-76.53481292724608,162.73365783691406
-76.54241180419922,162.72352600097656
-76.54126645906003,162.73730896702855
-76.54050777608623,162.77610442666733
-76.54868794637133,162.76006890634628
-76.54895019531249,162.78118896484375
-76.54757212530443,162.7983441088399
-76.54404318908259,162.8152931011122
-76.54307841192552,162.83494994380084
-76.54580698884179,162.86298253517285
-76.54814147949217,162.86907958984375
-76.55316162109375,162.87265014648438
-76.5570755004883,162.87765502929688
-76.56450653076172,162.89849853515625
-76.5734405517578,162.90711975097656
-76.57711029052734,162.89202880859375
-76.5876235961914,162.8729705810547
-76.58528137207031,162.8402099609375
-76.59178924560547,162.83154296875
-76.5880126953125,162.79559326171875
-76.59310913085936,162.78369140625
-76.5946044921875,162.7714385986328
-76.59116363525389,162.74014282226562
-76.59626007080077,162.7282257080078
-76.59108476675279,162.6961955436276
-76.59562803585743,162.66035033885657
-76.6016845703125,162.6388397216797
-76.6049346923828,162.63446044921875
-76.63012695312499,162.7032470703125
-76.63953399658202,162.68542480468753
-76.6433334350586,162.7214813232422
-76.64617156982422,162.7279510498047
-76.64976501464844,162.728271484375
-76.6540298461914,162.73797607421875
-76.65686798095703,162.7444305419922
-76.66038513183594,162.76031494140625
-76.66717529296875,162.8387908935547
-76.6741943359375,162.87062072753906
-76.68697357177736,162.89994812011722
-76.6934814453125,162.89125061035156
-76.70475769042969,162.93296813964844
-76.70834350585938,162.933349609375
-76.71268463134766,162.92755126953125
-76.71610260009766,162.95916748046875
-76.72319793701172,162.97557067871094
-76.72509322481878,162.99576937868966
-76.72805669900804,163.01767767476818
-76.73315071863595,162.990027484148
-76.73613739013672,162.97381591796875
-76.73815155029297,162.9348907470703
-76.74248504638672,162.9290771484375
-76.74533081054688,162.93563842773438
-76.7489242553711,162.93601989746094
-76.75242614746094,162.95205688476562
-76.75785827636719,162.94479370117188
-76.76770019531249,162.9834747314453
-76.77998352050781,162.9722442626953
-76.78682708740234,162.96826171875
-76.78966522216797,162.974853515625
-76.79292297363283,162.9705047607422
-76.79073095038113,162.93913407586973
-76.79423805001682,162.92819022642033
-76.79856405902059,162.94708060293547
-76.80371712733348,162.95497454987972
-76.80925990997319,162.94522140156255
-76.81256103515624,162.92852783203125
-76.8237533569336,162.9186553955078
-76.82951354980469,162.91610717773438
-76.8331069946289,162.9164733886719
-76.84396362304688,162.90182495117188
-76.84654998779297,162.88787841796875
-76.85089111328125,162.88200378417972
-76.84963989257812,162.84715270996094
-76.84396362304688,162.83395385742188
-76.84159572571043,162.8173211448273
-76.83189351516808,162.80439261560477
-76.83276453854405,162.7865021489109
-76.8331527709961,162.76510620117188
-76.83280912275636,162.746776498053
-76.8276138305664,162.72047424316406
-76.81717409554207,162.6439433261741
-76.82321668039401,162.62522607063352
-76.82896440614668,162.60898533221285
-76.83282321664485,162.62975631648476
-76.83964708750933,162.61520048521317
-76.84265250440541,162.5839065868041
-76.85029475599174,162.5942834673949
-76.85797882080078,162.59519958496094
-76.86019671154504,162.5795801171119
-76.85996894374726,162.5662666003645
-76.85782623291014,162.54306030273438
-76.8607406616211,162.53379821777344
-76.87157440185547,162.51879882812503
-76.87442016601561,162.52532958984375
-76.87909698486328,162.52410888671875
-76.88349762308978,162.51904144682015
-76.89053022258523,162.52083053955081
-76.89358520507812,162.4934844970703
-76.89974212646483,162.4796600341797
-76.89739990234375,162.5301971435547
-76.9030990600586,162.54330444335938
-76.9062271118164,162.57049560546875
-76.91226196289062,162.58839416503906
-76.91537922140404,162.58199795076598
-76.92404621359154,162.56997402498476
-76.93109130859375,162.55177307128906
-76.93692016601562,162.43301391601562
-76.94386291503906,162.39691162109375
-76.94952392578125,162.3097839355469
-76.95606231689453,162.28469848632812
-76.95384979248047,162.41983032226562
-76.9559097290039,162.44862365722656
-76.94998168945312,162.49911499023438
-76.94988710773274,162.561467998126
-76.95638735187336,162.55238901863382
-76.96060640704914,162.5781916309385
-76.97184450519367,162.551946513751
-76.97138116660996,162.50829044502555
-76.97889920255324,162.5176254077434
-76.98179414861457,162.47960328045409
-76.97971368815675,162.43094218732261
-76.98130117505036,162.40030726145068
-76.98345371716549,162.35705735732105
-76.99391139879783,162.34333960201238
-76.99754951144948,162.35408866294634
-77.00068209972807,162.3613076727057
-76.99792458700891,162.4160534468761
-77.00483703613281,162.43280029296875
-77.01821899414062,162.4033203125
-77.02205657958984,162.44036865234375
-77.02200317382812,162.45635986328125
-77.0158462524414,162.47032165527344
-77.0035802611709,162.53942264934534
-77.0034485989821,162.5745574060449
-77.00045013427734,162.64013671875
-77.00282287597656,162.6738739013672
-77.00959777832033,162.68565368652344
-77.0163778137403,162.66353833087925
-77.02075706923866,162.64789379960527
-77.03006744384766,162.68902587890625
-77.02891540527344,162.70654296875
-77.0219955444336,162.7267303466797
-77.0232696533203,162.7620391845703
-77.0178451538086,162.76953125
-77.01559448242188,162.78851318359375
-77.01233673095703,162.79299926757812
-77.0091781616211,162.85023498535156
-77.01445007324219,162.87474060058594
-77.0229721069336,162.8948211669922
-77.03199005126953,162.8877410888672
-77.03115844726562,162.9100799560547
-77.02572631835938,162.91751098632812
-77.01686096191406,162.96136474609375
-77.01608276367188,163.03643798828125
-77.01806640624999,163.06544494628906
-77.02516174316406,163.08229064941406
-77.0306396484375,163.12777709960938
-77.03739166259766,163.1398162841797
-77.04816065256838,163.16217553392966
-77.05377096569012,163.15368576404796
-77.05582606282769,163.13495371236792
-77.0615463256836,163.12832641601562
-77.07025146484375,163.11654663085938
-77.07450103759766,163.12669372558597
-77.08036804199217,163.10812377929688
-77.08920288085936,163.13331604003906
-77.09345245361328,163.14349365234375
-77.09812927246094,163.14247131347656
-77.09912109375,163.15707397460938
-77.1033706665039,163.16725158691406
-77.10300790804298,163.19008834475008
-77.10864877817804,163.18564755745305
-77.11258737786729,163.18775926049997
-77.11758317861259,163.19483955533474
-77.12396240234375,163.20855712890625
-77.13148164332061,163.214367221029
-77.13714599609374,163.22801208496094
-77.13997650146484,163.23484802246094
-77.14356994628905,163.23532104492188
-77.15687904237193,163.28881199458053
-77.1668701171875,163.35328674316406
-77.17285156249999,163.37193298339844
-77.17818450927734,163.38079833984375
-77.1821060180664,163.38621520996094
-77.18569946289062,163.38673400878906
-77.18896484375,163.38233947753906
-77.1917953491211,163.38922119140625
-77.20050811767578,163.37750244140625
-77.20551300048828,163.38145446777347
-77.21084594726561,163.39035034179688
-77.21868133544922,163.40122985839844
-77.22542572021484,163.41358947753906
-77.2293472290039,163.41903686523438
-77.2352066040039,163.45407104492188
-77.23880004882812,163.45460510253906
-77.24617767333984,163.4768829345703
-77.2497787475586,163.47743225097656
-77.25555419921875,163.47503662109375
-77.26055908203125,163.47906494140625
-77.26448059082031,163.4845428466797
-77.26839447021484,163.4900360107422
-77.2726364135742,163.50047302246094
-77.28244018554686,163.4872741699219
-77.28700256347656,163.502685546875
-77.29168701171875,163.50177001953125
-77.29656982421875,163.5221405029297
-77.30125427246094,163.521240234375
-77.30549621582031,163.53170776367188
-77.30941009521484,163.5372314453125
-77.3122329711914,163.54421997070312
-77.3169174194336,163.54331970214844
-77.32781982421874,163.5286407470703
-77.3334732055664,163.5426483154297
-77.3383560180664,163.5631103515625
-77.34316253662108,163.5458221435547
-77.346435546875,163.54141235351562
-77.35273742675781,163.56539916992188
-77.35926818847656,163.55657958984375
-77.3692092895508,163.52691650390625
-77.37203979492188,163.533935546875
-77.37877655029297,163.5465087890625
-77.37819667734529,163.6227608239951
-77.3864532139114,163.60120375604419
-77.39244842529297,163.5931854248047
-77.39452287824774,163.63460912862013
-77.39276123046875,163.69046020507812
-77.39845275878906,163.74253845214844
-77.40377044677734,163.75172424316406
-77.40814208984375,163.74588012695312
-77.40968322753908,163.7329559326172
-77.41514587402344,163.72564697265625
-77.4190673828125,163.7312774658203
-77.42219543457031,163.74339294433594
-77.42274291258671,163.76243952136736
-77.42587721869194,163.76798472790577
-77.42895285186799,163.784433515793
-77.43070383391368,163.79608159002532
-77.43041229248045,163.83575439453125
-77.43742370605469,163.81552124023438
-77.4434814453125,163.78021240234375
-77.4478530883789,163.77435302734378
-77.45126342773438,163.75344848632812
-77.45703887939453,163.7511444091797
-77.46715173866208,163.79598373686702
-77.48577377049013,163.85809130567708
-77.49291229248047,163.8505096435547
-77.49759674072266,163.84971618652344
-77.50228118896484,163.84890747070312
-77.50510406494139,163.8560791015625
-77.51493072509766,163.84292602539062
-77.52441406249999,163.78636169433594
-77.5311050415039,163.7609100341797
-77.53546905517578,163.7550048828125
-77.5415267944336,163.71939086914062
-77.54133605957031,163.6976776123047
-77.54381228589389,163.66844334782522
-77.54268067180159,163.60245282636316
-77.54772783188774,163.5645711328087
-77.55230967071765,163.550054950825
-77.56007385253906,163.50714111328125
-77.56334686279297,163.50265502929688
-77.56790924072266,163.51841735839844
-77.57272338867188,163.50076293945312
-77.57443365912917,163.51964616544126
-77.57646179199219,163.57830810546875
-77.5829769085957,163.62760410248978
-77.59693908691406,163.67715454101562
-77.60232929269728,163.70366264988007
-77.61182403564453,163.70654296875
-77.61778259277344,163.72605895996094
-77.62106323242188,163.72158813476562
-77.62520176720754,163.71754132877368
-77.63120319320409,163.71172441061594
-77.63625342802617,163.70326440822345
-77.6404716559382,163.69631777756527
-77.64633509632952,163.68316091958403
-77.65578132394978,163.62982333150705
-77.66020095374053,163.5238671451351
-77.66664123535156,163.50384521484375
-77.66668701171875,163.44825744628906
-77.67180633544922,163.43556213378906
-77.68094635009767,163.46731567382812
-77.68877410888672,163.47866821289065
-77.69412231445312,163.48794555664062
-77.69945526123047,163.4972381591797
-77.70304107666016,163.497802734375
-77.70894622802734,163.47845458984375
-77.71331024169922,163.4723663330078
-77.71646118164062,163.4846954345703
-77.72005462646484,163.4852752685547
-77.71848986652341,163.50061387612814
-77.71612379579248,163.51824799607152
-77.7109594715191,163.61075810978554
-77.70510342411076,163.76059489612757
-77.69546655876135,163.88965016938096
-77.68250274658203,163.94839477539062
-77.6784567504489,163.99268955073046
-77.66342394087783,164.05083112125118
-77.65498352050781,164.19564819335938
-77.65208609651269,164.22421246367904
-77.65332570310953,164.25466387431902
-77.66106983326189,164.29822767761078
-77.67600410038908,164.34570281860937
-77.68351077175258,164.36669519198415
-77.68811798095703,164.37332153320312
-77.69811248779297,164.38238525390625
-77.70372009277344,164.397216796875
-77.70839691162108,164.3966064453125
-77.72833251953125,164.4537811279297
-77.73302459716797,164.45318603515625
-77.73802947998047,164.457763671875
-77.74082946777344,164.46522521972656
-77.75440216064453,164.47525024414062
-77.75799560546875,164.4761199951172
-77.76299285888672,164.480712890625
-77.76658630371094,164.48158264160156
-77.77536010742188,164.47007751464844
-77.77816009521486,164.47755432128906
-77.78285217285156,164.4769744873047
-77.78754425048828,164.47640991210938
-77.79034423828125,164.48388671875
-77.79424285888672,164.4899444580078
-77.79922485351564,164.49456787109375
-77.80392456054688,164.49398803710938
-77.8075180053711,164.49485778808594
-77.81421661376953,164.50843811035156
-77.81842041015625,164.5196990966797
-77.82201385498047,164.5205841064453
-77.82529449462889,164.51626586914062
-77.82840728759766,164.5289764404297
-77.83309936523438,164.52842712402344
-77.8393783569336,164.5145721435547
-77.84754180908203,164.49261474609375
-77.850830078125,164.48828125
-77.85424041748047,164.5062255859375
-77.85783386230469,164.50709533691406
-77.87494659423828,164.55760192871094
-77.8785400390625,164.55848693847656
-77.88134002685547,164.56605529785156
-77.88493347167967,164.56695556640625
-77.89072418212889,164.56497192382812
-77.89401245117188,164.56063842773438
-77.89822387695314,164.57199096679688
-77.90180969238281,164.57289123535156
-77.90570831298828,164.5790252685547
-77.91368865966797,164.57415771484375
-77.91875457763672,164.53927612304688
-77.92893218994139,164.53146362304688
-77.93252563476562,164.53234863281253
-77.93582153320312,164.5279998779297
-77.93941497802734,164.5288848876953
-77.93854522705078,164.57522583007812
-77.94202423095703,164.55368041992188
-77.95220947265626,164.54586791992188
-77.9667739868164,164.5322265625
-77.97036743164062,164.53311157226562
-77.9736557006836,164.52874755859375
-77.97645568847656,164.53636169433594
-77.98005676269531,164.53726196289062
-77.98693847656251,164.53379821777344
-77.99163055419922,164.53321838378906
-77.99522399902344,164.53411865234375
-78.00101470947266,164.53208923339844
-78.01338958740234,164.52130126953125
-78.02552032470703,164.4652557373047
-78.03255462646484,164.3418731689453
-78.0384750366211,164.36236572265628
-78.04176330566408,164.35792541503906
-78.04457092285156,164.36553955078125
-78.04974365234375,164.35284423828125
-78.05438995361328,164.39224243164062
-78.06390380859376,164.41366577148438
-78.06842041015625,164.43043518066406
-78.0717086791992,164.42601013183594
-78.07451629638672,164.4336700439453
-78.0796890258789,164.42095947265625
-78.0826950073242,164.4273681640625
-78.08785011979938,164.27694841691886
-78.08308808670425,164.10049567930062
-78.0598488141617,163.91480694992575
-78.05881132105968,163.8974318606402
-78.08320978815784,163.6826944941873
-78.12641958468953,163.41259274686715
-78.11289718288383,162.94416034180176
-78.08288064024086,162.6147979399648
-78.13288188827693,162.43508868972728
-78.14011830329501,162.39120083308444
-78.09618812792198,162.09964944612912
-78.03823943628686,161.97308234941687
-78.0581465868249,161.50651876475737
-78.09216211584472,161.28188524331674
-78.05454302470662,161.0051267238266
-78.00182136048707,160.8693860566429
-77.97447642207797,160.55622222547711
-77.94895402635233,160.34950734491488
-77.9188863841038,160.28148833049914
-77.86828382965892,160.1678587752947
-77.85256246765398,159.84356575561128
-77.87473713622718,159.52811061480554
-77.86231720439115,159.2841376223212
-77.82804926256473,158.9713986735633
-77.76153448878406,158.62178653145585
-77.73419096709188,158.41818992394892
-77.60366055945359,157.26275046399795
-77.60021599670043,157.23423028582684
-77.47407752237203,156.21704694291438
-77.28349286590908,155.35064512563102
-77.24681079677836,154.49238319383602
-77.17617382259016,153.76822703904313
-77.11360544395997,152.92281536806138
-76.99603698200248,150.83067443850413
-76.88189828792312,149.15910259183389
-76.72124733561036,146.97428154124395
-76.50333958354886,144.07024400411666
-76.30585003767865,141.3524842540154
-76.24468956866545,140.3812453676089
-76.1406321170459,138.97540094389495
-76.02703627646555,137.7014990986888
-75.96805981568504,137.09026221358394
-75.81570730766607,135.74008113782276
-75.6865558335491,134.90658177235096
-75.41186191408144,133.8947682386078
-75.32350349438558,133.41830630577343
-75.28982282742854,133.05422584040522
-75.16570198231268,130.7861880750868
-75.08417472952092,129.51131345748806
-75.05393051231114,128.54059827204088
-75.02632423565215,127.24031335025234
-75.00752542712927,126.13999269329734
-74.99988826704674,125.2465556955647
-74.991426165714,124.41146506062098
-74.99348619064143,124.0988594391442
-75.00219766450897,123.85048121432537
-75.02152492441064,123.63451793135846
-75.08424629601326,123.27742282871176
-75.01138678701275,123.56027447355974
-74.96391768376881,123.7137137258133
-74.87762264659146,124.01991348353788
-74.79573041855656,124.36561335457071
-74.6037561885343,125.49093337450661
-74.50120575784145,126.59312720709939
-74.38138843958856,127.57075447690139
-74.3320291978508,128.10342681221255
-74.34707824778275,129.29318577220792
-74.40275442730692,130.32198948805294
-74.45270489763202,131.45657749418788
-74.49439854140175,132.27133675231804
-74.59495617980622,133.18618699010096
-74.75351568905391,134.34421681789487
-74.83262495636829,134.9607079415088
-74.84265737370207,136.34710571809674
-74.82646204994406,137.93043557777116
-74.75127980406005,139.57849410688084
-74.70295946952993,141.8346534521465
-74.61953679974853,143.68128095765812
-74.53670317183547,145.47102983729985
-74.51328673120753,146.43507378795314
-74.45478715536046,147.01806929711157
-74.36615267600224,147.50892738855285
-74.2448567658338,148.76667789665674
-73.96092557867574,150.41913208595182
-73.81406042597793,151.19251103337405
-73.59778216572849,152.442446401129
-73.30121449055711,154.1635230802535
-73.1745987023744,155.0439902482515
-72.9780056229261,156.7111810166389
-72.92660469407326,157.31883031848668
-72.75100890341338,158.79189584556843
-72.6109687749183,158.73938044505852
-72.50247078212325,158.66100199938177
-72.39719823095602,158.54453152126567
-72.28767303002219,158.4638566784076
-72.10492993207541,158.4481993006789
-71.97053379733019,158.46300365600774
-71.86378890999033,158.45538826707485
-71.78497795864473,158.58341965977831
-71.62236095571825,158.2509989042732
-71.48559346178915,157.87327446607918
-71.40776107847879,157.67726935532525
-71.30221548001226,157.38334572765177
-71.19340067879999,157.1726785626789
-71.12698202076184,157.05435325054984
-70.99020833815288,156.74435462825082
-70.87686375429368,156.52604201448597
-70.79483058470633,156.44963643179318
-70.72253541752737,156.35403201994774
-70.64011244663749,156.3002183445791
-70.51828053092461,156.1818637788852
-70.46220109869229,156.12884985739103
-70.35279276108396,156.0576564030459
-70.26983472818907,156.0102344461243
-70.21951608181227,156.01187893500523
-70.14034963293093,156.08540541271003
-70.11270555142002,156.1109365653394
-70.03105443592516,156.1630002094803
-69.96992221965311,156.1380600216336
-69.9450315768239,156.09340216745824
-69.90050585542187,156.01384199317914
-69.8311435698502,155.8170547489975
-69.7783963505205,155.6262165896978
-69.71957275968475,155.37765379232644
-69.6153694074568,155.13077494543626
-69.52615763863417,154.902300039718
-69.42469835374389,154.64581082505538
-69.34201249396915,154.47769681973332
-69.27290003243587,154.44638420931415
-69.19166080294517,154.48382721252267
-69.09206475779851,154.46758515866208
-69.01237480795913,154.41528581399797
-68.9843905948113,154.4009175089018
-68.95295735155364,154.33632422770387
-68.90856515040618,154.2408865235074
-68.83696672479988,154.1533376911111
-68.76553592029788,154.13023349818414
-68.70701324496926,154.150784359009
-68.67538132241435,154.1689591401582
-68.65053157059383,154.18604066480995
-68.57698854836596,154.22302231667595
-68.5475118560477,154.1842661250123
-68.5002357249259,154.15488546726252
-68.47436580525222,154.11711903971977
-68.42690778773382,154.0156587540053
-68.38601044246467,153.92556915834882
-68.37385658296539,153.89206317922373
-68.37656776196887,153.88294456339017
-68.3892347693256,153.86136464726326
-68.39746044419296,153.8409408013593
-68.40139109643415,153.80965053697315
-68.40040523937424,153.7817536694334
-68.39288875059292,153.74837702195603
-68.3787078857419,153.68914794921875
-68.37274169921848,153.6904296875
-68.36231994628879,153.68087768554688
-68.35636138915989,153.6754150390625
-68.35337829589815,153.67942810058594
-68.34345245361301,153.6658477783203
-68.33596801757783,153.68594360351562
-68.33299255371067,153.68324279785156
-68.32801055908173,153.68988037109375
-68.32503509521456,153.68714904785156
-68.32204437255832,153.691162109375
-68.31906890869114,153.68844604492188
-68.31507873535126,153.69375610351562
-68.3121032714841,153.6910400390625
-68.29964447021455,153.71102905273438
-68.29418182373018,153.70828247070312
-68.28672027587861,153.7148895263672
-68.26861572265594,153.81253051757812
-68.27301025390594,153.8434600830078
-68.27790923550052,153.84509019338674
-68.27640533447239,153.87571716308594
-68.28228759765595,153.90133666992188
-68.28626251220673,153.9027557373047
-68.2886886596677,153.92294311523438
-68.29216766357392,153.92169189453125
-68.29507446289034,153.944580078125
-68.29904937744112,153.94601440429688
-68.30200958251923,153.94876098632812
-68.3114471435544,153.95303344726562
-68.31586456298801,153.97061157226562
-68.31381988525362,153.98667907714844
-68.31781005859347,153.98141479492188
-68.32078552246064,153.9841766357422
-68.31764221191378,154.0284423828125
-68.32204437255832,154.0460662841797
-68.31901550292937,154.0566864013672
-68.32202005912919,154.07084899860536
-68.32633209228487,154.0905456542969
-68.33227539062472,154.09609985351562
-68.33524322509736,154.09889221191406
-68.35704040527315,154.11708068847656
-68.35946655273408,154.130615234375
-68.36486159084549,154.14771131668434
-68.36924743652317,154.16461181640625
-68.3746719360349,154.17425537109375
-68.37606048583956,154.1958770751953
-68.37105560302707,154.20242309570312
-68.37395477294895,154.2186737060547
-68.38237762451146,154.22439575195312
-68.38427734374972,154.24200439453125
-68.38960981546356,154.24421645300762
-68.3876876831052,154.2542724609375
-68.39107513427706,154.27328491210938
-68.39456176757785,154.27206420898438
-68.39793395996068,154.2910919189453
-68.403869628906,154.29673767089844
-68.40463162374333,154.30662399421936
-68.40924835205051,154.3131561279297
-68.4180374145505,154.34185791015625
-68.42248535156224,154.34609985351562
-68.42821502685518,154.38555908203125
-68.43583679199192,154.35885620117188
-68.44496917724584,154.41062927246094
-68.45094299316379,154.40957641601562
-68.45442962646456,154.40838623046875
-68.4533451258798,154.43455960858464
-68.45722961425754,154.4382781982422
-68.45856475830051,154.45999145507815
-68.46306610107396,154.45750427246094
-68.46446228027318,154.47247314453125
-68.46746826171848,154.46856689453125
-68.47043609619112,154.47140502929688
-68.47134399414035,154.48362731933594
-68.46675872802707,154.49964904785156
-68.47560882568331,154.51499938964844
-68.48039245605442,154.54232788085938
-68.4860160003336,154.5742085184394
-68.49093925485401,154.59932399203723
-68.50207390796767,154.6406145603479
-68.50865922264538,154.64354318820355
-68.52157592773409,154.68702697753906
-68.52688309548114,154.6936014255712
-68.53277105528939,154.7059182211881
-68.53632354736301,154.70828247070312
-68.5417633056638,154.71131896972656
-68.54336547851537,154.69918823242188
-68.54880523681614,154.70223999023438
-68.55532073974582,154.6971893310547
-68.55876159667942,154.7028350830078
-68.56325531005832,154.7003936767578
-68.56864929199193,154.71023559570312
-68.57468414306614,154.7024383544922
-68.57912445068334,154.706787109375
-68.58055114746068,154.7150421142578
-68.58509826660129,154.70579528808594
-68.58700561523412,154.716796875
-68.59097290039035,154.71841430664062
-68.5912780761716,154.7415771484375
-68.5987930297849,154.7352294921875
-68.6044141710021,154.74657768932852
-68.61121468687968,154.73883093515903
-68.61612485452596,154.74129768082895
-68.62189483642551,154.7694091796875
-68.63341522216774,154.71702575683594
-68.64248657226537,154.68838500976562
-68.64321899414038,154.6581573486328
-68.63186645507788,154.6002960205078
-68.62854766845679,154.56964111328128
-68.62511444091771,154.54795837402344
-68.6264038085935,154.52647399902344
-68.6352920532224,154.509765625
-68.64833831787084,154.50106811523438
-68.66190338134741,154.51327514648438
-68.67300415039038,154.56578063964844
-68.6774749755857,154.58030700683594
-68.68218231201148,154.58175659179688
-68.69071960449195,154.58436584472656
-68.70653533935523,154.5912322998047
-68.71720886230445,154.5839385986328
-68.75070953369116,154.54884338378906
-68.77931976318335,154.52871704101562
-68.79103088378882,154.52288818359375
-68.79345703124976,154.532470703125
-68.79535675048804,154.55020141601562
-68.79277801513648,154.5620880126953
-68.77874755859351,154.58795166015625
-68.7640457153318,154.60746765136722
-68.73739624023413,154.6461944580078
-68.72673034667945,154.66555786132812
-68.71827697753882,154.6839599609375
-68.71073913574195,154.71176147460938
-68.70531463623023,154.74737548828125
-68.70240020751929,154.7976837158203
-68.72567749023415,154.8394775390625
-68.73923492431618,154.87168884277344
-68.7573547363279,154.881103515625
-68.77905273437476,154.90708923339844
-68.80718231201149,154.9449920654297
-68.81952667236304,154.9715118408203
-68.83043670654276,154.98609924316406
-68.84405517578101,154.9780731201172
-68.84968566894507,154.9750518798828
-68.87127685546852,154.9960632324219
-68.88214874267555,155.01617431640625
-68.88566589355445,155.0266571044922
-68.88627624511696,155.037353515625
-68.88563537597635,155.0541534423828
-68.8806228637693,155.0723114013672
-68.86496734619118,155.0956573486328
-68.85594940185523,155.12425231933594
-68.85661315917945,155.1350860595703
-68.85836791992165,155.1455841064453
-68.86318805314058,155.15221992362586
-68.87154645534162,155.16490379336483
-68.88003558616104,155.19376848800258
-68.88456938642429,155.23168437600415
-68.88766479492172,155.2742919921875
-68.88440704345687,155.25466918945312
-68.8721867095378,155.2074637210742
-68.88440704345679,155.25466918945312
-68.88766479492165,155.2742919921875
-68.88906097412087,155.28271484375
-68.8859481811521,155.29348754882812
-68.88971196489217,155.30706299586504
-68.89306082077559,155.32612578448982
-68.89743041992165,155.33322143554688
-68.90823364257788,155.34666442871094
-68.91173553466776,155.34561157226562
-68.9155349731443,155.36119079589844
-68.92346191406226,155.3647003173828
-68.93401330566944,155.3734194351085
-68.93403822112127,155.37338526173752
-68.94750606234611,155.37264765169894
-68.96026235293283,155.3711731613008
-68.97879748693104,155.36890154272052
-68.9913715260304,155.36271591670206
-69.00480129748907,155.3653171572581
-69.01222862620065,155.367356647053
-69.02317668595089,155.37643891693835
-69.0313355403049,155.39734758493026
-69.04303598769448,155.40384035160147
-69.06097902948581,155.43043628710456
-69.07702441292591,155.49254741030276
-69.08027919757068,155.5197893997977
-69.0765918619126,155.5443059376223
-69.06827566639703,155.57303919798704
-69.06138138393953,155.58509290416254
-69.04893137316549,155.5810993165588
-69.03577169046302,155.55823619379396
-69.01593934045258,155.5306952317149
-68.9625020397525,155.5359575594244
-68.96174299533895,155.5354507655844
-68.96135304237175,155.54209762099214
-68.95449109057168,155.55073013584385
-68.9486547355394,155.57787601267873
-68.94503021240212,155.6230926513672
-68.94363403320291,155.65203857421875
-68.94396972656227,155.69920349121094
-68.94196597173675,155.71466771137037
-68.94164276123023,155.72250366210938
-68.94436919690553,155.7361201931159
-68.94997406005837,155.7664031982422
-68.95173059101272,155.77992305504407
-68.9567664698424,155.80524145577382
-68.96068572998026,155.8175506591797
-68.96936508111996,155.84753745742188
-68.977714538574,155.87783813476562
-68.9827957153318,155.8715057373047
-68.98675537109352,155.8733673095703
-68.98790740966776,155.89572143554688
-68.99548339843726,155.88967895507812
-68.99831390380838,155.89974975585938
-69.00329589843729,155.9003448486328
-69.00637054443338,155.92713928222656
-69.01601385277121,155.95549952962887
-69.00683593749977,155.96055603027344
-69.00153350830048,155.9807586669922
-69.0084686279294,155.9824676513672
-69.012641906738,155.97727966308594
-69.02235412597629,155.98214721679688
-69.0247802734372,156.00405883789062
-69.0252456665036,156.0204315185547
-69.02879333496064,156.02699279785156
-69.03376007080048,156.03578186035156
-69.03193664550751,156.01312255859378
-69.03250122070285,156.00543212890625
-69.03120422363253,155.98609924316406
-69.03119659423803,155.96815490722656
-69.03722381591768,155.96563720703125
-69.04361724853489,155.9676513671875
-69.05081176757784,155.97467041015625
-69.05654907226535,155.98150634765625
-69.0678405761716,155.97840881347656
-69.07109069824192,155.9763641357422
-69.07496643066378,155.98052978515625
-69.07974243164034,155.98358154296875
-69.08444213867159,155.98170471191406
-69.08998107910126,155.98280334472656
-69.09720611572239,155.98779296875
-69.10440063476535,156.00384521484375
-69.11586761474582,156.02658081054688
-69.12574005126925,156.06634521484375
-69.13064575195285,156.0792694091797
-69.13491821289035,156.0859832763672
-69.13779449462862,156.097412109375
-69.13470458984348,156.1162872314453
-69.12677764892551,156.13613891601562
-69.1205825805661,156.1308135986328
-69.11206817626926,156.12437438964844
-69.10584259033176,156.11209106445312
-69.10236358642548,156.1103973388672
-69.09815216064425,156.1176300048828
-69.09420013427706,156.13551330566406
-69.09442138671845,156.1482391357422
-69.10194396972629,156.1529083251953
-69.11092376708957,156.1577911376953
-69.12038421630832,156.1770782470703
-69.12471008300754,156.188720703125
-69.12815093994115,156.2014923095703
-69.13249969482396,156.22010803222656
-69.14182281494114,156.23861694335938
-69.14827728271457,156.2456512451172
-69.16024017333957,156.24688720703125
-69.1685256958005,156.24967956542972
-69.17391967773412,156.25904846191406
-69.1797561645505,156.27587890625
-69.18693542480445,156.30812072753906
-69.19167327880832,156.329345703125
-69.19348907470676,156.3501739501953
-69.19374847412081,156.36788940429688
-69.19834899902317,156.38829040527347
-69.20447540283176,156.4208679199219
-69.20261383056611,156.47325134277344
-69.2032165527341,156.4955596923828
-69.20363616943332,156.5120849609375
-69.20117187499972,156.52610778808594
-69.19818878173803,156.5367584228516
-69.1944503784177,156.5563507080078
-69.19254302978487,156.57168579101562
-69.18845367431614,156.5936737060547
-69.1787033081052,156.613525390625
-69.1733551025388,156.6180419921875
-69.15698242187474,156.5879669189453
-69.13013458251925,156.51780700683594
-69.12202453613249,156.4907684326172
-69.1185226440427,156.47508239746094
-69.11604309082003,156.4591522216797
-69.11228179931612,156.44180297851562
-69.10940551757785,156.4393310546875
-69.10588836669895,156.4396209716797
-69.10239410400364,156.4468994140625
-69.10215759277315,156.45913696289062
-69.10235595703095,156.47186279296878
-69.10290527343722,156.4891357421875
-69.10151672363253,156.5008087158203
-69.09934234619114,156.50743103027344
-69.09586334228486,156.5056915283203
-69.09246826171847,156.49986267089844
-69.0888900756833,156.48828125
-69.08483123779268,156.47129821777344
-69.08006286621065,156.4681396484375
-69.07642364501925,156.4676055908203
-69.07227325439428,156.47067260742188
-69.06851196289033,156.4762420654297
-69.06557464599582,156.48480224609375
-69.06790161132784,156.49290466308594
-69.07190704345675,156.5049591064453
-69.07763671874972,156.51890563964844
-69.08225250244111,156.5371856689453
-69.08471679687469,156.5531005859375
-69.08712768554658,156.55715942382812
-69.09050750732392,156.5560302734375
-69.09629058837861,156.552001953125
-69.10195159912081,156.55409240722656
-69.10774993896457,156.56399536132812
-69.1141967773435,156.57809448242188
-69.12091064453095,156.60084533691406
-69.1248474121091,156.63096618652344
-69.12090301513642,156.63076782226562
-69.1167907714841,156.6317596435547
-69.11936178287165,156.6491041890245
-69.12730407714822,156.64280700683594
-69.13603470029499,156.68339396833244
-69.13637430593212,156.68284155497005
-69.14576814269073,156.69447288486853
-69.15940455561835,156.72234735558152
-69.1678164629424,156.7582033924241
-69.16909091102539,156.7780299059075
-69.17092751447196,156.80539457562986
-69.17995996477624,156.82245855689138
-69.18736529177073,156.84806883594277
-69.1889669553611,156.89709847581565
-69.1716331418463,156.95234765605585
-69.16244608907941,156.9649662862995
-69.16148172656814,156.96611796247166
-69.16548156738261,156.96434020996094
-69.16016531930889,156.98371341722518
-69.1586775873753,157.005884437733
-69.14415884958233,157.02997806566268
-69.14254760742168,157.05284118652344
-69.13813018798808,157.07167053222656
-69.14160156249982,157.09469604492188
-69.15457916259744,157.1166534423828
-69.15792083740214,157.12287902832034
-69.15820312499979,157.1327362060547
-69.15393829345683,157.1445770263672
-69.15821943050803,157.15659901523125
-69.16307830810526,157.15573120117188
-69.1731033325193,157.15780639648438
-69.18288421630838,157.1668701171875
-69.18647003173808,157.17355346679688
-69.19215393066385,157.1898956298828
-69.1990280151365,157.20120239257812
-69.21137237548808,157.19569396972656
-69.21628570556621,157.1953582763672
-69.2240982055662,157.204345703125
-69.2290802001951,157.2087860107422
-69.23947143554668,157.2031707763672
-69.24623870849591,157.20367431640625
-69.25341033935527,157.22865295410156
-69.25308990478496,157.24972534179688
-69.26316070556621,157.2652130126953
-69.27813720703107,157.29197692871094
-69.2867889404295,157.2921142578125
-69.30548095703105,157.3163604736328
-69.32591247558575,157.34225463867188
-69.34625244140605,157.3866424560547
-69.35626983642561,157.40782165527344
-69.35916137695293,157.41725158691406
-69.3589553833006,157.42909240722656
-69.3538818359373,157.44300842285156
-69.32773590087872,157.48228454589844
-69.31006622314435,157.48959350585938
-69.30687713623026,157.4957733154297
-69.30016326904276,157.49996948242188
-69.29153442382791,157.49546813964844
-69.28513336181622,157.4944305419922
-69.27538299560527,157.49551391601562
-69.2639923095701,157.4991455078125
-69.25886535644511,157.50521850585938
-69.25355529785138,157.50413513183594
-69.2496440789756,157.48413025257761
-69.24494330890724,157.51120063445188
-69.234825400956,157.5373474690782
-69.21874257003665,157.54215032923503
-69.21401977539043,157.54937744140625
-69.2103271484373,157.55706787109375
-69.20816040039044,157.58335876464844
-69.2005157470701,157.5888214111328
-69.19742584228497,157.5924072265625
-69.19397735595682,157.60997009277344
-69.18737030029276,157.61424255371094
-69.18554687499979,157.6265106201172
-69.19082641601544,157.654296875
-69.19312286376933,157.66180419921875
-69.19705200195291,157.66403198242188
-69.19832611083964,157.6727294921875
-69.20511399391171,157.68105615127345
-69.20909789650767,157.70391569873217
-69.21131225036095,157.727502240718
-69.21282958984355,157.74751281738284
-69.2198715209959,157.74620056152344
-69.22422790527322,157.75134277343753
-69.23101806640604,157.74011230468753
-69.22737121582011,157.7646942138672
-69.22118377685527,157.77182006835938
-69.22080230712872,157.7858123779297
-69.2249755859373,157.7979736328125
-69.22994232177714,157.79904174804688
-69.23120880126933,157.80775451660156
-69.22501373290996,157.81488037109375
-69.22130584716777,157.82252502441406
-69.21366119384746,157.82791137695312
-69.20811462402324,157.84780883789062
-69.20272827148416,157.8438262939453
-69.19776153564433,157.84275817871094
-69.19401550292947,157.83351135253906
-69.18804931640602,157.85047912597656
-69.18576049804668,157.84295654296875
-69.180595397949,157.84886169433594
-69.17769622802713,157.84542846679688
-69.1725311279295,157.85133361816406
-69.1727777868222,157.87602597305425
-69.1775665283201,157.88613891601562
-69.17427825927714,157.89666748046875
-69.16456604003886,157.90435791015625
-69.16188812255838,157.91079711914062
-69.16482543945293,157.93109130859375
-69.17333984374979,157.94842529296875
-69.17045593261696,157.9618377685547
-69.17628479003888,157.98561096191406
-69.17195129394511,157.99728393554688
-69.17881011962871,158.01991271972656
-69.18417358398418,158.00706481933594
-69.18997955322246,158.0139923095703
-69.1930923461912,158.02734375
-69.1964111328123,158.03372192382812
-69.20137786865213,158.03485107421878
-69.21006774902324,158.0283660888672
-69.21524810790994,158.03939819335938
-69.21568298339824,158.0592041015625
-69.21073150634747,158.07496643066406
-69.20950317382791,158.1000213623047
-69.21801757812482,158.18507385253906
-69.21470642089824,158.195556640625
-69.21778312201467,158.2150712623585
-69.2246038007256,158.25471359634287
-69.22648620605447,158.2701873779297
-69.23081970214825,158.2923583984375
-69.23413848876935,158.28187561035156
-69.23723602294902,158.29530334472656
-69.24448394775374,158.30409240722656
-69.24853501363052,158.30390559339526
-69.25137929544715,158.3124102241947
-69.25677765261061,158.3320995215863
-69.26532868701103,158.32033643321586
-69.26924548291433,158.32076047546076
-69.27108271860044,158.33265311954113
-69.27977073881402,158.38271412205916
-69.28311181724253,158.3840862179043
-69.2871989864707,158.38800948266322
-69.29409545164583,158.3905584487037
-69.30395547980535,158.40434229171743
-69.30977630615217,158.410400390625
-69.31757342203147,158.398802842897
-69.31762029114927,158.39860974212257
-69.32582239894147,158.3869628582239
-69.33211872080157,158.3823571035382
-69.34768788604936,158.390278483278
-69.35496504044613,158.400960274678
-69.35804316554479,158.41471907211005
-69.35602581119548,158.4292732011791
-69.34928866188486,158.45975272644
-69.35066360056058,158.47377646454385
-69.35047624201921,158.47543342499966
-69.3577453593734,158.5127705811099
-69.35161196826142,158.54487713578496
-69.35045623779278,158.5821075439453
-69.34563446044903,158.60781860351562
-69.34251403808575,158.61126708984375
-69.3375930786131,158.59300231933594
-69.3334426879881,158.5976104736328
-69.32399664816727,158.62570506627284
-69.32399664816671,158.62570506626503
-69.32399664816714,158.62570506627284
-69.32876816539195,158.64292488263627
-69.33349214650904,158.64995510866382
-69.33679939401557,158.66346003867963
-69.33687203141469,158.70587621022284
-69.32381450046039,158.710043919177
-69.32611791675194,158.75302670747442
-69.3170797915243,158.76358982450847
-69.31861877441389,158.7765350341797
-69.313766479492,158.8021697998047
-69.32556915283185,158.85348510742188
-69.34864044189433,158.88238525390625
-69.3592987060545,158.90798950195312
-69.36466217040996,158.91229248046875
-69.36922454833967,158.9106903076172
-69.37715911865216,158.94268798828125
-69.37908935546855,158.95565795898438
-69.38851928710919,158.9498291015625
-69.39128875732402,158.9527130126953
-69.3936767578123,158.95718383789062
-69.39729309082013,158.9561767578125
-69.39896392822247,158.96363830566406
-69.401901245117,158.9665985107422
-69.4069290161131,158.96461486816406
-69.41452026367169,158.97232055664062
-69.42568206787092,158.979248046875
-69.43408966064435,158.9826202392578
-69.44092559814435,158.9862060546875
-69.45159149169905,159.00125122070312
-69.4545135498045,159.00540161132812
-69.45716857910136,159.01368713378906
-69.46385192871075,159.03706359863284
-69.47098541259747,159.05996704101562
-69.47257995605449,159.07180786132812
-69.4717025756834,159.07923889160156
-69.4634323120115,159.1141357421875
-69.45981597900371,159.1235809326172
-69.44555664062482,159.12429809570312
-69.43871307373028,159.12721252441406
-69.42922973632794,159.1314697265625
-69.42240905761702,159.12533569335938
-69.4183578491209,159.1243896484375
-69.41560363769513,159.12261962890625
-69.41220855712874,159.12686157226562
-69.40346527099591,159.1435089111328
-69.40047454833964,159.1527557373047
-69.39752960205058,159.16452026367188
-69.40471649169902,159.1737060546875
-69.4052658081053,159.18667602539062
-69.40917968749982,159.18922424316406
-69.41250610351543,159.22291564941406
-69.4179916381834,159.23733520507812
-69.42478942871074,159.2435760498047
-69.42810058593732,159.27731323242188
-69.43567657470682,159.2895050048828
-69.44302368164044,159.33587646484375
-69.45021057128888,159.34512329101562
-69.4549255371092,159.3807830810547
-69.46250152587874,159.3930206298828
-69.46405792236308,159.40492248535156
-69.47503662109357,159.4339141845703
-69.48195648193341,159.42311096191406
-69.48430633544905,159.44097900390628
-69.49697113037094,159.46481323242188
-69.50375366210919,159.47114562988284
-69.5057067871092,159.48605346679688
-69.50354357381077,159.49945878539222
-69.50800323486311,159.49705505371094
-69.51143646240216,159.49595642089844
-69.51464843749982,159.4931640625
-69.51729583740216,159.48777770996094
-69.53141021728499,159.47779846191406
-69.5330734252928,159.4581298828125
-69.53498840332016,159.4471435546875
-69.53925323486312,159.43873596191406
-69.54319763183575,159.43643188476562
-69.54706573486311,159.44378662109375
-69.55796813964828,159.46726989746094
-69.56090545654281,159.48458862304688
-69.55719757080061,159.5537567138672
-69.55373382568345,159.5683135986328
-69.54982757568341,159.5743865966797
-69.54627227783185,159.58135986328125
-69.54450225830061,159.58836364746094
-69.54368591308578,159.5975341796875
-69.54360198974591,159.60719299316406
-69.5450363159178,159.62164306640625
-69.54850006103499,159.63455200195312
-69.55366516113266,159.6348114013672
-69.5583419799803,159.63815307617188
-69.56318664550763,159.64451599121094
-69.57139587402328,159.64410400390625
-69.57514953613263,159.6420440673828
-69.57807159423811,159.6370086669922
-69.5846862792967,159.63638305664062
-69.59677886962874,159.6625518798828
-69.60679626464827,159.6864776611328
-69.61064910888653,159.69903564453125
-69.61427307128889,159.7150421142578
-69.61416625976547,159.73500061035156
-69.61688995361311,159.75964355468753
-69.61886596679672,159.77676391601562
-69.62000274658186,159.79605102539065
-69.61665344238266,159.8238983154297
-69.61225128173812,159.85220336914062
-69.60771942138655,159.86912536621094
-69.60211944580061,159.8845977783203
-69.59543609619122,159.9178009033203
-69.59928131103497,159.92459106445312
-69.6025314331053,159.93141174316406
-69.60913085937483,159.99261474609375
-69.61779785156232,159.97674560546875
-69.61865234374983,159.95541381835938
-69.62217712402327,159.9551239013672
-69.62809753417953,159.98301696777344
-69.63161468505842,159.9827423095703
-69.63258361816389,160.00901794433594
-69.63687133789047,160.01475524902344
-69.63211059570297,160.0333709716797
-69.63324737548811,160.04241943359378
-69.63820648193345,160.04405212402344
-69.64401245117172,160.06185913085938
-69.64754486083969,160.0615997314453
-69.64773559570297,160.04434204101562
-69.6515502929686,160.0369415283203
-69.65412139892561,160.04791259765625
-69.65908050537094,160.049560546875
-69.66022491455061,160.05860900878906
-69.66661071777328,160.0621795654297
-69.66708374023422,160.07534790039062
-69.67137145996074,160.08111572265625
-69.67404937744125,160.0646667480469
-69.67862701415999,160.0633087158203
-69.68357086181622,160.10255432128906
-69.68633270263655,160.0962677001953
-69.69138336181624,160.1080780029297
-69.68622589111311,160.1237030029297
-69.68926239013656,160.1478729248047
-69.69354248046858,160.15367126464844
-69.70156097412092,160.14190673828125
-69.7034606933592,160.1570281982422
-69.7102203369139,160.16368103027344
-69.71508789062484,160.1551971435547
-69.7172775268553,160.16317749023438
-69.72119140624984,160.16595458984375
-69.72392272949202,160.19732666015625
-69.7267761230467,160.20120239257812
-69.72992706298811,160.1979217529297
-69.73383331298812,160.20071411132812
-69.7382049560545,160.21670532226565
-69.74429321289045,160.2275085449219
-69.74782562255844,160.22726440429688
-69.74895477294906,160.23635864257812
-69.75563812255842,160.2328643798828
-69.76209259033186,160.2467041015625
-69.76668548583969,160.24537658691406
-69.76818847656234,160.2575225830078
-69.77946255339992,160.29326158668337
-69.79419708251936,160.3334503173828
-69.79989489267733,160.34119910702196
-69.8038185233683,160.34319519333914
-69.80834650493064,160.34997747897975
-69.8190536499022,160.35235595703125
-69.81777191162094,160.370849609375
-69.82303619384751,160.3654022216797
-69.82690918143913,160.3487939744025
-69.83071881924147,160.33821009048484
-69.83641844198986,160.34021609274612
-69.84167261239523,160.3512233106503
-69.85057830810533,160.34649658203128
-69.86095428466783,160.3079833984375
-69.86927032470686,160.2769775390625
-69.86203002929675,160.23095703125
-69.86463165283187,160.17550659179688
-69.8764801025389,160.14378356933594
-69.88326263427722,160.1405487060547
-69.88888549804672,160.14898681640625
-69.91042327880844,160.13475036621094
-69.93620300292955,160.16021728515625
-69.96115875244125,160.18943786621094
-69.98328399658187,160.2524871826172
-69.98880004882798,160.2718048095703
-69.9898071289061,160.30397033691406
-69.98861694335923,160.3228302001953
-69.99266815185531,160.33920288085938
-70.0017471313475,160.33218383789062
-70.00951385498033,160.36322021484375
-70.01187896728501,160.37240600585938
-70.01137542724597,160.39324951171875
-70.01561703388509,160.43734542401293
-70.02253435750623,160.45216052064973
-70.03232032528273,160.4567098205017
-70.03466820995126,160.46963686271945
-70.03940582275375,160.48098754882812
-70.04336547851548,160.4921417236328
-70.04373168945297,160.51049804687503
-70.04624938964828,160.52418518066406
-70.05724334716783,160.54132080078125
-70.07205200195298,160.5636749267578
-70.08059692382797,160.5631866455078
-70.09008789062484,160.57139587402344
-70.09743499755844,160.59494018554688
-70.10007476806625,160.63186645507812
-70.10437774658189,160.6033935546875
-70.10740665143108,160.64429117598033
-70.10203802497178,160.681904209373
-70.10314178466783,160.7020263671875
-70.1010894775389,160.71456909179688
-70.10330200195297,160.73315429687503
-70.0987625122069,160.7447509765625
-70.10239410400378,160.76535034179688
-70.10809326171862,160.77342224121094
-70.10993194580064,160.78890991210938
-70.12131500244125,160.80508422851562
-70.12590026855456,160.80386352539062
-70.1340713500975,160.81289672851565
-70.13728332519516,160.82005310058594
-70.14186859130845,160.81883239746094
-70.14852905273423,160.8050537109375
-70.15219879150376,160.83612060546875
-70.15504455566393,160.8401794433594
-70.15789794921862,160.84423828125
-70.16469626486469,160.8473610390584
-70.16845188306107,160.85590812992817
-70.17250104844636,160.8633937033632
-70.17601013183581,160.8675079345703
-70.18243408203112,160.88186645507812
-70.18702697753892,160.8806610107422
-70.19697570800766,160.89491271972656
-70.20062271430497,160.89353598263472
-70.2034684784651,160.8976100793144
-70.20627609565261,160.8912624230644
-70.20904541015611,160.90701293945312
-70.21855163574205,160.8972930908203
-70.21858978271472,160.90773010253906
-70.23314001471546,160.93809383638134
-70.24222331677942,160.97700040719394
-70.24356589637766,160.99889712207477
-70.24677319703068,161.0145352759242
-70.25356708941918,161.0224135051447
-70.26393127441392,161.03277587890625
-70.26782989501937,161.03581237792972
-70.2773513793944,161.026123046875
-70.282989501953,161.0238800048828
-70.28604479630562,161.02077662982967
-70.28171539306629,160.98779296875
-70.29376220703111,160.99316406250003
-70.30252951594899,160.99182287717593
-70.31310272216784,160.99020385742188
-70.32677459716784,161.00575256347656
-70.3396759033202,161.0226287841797
-70.33467102050768,161.0424346923828
-70.30755615234362,161.07081604003906
-70.30860900878893,161.09324645996094
-70.32799530029284,161.10374450683594
-70.36108398437486,161.11329650878906
-70.37346649169909,161.10719299316406
-70.38586425781239,161.1075439453125
-70.39482879638659,161.12222290039065
-70.42786407470692,161.2012939453125
-70.45466613769518,161.21963500976562
-70.4632110595702,161.25003051757812
-70.47713470458972,161.2510986328125
-70.49910736083973,161.24618530273438
-70.50278472900379,161.23374938964844
-70.50099945068348,161.2116241455078
-70.50181579589831,161.1868591308594
-70.50745391845693,161.17892456054688
-70.51377105712879,161.18336486816406
-70.52055358886707,161.19822692871094
-70.52539062499989,161.22161865234375
-70.51763153076159,161.26217651367188
-70.52026367187489,161.27256774902344
-70.52570343017567,161.27574157714844
-70.5326690673827,161.2730255126953
-70.54182434082018,161.28334045410156
-70.55772399902331,161.2889862060547
-70.56514739990222,161.30325317382812
-70.56735992431629,161.32937622070312
-70.56912231445303,161.3450469970703
-70.57347106933581,161.34498596191406
-70.57712554931629,161.31289672851562
-70.58058166503896,161.2919158935547
-70.58819580078112,161.28854370117188
-70.59493255615223,161.28385925292972
-70.59883117675768,161.27333068847656
-70.60447692871082,161.265380859375
-70.62887573242176,161.27548217773438
-70.64588928222645,161.29754638671875
-70.65356445312487,161.33355712890625
-70.65644073486317,161.3722686767578
-70.66211700439443,161.384033203125
-70.67041778564443,161.4128875732422
-70.67544555664051,161.4384765625
-70.6813430786132,161.4654083251953
-70.6933135986327,161.4686279296875
-70.70787811279287,161.42970275878906
-70.71090698242176,161.40464782714844
-70.72023010253896,161.3643798828125
-70.7195358276366,161.33209228515625
-70.7221221923827,161.3162384033203
-70.72624969482412,161.3076171875
-70.73233795166007,161.30357360839844
-70.73910522460926,161.3120574951172
-70.75612640380848,161.34088134765625
-70.76393890380848,161.3196563720703
-70.780662536621,161.28704833984375
-70.7904586791991,161.28358459472656
-70.8033218383788,161.29464721679688
-70.80922698974598,161.3084716796875
-70.81531524658192,161.30441284179688
-70.8244857788085,161.32151794433594
-70.83672332763662,161.34655761718753
-70.84521484374989,161.34446716308594
-70.85129547119129,161.33377075195312
-70.86242675781241,161.34890747070312
-70.86746215820303,161.36811828613284
-70.87576293945303,161.39062500000003
-70.88492584228507,161.40782165527344
-70.88690948486317,161.43240356445312
-70.88887786865224,161.45033264160156
-70.89216613769521,161.4868927001953
-70.88934326171865,161.5075225830078
-70.87998962402332,161.54144287109375
-70.88063812255848,161.5540771484375
-70.8804244995116,161.572021484375
-70.883689880371,161.58863830566406
-70.89044189453115,161.5972900390625
-70.90220642089835,161.5986328125
-70.91876220703114,161.59068298339844
-70.93292236328114,161.60736083984375
-70.96427154541006,161.67552185058594
-70.99084472656241,161.69305419921875
-71.03880310058584,161.6665802001953
-71.05644989013663,161.67539978027344
-71.10745239257803,161.68377685546875
-71.11853027343743,161.72625732421875
-71.1252365112304,161.7754669189453
-71.1306610107421,161.79910278320315
-71.14218139648429,161.82553100585938
-71.1713104248046,161.8745574951172
-71.1793899536132,161.8686065673828
-71.1868133544921,161.8633270263672
-71.21036529541006,161.85964965820315
-71.21838378906243,161.8875274658203
-71.22834014892571,161.92697143554688
-71.23940277099602,161.95632934570312
-71.24089813232412,161.97059631347656
-71.24150085449209,161.99024963378906
-71.24758911132804,161.9998779296875
-71.25345611572257,162.00747680664062
-71.26173400878898,162.01039123535156
-71.26586914062491,162.01524353027344
-71.26909637451163,162.03228759765625
-71.26618194580071,162.06004333496094
-71.25213623046866,162.0922088623047
-71.24705505371085,162.1130828857422
-71.24546813964835,162.1326904296875
-71.24821472167959,162.15921020507812
-71.25466918945303,162.18653869628906
-71.27295684814445,162.1953125
-71.36285400390618,162.24546813964844
-71.38198852539054,162.2625732421875
-71.40332794189446,162.27294921875
-71.41690826416006,162.3138427734375
-71.42028808593741,162.33999633789062
-71.42193603515616,162.3633270263672
-71.41941833496088,162.38853454589847
-71.41139984130851,162.4237518310547
-71.40538024902335,162.45013427734375
-71.4020233154296,162.46705627441406
-71.39866638183585,162.48397827148438
-71.39295196533196,162.4918975830078
-71.3867874145507,162.5025177001953
-71.37044525146477,162.49826049804688
-71.35369110107413,162.4899139404297
-71.21053314208976,162.3697509765625
-71.14300537109366,162.30413818359375
-71.09542846679679,162.263916015625
-71.08290100097646,162.28964233398438
-71.08236694335929,162.31246948242188
-71.08290863037101,162.3386993408203
-71.08801269531241,162.3671417236328
-71.09010314941398,162.38739013671875
-71.08602905273429,162.41812133789062
-71.07987213134757,162.4285888671875
-71.07160949707021,162.42552185058594
-71.0609817504882,162.4136199951172
-71.05412292480459,162.38916015625
-71.05227661132804,162.3642578125
-71.05108642578116,162.33871459960938
-71.04589080810537,162.33045959472656
-71.02418518066398,162.30946350097656
-71.02284240722648,162.3174591064453
-71.03033447265615,162.347900390625
-71.03916931152334,162.37039184570312
-71.04129028320304,162.38389587402344
-71.03575897216788,162.40040588378906
-71.02002716064443,162.40908813476562
-70.9889602661132,162.38829040527344
-70.95667266845695,162.3488311767578
-70.94037628173818,162.33815002441406
-70.9319305419921,162.3264617919922
-70.92078399658195,162.28204345703125
-70.91519927978507,162.26318359375
-70.87514495849598,162.25372314453125
-70.8562240600585,162.2457275390625
-70.83787536621085,162.20196533203125
-70.79877471923815,162.10601806640628
-70.77664947509754,162.07496643066406
-70.7344436645507,162.05932617187503
-70.70806884765614,162.06983947753906
-70.6553726196288,162.07106018066406
-70.64491271972646,162.07472229003906
-70.63643646240223,162.0699005126953
-70.63167572021472,162.0592803955078
-70.57392120361315,162.00677490234375
-70.56455993652334,162.00721740722656
-70.56017303466786,162.02017211914062
-70.5603103637694,162.04827880859375
-70.55763244628895,162.0704345703125
-70.541534423828,162.06869506835938
-70.46988677978504,162.00828552246094
-70.4452136551978,161.99126033575325
-70.43288545620943,161.99137175720236
-70.41518989204896,162.008337354917
-70.40157593182025,162.0060627436975
-70.36875666367446,162.03471862121611
-70.36346018772264,162.05600871067296
-70.36085510253893,162.08360290527344
-70.35876464843739,162.07513427734375
-70.34883880615223,162.0811767578125
-70.34496307373036,162.07791137695312
-70.3375726554887,162.09159769845954
-70.34868125054993,162.1056002263798
-70.36010746489401,162.1064278630901
-70.37012699610563,162.12040933703304
-70.38093829759566,162.15219795036754
-70.3844438404869,162.1741396011641
-70.38657067123962,162.19909119054924
-70.38158014955793,162.21060421797256
-70.37087032742994,162.20060409918906
-70.33776621128683,162.20356607744498
-70.33323539566953,162.2013103284499
-70.31718863681128,162.22112732272404
-70.31291429581162,162.23571035931346
-70.297851791164,162.25053433291677
-70.28002336116785,162.31208181497016
-70.27898352622735,162.3373844481169
-70.27635955810536,162.35560607910156
-70.27157314803146,162.39254071106598
-70.27357585861003,162.402281814595
-70.27586394011755,162.41510965151878
-70.27599101611459,162.44536198720522
-70.27219619731589,162.47111139619741
-70.27174377441393,162.49880981445312
-70.2672844136891,162.52766203167707
-70.26433456325914,162.56399495744066
-70.26659393310534,162.5937957763672
-70.26952520801889,162.6153355236794
-70.27676611448736,162.664121278255
-70.27832294803098,162.67656085170924
-70.28204443407057,162.68590405291675
-70.28500366210923,162.7016143798828
-70.28820037841786,162.6986541748047
-70.29100036621082,162.7030029296875
-70.29354675269803,162.7127069929469
-70.2977086269434,162.7098317514672
-70.30260626689294,162.71191209485585
-70.30613867656089,162.71211045911366
-70.31073920146322,162.71134751966053
-70.31567541972495,162.7137584083324
-70.32127539531089,162.7224711768871
-70.33417292970297,162.71939131041552
-70.34540587462719,162.72533294799467
-70.34861022033031,162.72237274291655
-70.3514102081233,162.72676727416655
-70.35601836242016,162.72598907592436
-70.36128264464674,162.73155853393217
-70.36334258117017,162.74010345580717
-70.36721831359205,162.7435061657681
-70.36920195617017,162.76256439330717
-70.37250947557148,162.76919488126856
-70.37875088254613,162.78357778803743
-70.3902176711745,162.78143646375807
-70.39852176464453,162.79012993160123
-70.40170010662233,162.77699630359322
-70.405218858688,162.76196558435115
-70.40905630800718,162.75000012748043
-70.41440356729485,162.74168267737556
-70.42154635388715,162.7451732188105
-70.42877833185028,162.76037972876946
-70.4375190106411,162.77925783041266
-70.44126324744698,162.80445414947988
-70.44169633855184,162.81353646859716
-70.45104934410476,162.84215437162112
-70.46352498464356,162.8622007445732
-70.46779744558106,162.8582639769951
-70.47060506276856,162.8626890258232
-70.47380177907716,162.8597288207451
-70.47972218923341,162.87178326410444
-70.48251454763184,162.87620831293256
-70.48531453542479,162.8806638793388
-70.4957591765381,162.9025602416435
-70.49929921560059,162.90281964105756
-70.50620381765137,162.92451763910444
-70.5100642912842,162.92796612543256
-70.52008931569826,162.95733929437787
-70.5220576994873,162.9765806273857
-70.51908223562012,162.9933347777763
-70.5207149260498,163.00935650629197
-70.52490346364748,163.01605511469037
-70.52611653737794,163.03949261469037
-70.52323262624513,163.04564190668256
-70.5283061736084,163.0725736693779
-70.52467458181154,163.08288861078412
-70.53272359304201,163.09309674066694
-70.53830068044435,163.10205364984662
-70.54067342214357,163.11392498773725
-70.54346578054201,163.11839581293256
-70.5473262541748,163.12190533441694
-70.55225484304201,163.1244382934013
-70.5557948821045,163.1247282103935
-70.56254689626466,163.12210369867475
-70.56458394460451,163.1307859496513
-70.56887166433107,163.1268796996513
-70.57529561452638,163.12103558344037
-70.57552449636233,163.13489056390912
-70.60026963553793,163.1668001313646
-70.61820246335368,163.13137731807947
-70.62808958435207,163.1410322006494
-70.63461199364538,163.1680786705817
-70.6349927726639,163.16993379324646
-70.65084737397,163.19978138605322
-70.66486950274489,163.21593786552265
-70.68200305664156,163.26334871638872
-70.6869711862437,163.31333879293632
-70.68179684729347,163.33504813305694
-70.6372226607767,163.334500209607
-70.63632528763195,163.33436914304002
-70.63631395302043,163.33455120926084
-70.64133453369129,163.36221313476562
-70.64174652099598,163.3900146484375
-70.64732360839831,163.3990936279297
-70.64881134033193,163.42593383789062
-70.65507197977483,163.466604817477
-70.65763569924242,163.4743644875399
-70.65486947392151,163.49087808230237
-70.64989471435536,163.52001953125
-70.65331268310536,163.5310516357422
-70.65338134765614,163.55563354492188
-70.6572341918944,163.55923461914062
-70.6646270751952,163.56321716308594
-70.66242567141181,163.5915912687234
-70.66400146484365,163.61659240722656
-70.66974639892568,163.63967895507812
-70.6630117469408,163.65174949569774
-70.65852007346413,163.67860417624786
-70.65110778808585,163.68783569335938
-70.64698028564443,163.70553588867188
-70.64282226562489,163.6986541748047
-70.63561248779286,163.70852661132812
-70.63016420939802,163.71995007853906
-70.62693023681629,163.75128173828125
-70.62786865234364,163.76100158691406
-70.63172912597643,163.7646484375
-70.6300582885741,163.78366088867188
-70.63775634765614,163.80648803710938
-70.65008544921864,163.82810974121094
-70.6564254760741,163.8402557373047
-70.65969848632801,163.8423309326172
-70.66474151611317,163.84017944335938
-70.67729187011709,163.8329620361328
-70.68356323242175,163.8336944580078
-70.68682098388662,163.83065795898438
-70.69245147705067,163.82421875
-70.7101593017577,163.80035400390625
-70.72066497802724,163.78733825683594
-70.7323760986327,163.76869201660156
-70.74119567871082,163.75637817382812
-70.75508880615224,163.74485778808594
-70.77410888671865,163.74244689941406
-70.78468322753893,163.74827575683594
-70.80926513671864,163.75706481933594
-70.81713104248037,163.7556915283203
-70.82203674316395,163.75167846679688
-70.83082580566399,163.74160766601562
-70.837547302246,163.73867797851565
-70.84154510498036,163.74122619628906
-70.84738922119132,163.74212646484375
-70.85299682617178,163.7432403564453
-70.85848236083974,163.74827575683594
-70.86606597900379,163.76213073730472
-70.86913299560538,163.76551818847656
-70.88282775878896,163.76480102539062
-70.89179229736318,163.77745056152347
-70.89771270751943,163.7897491455078
-70.90518951416004,163.81866455078125
-70.90910339355459,163.83848571777344
-70.9130172729491,163.8587188720703
-70.92292785644521,163.8782196044922
-70.93506622314445,163.89886474609375
-70.94618225097646,163.91253662109375
-70.96179962158193,163.93528747558594
-70.97652435302726,163.9591064453125
-70.99172210693351,163.98831176757812
-70.99856567382801,164.00492858886722
-71.01309204101553,164.04855346679688
-71.02362823486321,164.0805816650391
-71.03952026367178,164.12600708007812
-71.05086517333976,164.1460723876953
-71.0560989379882,164.15609741210938
-71.05774688720693,164.1746520996094
-71.06016540527335,164.1951141357422
-71.06686401367179,164.21800231933594
-71.07005310058585,164.24888610839847
-71.07612609863273,164.2632293701172
-71.08180236816396,164.27642822265628
-71.0827560424804,164.28759765625
-71.0837173461913,164.3004608154297
-71.07826232910148,164.33604431152344
-71.07132720947256,164.34910583496094
-71.06788635253899,164.35260009765625
-71.06433868408195,164.35108947753906
-71.04827880859365,164.34117126464844
-71.01285552978507,164.3124237060547
-70.99844360351551,164.3060302734375
-70.99066925048817,164.3031768798828
-70.98413848876943,164.31112670898438
-70.97407531738271,164.3130340576172
-70.96762847900382,164.3079833984375
-70.93621826171865,164.27847290039062
-70.9230422973632,164.2600555419922
-70.91343688964834,164.2394561767578
-70.90697479248037,164.2212677001953
-70.90226745605459,164.21084594726562
-70.89096069335928,164.19927978515625
-70.88217926025382,164.20199584960938
-70.87933349609364,164.20489501953125
-70.87561798095693,164.2058563232422
-70.85885620117178,164.1788787841797
-70.85093688964835,164.16921997070312
-70.83464050292959,164.15203857421875
-70.8059616088866,164.1069793701172
-70.76800537109365,164.0514678955078
-70.75949096679678,164.0350341796875
-70.75213623046864,164.02325439453125
-70.73294067382801,164.0304412841797
-70.72412872314442,164.0308837890625
-70.71766662597645,164.02589416503906
-70.71100616455067,164.02940368652344
-70.70771026611318,164.0420684814453
-70.7044143676757,164.0547332763672
-70.69567108154286,164.07586669921875
-70.69151306152334,164.08473205566406
-70.68624114990223,164.09230041503906
-70.68119049072257,164.09439086914062
-70.67529296874989,164.08740234375
-70.67120361328112,164.08111572265625
-70.65553283691393,164.1186981201172
-70.65258789062489,164.13250732421875
-70.65116882324207,164.1465301513672
-70.65066528320301,164.15975952148438
-70.64960479736317,164.16969299316406
-70.64804840087879,164.1770477294922
-70.64474487304676,164.1843719482422
-70.64160919189442,164.19081115722656
-70.63708496093739,164.1931610107422
-70.62257385253896,164.15293884277344
-70.61111450195301,164.13194274902344
-70.57416534423817,164.09228515625003
-70.55363464355457,164.06790161132812
-70.5486943451934,164.04915912175102
-70.54055745444875,164.03677556087152
-70.53778798423392,164.03216740657464
-70.53425557456596,164.0317096429028
-70.53100558058014,164.02796714229387
-70.52793828517207,164.028438301578
-70.51612522267658,164.05262090073353
-70.50667886293516,164.0732913945592
-70.50054550189463,164.1028054675977
-70.4917445877646,164.13709492728978
-70.4894561767577,164.16357421875
-70.49205235900273,164.2471105249165
-70.49256134033192,164.28268432617188
-70.49925231933582,164.3292236328125
-70.50200735373258,164.35308574563152
-70.5031280517577,164.39552307128906
-70.51811981201162,164.4317169189453
-70.51931762695301,164.4446258544922
-70.51560211181628,164.45468139648438
-70.51956176757801,164.47225952148438
-70.52165222167956,164.494873046875
-70.52626800537098,164.4945220947266
-70.52931976318348,164.50242614746094
-70.52649688720692,164.5221710205078
-70.52799224853504,164.538330078125
-70.53548051271088,164.5530019118259
-70.53141119979794,164.58683483362054
-70.5409283551063,164.61521465129942
-70.54319763183581,164.64060974121094
-70.54816436767567,164.63912963867188
-70.55030059814442,164.66244506835938
-70.5552520751952,164.6708984375
-70.56232452392565,164.70269775390625
-70.5637435913085,164.7642364501953
-70.55921936035145,164.79107666015625
-70.5625534057616,164.80230712890625
-70.56608581542957,164.80288696289062
-70.56694030761706,164.85093688964844
-70.57341766357409,164.8456573486328
-70.57222747802723,164.8710174560547
-70.5763473510741,164.87811279296875
-70.57780456542957,164.89434814453125
-70.57170104980457,164.9167022705078
-70.5740280151366,164.9426727294922
-70.56575775146473,164.9667510986328
-70.56440734863268,165.01654052734375
-70.56037139892565,165.0232696533203
-70.56055232738858,165.03661187157093
-70.55706787109364,165.0641632080078
-70.56087493896473,165.12022399902344
-70.56798897882838,165.15974148729842
-70.5718536376952,165.20535278320312
-70.55888644193485,165.25417069227012
-70.558201191109,165.2823373147912
-70.56287889422984,165.29289452326074
-70.57194519042957,165.3651580810547
-70.57604217529284,165.3723602294922
-70.57528686523425,165.39031982421875
-70.5807647705077,165.4268798828125
-70.58567810058582,165.43556213378906
-70.58960005068543,165.50358317472376
-70.60206352580956,165.52431247456528
-70.61058297093554,165.52927244911214
-70.62518310546864,165.5670623779297
-70.6266656592275,165.59565366429965
-70.63533782958972,165.61839294433597
-70.64086151123036,165.6698455810547
-70.64766693115223,165.6820068359375
-70.65612792968739,165.7138214111328
-70.66052246093739,165.75225830078125
-70.66952514648425,165.79067993164062
-70.67559275787087,165.80855648897756
-70.6891447700467,165.8217507488398
-70.69608452896368,165.8058364926098
-70.69223772590063,165.739183445948
-70.70611608355568,165.72793079822264
-70.71071803530921,165.77227893357778
-70.7027961588226,165.83954850925602
-70.68777241082225,165.8938883380254
-70.6831817626952,165.9406280517578
-70.68019866943348,165.94638061523438
-70.6794637514554,165.94693513308837
-70.67972476310642,165.95275811946658
-70.68149284502267,165.96739180018443
-70.68443874757286,165.9760954335379
-70.68758035506445,165.98717594618446
-70.68895227188511,166.00379654739493
-70.6876377504554,166.02159851272546
-70.68572925648866,166.0457255877174
-70.6820579831045,166.0552027984675
-70.67472390195911,166.05734210956138
-70.66674574037695,166.03813432835472
-70.65605637996869,166.03409861355857
-70.64842224121082,166.0364532470703
-70.64380645751942,166.03642272949222
-70.63593292236317,166.03884887695312
-70.63022613525379,166.05355834960938
-70.62360308591326,166.07689757314515
-70.61708959066794,166.10981742851806
-70.60652923583973,166.15798950195312
-70.60350036621081,166.19143676757812
-70.60510253906237,166.2110595703125
-70.59692382812487,166.23789978027344
-70.598777770996,166.2607879638672
-70.59249877929676,166.28271484375
-70.59323883056629,166.32028198242188
-70.58932495117176,166.37161254882815
-70.59334564208973,166.39292907714844
-70.59276261454876,166.41066171727724
-70.59568863235344,166.438298525673
-70.59680790736739,166.49188183914248
-70.60195437915708,166.5189313027769
-70.60440469607633,166.53799619121185
-70.60586547851551,166.5639190673828
-70.61064147949207,166.59510803222656
-70.61141967773426,166.60494995117188
-70.61295772551614,166.61916079819304
-70.61498077369443,166.6301641157002
-70.61576272290944,166.6538431482096
-70.61983866545026,166.70201174909081
-70.62282562255848,166.73532104492188
-70.62436676025382,166.7550048828125
-70.62980411961382,166.7657416688783
-70.63870958499173,166.77109067602078
-70.64819525326149,166.79862745208953
-70.65763411631794,166.80681583440781
-70.66036987304678,166.83351135253906
-70.66472625732409,166.83042907714844
-70.66683959960926,166.8428192138672
-70.67035675048815,166.8437957763672
-70.67581176757801,166.83995056152347
-70.68236519419138,166.83800062636973
-70.69109838003793,166.82356068829725
-70.69917472131799,166.79969898769733
-70.70743896551843,166.7876800022567
-70.70530700683582,166.74606323242188
-70.70043182373037,166.74258422851562
-70.69582366943348,166.7423858642578
-70.69313049316396,166.7373504638672
-70.6940231323241,166.71934509277344
-70.69485322032769,166.67894349198332
-70.69059772607267,166.66876927773504
-70.68390134624242,166.6709716657287
-70.67985790833043,166.6674895736005
-70.68465985244511,166.63660770297494
-70.69224548339834,166.62326049804688
-70.70153045654286,166.6096343994141
-70.70681762695303,166.5745086669922
-70.70690961316723,166.52362785803868
-70.70355987548817,166.48983764648438
-70.70355865668465,166.4236252831896
-70.70585961808885,166.40646023975015
-70.71508554079388,166.42075066671023
-70.71970963983205,166.4264925502014
-70.72031588881889,166.39441245298337
-70.72830525390617,166.39272998902936
-70.73447192093201,166.42690064465486
-70.73981475830067,166.4390411376953
-70.74309539794912,166.4366455078125
-70.74958038330068,166.44584655761722
-70.75228881835926,166.45086669921875
-70.7555465698241,166.44847106933597
-70.75985717773426,166.45928955078125
-70.76747894287098,166.45372009277344
-70.77178955078115,166.4645538330078
-70.76652526855459,166.4998321533203
-70.76298715562751,166.53572483074245
-70.76568806248197,166.56458218672276
-70.77310014432528,166.54104126184134
-70.78325552918189,166.546379980739
-70.7833023071288,166.595947265625
-70.7791880553204,166.642717169734
-70.77491861841197,166.71641182514867
-70.76872996949658,166.7348296296224
-70.76438397818661,166.7519609895303
-70.7599868774413,166.7837371826172
-70.7667674961911,166.7941499171101
-70.77351379394521,166.7950439453125
-70.7786407470702,166.8018798828125
-70.78267669677726,166.80946350097656
-70.78689482423556,166.85527541246074
-70.78622956281968,166.86763597133512
-70.78031967874638,166.874559939836
-70.77494049072256,166.8882293701172
-70.77050781249989,166.90531921386722
-70.77370452880848,166.91702270507815
-70.77700214026679,166.9306588571112
-70.77205758910982,166.93769927968845
-70.76423645019521,166.95855712890625
-70.76767730712879,166.9735565185547
-70.77641296386709,166.96743774414062
-70.77934265136709,166.975830078125
-70.77372741699209,167.00767517089844
-70.76575469970693,167.02371215820312
-70.76289367675771,167.04661560058594
-70.76275630793471,167.10586931901682
-70.76390616279384,167.12750500119768
-70.7647557611266,167.15117462591184
-70.76365707129277,167.1729012943521
-70.76198125070167,167.21570333292652
-70.77352758340277,167.23930978931602
-70.76509806497806,167.2749480703627
-70.76479749659855,167.2960473726044
-70.77100372314442,167.32315063476562
-70.7695152435048,167.34819751396256
-70.77572348359108,167.36492839406054
-70.77457012758474,167.38688580265955
-70.76997670153912,167.39446736562218
-70.76337331668037,167.38765499614897
-70.75489807128895,167.4002227783203
-70.75794219970693,167.4259796142578
-70.75345611572254,167.4429168701172
-70.75782775878896,167.4712677001953
-70.76973027820456,167.51262140284518
-70.77959057931672,167.54708768046743
-70.78374769023155,167.55962860718728
-70.78136444091787,167.57374572753906
-70.78290557861318,167.61099243164062
-70.7881088256835,167.6353759765625
-70.79073511537887,167.65953311289894
-70.79302978515614,167.68780517578125
-70.79627227783192,167.7169952392578
-70.8011245727538,167.7207489013672
-70.80426025390615,167.7325897216797
-70.81021118164051,167.73562622070312
-70.81444549560536,167.74676513671875
-70.81752057504306,167.74821575875094
-70.82679704518979,167.75956267613262
-70.83800586522038,167.76601131394065
-70.8400724998387,167.7820248911124
-70.8448874129996,167.79671860582405
-70.84777112435945,167.8189555048447
-70.85399627685537,167.8358154296875
-70.85970229510099,167.85165825554566
-70.87512000023432,167.85913680696893
-70.88692966267003,167.86677703812578
-70.89735464894392,167.86354835278948
-70.9080994832778,167.87103399674524
-70.92114936870085,167.87708657417878
-70.92527754894529,167.88396971036332
-70.93551359690359,167.8949548279824
-70.9424355240239,167.89182627168705
-70.94828731975728,167.86282744638794
-70.94704146649245,167.80597490184203
-70.94877838948534,167.76655297820616
-70.94644165039054,167.7353515625
-70.94385528564443,167.72552490234375
-70.9420852661132,167.7161102294922
-70.93601226806632,167.69485473632812
-70.94123840332021,167.68750000000003
-70.93751525878896,167.66505432128906
-70.94115447998038,167.61846923828125
-70.94489288330068,167.61317443847656
-70.94771575927726,167.61627197265625
-70.94793701171865,167.6065673828125
-70.95022583007803,167.59799194335938
-70.94560241699209,167.55027770996094
-70.94293212890615,167.53480529785156
-70.940330505371,167.52706909179688
-70.94318389892567,167.5207977294922
-70.94740295410146,167.51602172851562
-70.94838029916043,167.500576368731
-70.95423190498325,167.472441586388
-70.95071218818856,167.41611183159736
-70.95578901805574,167.37669704529637
-70.9713090278184,167.38737924620565
-70.97838592529288,167.36605834960938
-70.98686981201162,167.33558654785156
-70.99202728271476,167.32429504394534
-71.00186920166006,167.31024169921875
-71.0059051513671,167.30938720703125
-71.01191711425771,167.31829833984375
-71.01513671874991,167.34510803222656
-71.01651000976554,167.37901306152344
-71.01488494873037,167.40431213378906
-71.01245880126945,167.41856384277344
-71.00020599365224,167.4820556640625
-70.99666595458974,167.5289306640625
-70.99605560302727,167.58828735351562
-70.99391174316398,167.6949920654297
-70.99393463134757,167.77076721191406
-70.99426269531243,167.78330993652344
-70.98902893066398,167.7869110107422
-70.99004277458835,167.79529551051507
-70.99715466710894,167.79532071409054
-71.00009595422402,167.77273938238585
-71.00511169433585,167.7850341796875
-71.00887298583974,167.78956604003906
-71.00638523248183,167.83000172567347
-71.01039886474601,167.87655639648438
-71.02316557088511,167.91863366845254
-71.0337142944335,167.93161010742188
-71.04041853981649,167.92591652695765
-71.0467627393087,167.93448837511272
-71.05078673847034,167.92615375468034
-71.05750274658195,167.9441680908203
-71.0618550016042,167.9541470162882
-71.06736690902056,167.96762446009396
-71.07557043829284,167.97689072921798
-71.08010864257804,167.98931884765625
-71.08178409295998,168.01826663193518
-71.09033966064445,168.02146911621094
-71.09485626220696,168.0538482666016
-71.1001663208007,168.06451416015625
-71.10711435397654,168.05882492133733
-71.11374725597106,168.08951529001254
-71.12205505371085,168.09976196289062
-71.12602515613528,168.1222467485896
-71.12912750244134,168.1128387451172
-71.13224029541007,168.0980682373047
-71.13140869140616,168.08587646484375
-71.12941741943351,168.078125
-71.1298294067382,168.0511474609375
-71.12976837158195,168.03268432617188
-71.13078308105459,168.01846313476562
-71.13327789306632,168.00819396972656
-71.13331604003898,167.99911499023438
-71.1387176513671,167.99063110351565
-71.13941192626943,167.9737091064453
-71.13964080810537,167.9595947265625
-71.13944244384757,167.9490203857422
-71.13962554931632,167.92668151855472
-71.14023590087882,167.91433715820312
-71.14186096191398,167.90708923339844
-71.14321136474601,167.8996124267578
-71.1464385986327,167.8847198486328
-71.15582275390616,167.86654663085938
-71.15721130371085,167.85203552246094
-71.15897369384759,167.84097290039062
-71.16448974609366,167.8302764892578
-71.17142486572257,167.8285369873047
-71.1749954223632,167.833984375
-71.18225860595696,167.8406982421875
-71.18746185302726,167.8504180908203
-71.19107055664054,167.8583221435547
-71.1946258544921,167.86544799804688
-71.19689941406241,167.87135314941406
-71.19956970214837,167.88113403320312
-71.20187377929679,167.887451171875
-71.20320892333976,167.90101623535156
-71.20465087890616,167.91615295410156
-71.20493316650384,167.92794799804688
-71.20423126220695,167.94285583496094
-71.20325469970695,167.9595947265625
-71.20138549804679,167.9769287109375
-71.19911956787101,167.9904022216797
-71.19818115234366,168.00010681152344
-71.19690704345695,168.01455688476565
-71.19595336914054,168.0238494873047
-71.19474029541007,168.0411376953125
-71.19404602050774,168.0543975830078
-71.19319152832023,168.0652618408203
-71.19268798828116,168.0754852294922
-71.19303894042962,168.0884552001953
-71.19412231445303,168.104248046875
-71.19610595703118,168.127685546875
-71.1968460083007,168.13670349121094
-71.19582366943351,168.15097045898438
-71.19439697265616,168.161376953125
-71.1892547607421,168.18161010742188
-71.1863708496093,168.19024658203125
-71.18389129638663,168.2028045654297
-71.18065172688978,168.23127655995143
-71.18532562255851,168.23941040039065
-71.1819819496054,168.28208959477436
-71.184736837945,168.32431496910928
-71.19071647522692,168.3586105459771
-71.20045212849443,168.35571495387094
-71.1968909272657,168.37166066024645
-71.19354248046866,168.3795928955078
-71.187282993947,168.3821564955021
-71.1882944665378,168.40702028804847
-71.19345855712882,168.4163818359375
-71.19822692871084,168.42611694335938
-71.19984436035148,168.4506378173828
-71.2010563561823,168.46263485993782
-71.19822292234583,168.48209374019123
-71.20269993875137,168.49967474841162
-71.20414288493527,168.51973255549083
-71.19905821651594,168.54788598710974
-71.20177383514081,168.57526941909097
-71.2064143157695,168.60780418243087
-71.20790863037102,168.6371307373047
-71.23165893554678,168.68621826171875
-71.23711395263663,168.71424865722656
-71.22766876220695,168.72720336914062
-71.2250232354523,168.73949312375117
-71.23712158203118,168.7320098876953
-71.23995971679678,168.7764129638672
-71.2436981201171,168.78121948242188
-71.24831390380851,168.78192138671875
-71.26062774658196,168.7778778076172
-71.26393127441398,168.77584838867188
-71.2667922973632,168.7669677734375
-71.2703094482421,168.7683563232422
-71.27558898925773,168.7615203857422
-71.27931976318352,168.76634216308594
-71.28499603271476,168.83758544921875
-71.29464721679678,168.8636932373047
-71.30470275878898,168.91452026367188
-71.30844116210928,168.91937255859375
-71.32309722900382,168.9710235595703
-71.3190612792968,169.01625061035156
-71.32347106933585,169.01358032226562
-71.32432000330722,169.02731977377815
-71.3300018310546,169.04527282714844
-71.34058380126946,169.03173828125
-71.34516906738271,169.0503692626953
-71.35131072998038,169.057373046875
-71.35216522216787,169.07113647460938
-71.35610198974601,169.0794677734375
-71.35232543945304,169.0924530029297
-71.34793090820304,169.09509277343753
-71.3452606201171,169.10740661621094
-71.34085845947257,169.11004638671875
-71.33488464355459,169.1243438720703
-71.3368377685546,169.13743591308594
-71.34564208984365,169.1321563720703
-71.3526306152343,169.15293884277344
-71.35597229003896,169.13308715820312
-71.36059570312491,169.13388061523438
-71.36385345458976,169.1497802734375
-71.36396789550774,169.18899536132812
-71.37031555175776,169.19949340820315
-71.3722610473632,169.21261596679688
-71.37534332275382,169.28221130371094
-71.38079071044915,169.29684448242188
-71.38692474365227,169.30393981933594
-71.39092254638663,169.29443359375
-71.3926467895507,169.30413818359375
-71.39636993408196,169.30908203125
-71.40408325195303,169.3045196533203
-71.40738677978507,169.3025665283203
-71.40986633300773,169.2867889404297
-71.41317749023429,169.28482055664062
-71.42626953124991,169.31285095214844
-71.42504119873038,169.34939575195312
-71.4303436279296,169.34268188476562
-71.43302917480462,169.33035278320312
-71.43875122070305,169.33055114746094
-71.44351196289057,169.3528289794922
-71.43744659423821,169.38505554199222
-71.4395141601562,169.419677734375
-71.44412994384757,169.42054748535156
-71.44681549072256,169.40821838378906
-71.45053863525382,169.4132080078125
-71.46005249023429,169.4004364013672
-71.46816253662101,169.4602508544922
-71.4614715576171,169.4821014404297
-71.46490478515616,169.50161743164062
-71.47380828857415,169.47848510742188
-71.47711181640618,169.47654724121094
-71.48123168945305,169.48849487304688
-71.48813629150384,169.4700927734375
-71.49655914306632,169.45799255371094
-71.50027465820307,169.46299743652344
-71.4984054565429,169.48924255371094
-71.50142669677726,169.50186157226562
-71.50473785400384,169.4999237060547
-71.50791931152337,169.47650146484378
-71.51253509521477,169.47738647460938
-71.51678466796868,169.5108642578125
-71.51760864257804,169.5247802734375
-71.52455139160149,169.5459136962891
-71.52115631103509,169.5658721923828
-71.52326965332024,169.58262634277344
-71.51906585693354,169.5886688232422
-71.5149612426757,169.6162109375
-71.5212860107421,169.62693786621094
-71.52209472656244,169.64085388183594
-71.51607513427727,169.6551055908203
-71.51035308837884,169.65480041503906
-71.50283050537102,169.6627197265625
-71.50775146484368,169.72816467285156
-71.50181579589835,169.7638702392578
-71.51003265380851,169.78793334960938
-71.51615142822259,169.79522705078125
-71.53070831298821,169.79055786132812
-71.52867126464835,169.83486938476562
-71.53198242187491,169.83299255371097
-71.53982543945307,169.81056213378906
-71.54622650146476,169.84292602539062
-71.55253601074212,169.85374450683594
-71.55534362792962,169.8629608154297
-71.5594406127929,169.87506103515625
-71.56204986572259,169.8807830810547
-71.56555938720696,169.88241577148438
-71.56816101074212,169.88815307617188
-71.57388305664055,169.88851928710938
-71.58402252197261,169.88641357421875
-71.58058929443352,169.9063720703125
-71.5705261230468,169.9300537109375
-71.56929016113273,169.94874572753906
-71.56305694580071,169.95944213867188
-71.56292724609366,169.97752380371094
-71.5728683471679,169.9719696044922
-71.57657623291009,169.9770965576172
-71.58872985839837,169.97030639648438
-71.59465026855463,169.9741973876953
-71.59542846679682,169.98818969726562
-71.60082244873041,170.0032196044922
-71.60453033447259,170.00836181640625
-71.61025238037102,170.0087890625
-71.61713409423821,170.03021240234375
-71.62155914306634,170.0277557373047
-71.63325500488274,170.05375671386722
-71.64080047607415,170.0459442138672
-71.64579772949212,170.0540008544922
-71.64930725097649,170.0556640625
-71.6528244018554,170.05732727050784
-71.65744018554682,170.05838012695312
-71.66153717041009,170.07057189941406
-71.66230010986321,170.08462524414062
-71.65442657470696,170.10708618164062
-71.65428161621087,170.125244140625
-71.65764617919913,170.1450958251953
-71.66355895996085,170.14906311035156
-71.66542816162101,170.16250610351562
-71.67581176757807,170.18576049804688
-71.66650390624993,170.24514770507812
-71.6556320190429,170.25469970703125
-71.65399169921866,170.2664337158203
-71.64773559570305,170.27706909179688
-71.64419555664055,170.2537078857422
-71.64068603515616,170.2519989013672
-71.63679504394524,170.2432861328125
-71.63198852539054,170.23867797851562
-71.6251602172851,170.23880004882812
-71.62055206298821,170.23770141601562
-71.61612701416009,170.2401123046875
-71.60787963867179,170.27706909179688
-71.59991455078118,170.2561492919922
-71.59327697753899,170.259765625
-71.59033966064446,170.2685546875
-71.5837097167968,170.27215576171875
-71.58187103271477,170.2803497314453
-71.57523345947259,170.28395080566406
-71.56752014160149,170.30970764160156
-71.55757141113274,170.31507873535156
-71.54415130615226,170.36183166503906
-71.53752136230462,170.36538696289062
-71.5336380004882,170.356689453125
-71.52791595458976,170.35617065429688
-71.52292633056634,170.34808349609375
-71.52033996582023,170.34228515625
-71.51369476318351,170.34584045410156
-71.51224517822259,170.36097717285156
-71.49948883056632,170.3355407714844
-71.49507141113274,170.33792114257812
-71.4899139404296,170.34783935546875
-71.48622131347649,170.3426513671875
-71.47993469238274,170.33169555664062
-71.47532653808584,170.33058166503906
-71.46739196777335,170.3312530517578
-71.46000671386712,170.32090759277344
-71.45631408691398,170.31573486328125
-71.45352172851555,170.30650329589844
-71.45021820068351,170.30828857421875
-71.44525146484368,170.32167053222656
-71.4367599487304,170.31192016601562
-71.43268585205071,170.29981994628906
-71.4229202270507,170.30862426757812
-71.41774749755851,170.297119140625
-71.41423797607413,170.29544067382812
-71.4090499877929,170.28395080566406
-71.40849304199209,170.27354431152344
-71.40167236328116,170.27365112304688
-71.39759826660149,170.26158142089844
-71.3909606933593,170.26513671875
-71.3874206542968,170.24209594726562
-71.38300323486321,170.24447631835938
-71.3793411254882,170.2606964111328
-71.3749237060546,170.26307678222656
-71.37103271484365,170.25448608398438
-71.36802673339837,170.2205047607422
-71.36433410644524,170.2153778076172
-71.35900115966788,170.22181701660156
-71.3571243286132,170.20858764648438
-71.35530090332024,170.21669006347656
-71.34867095947259,170.2202606201172
-71.34368133544915,170.2122802734375
-71.33262634277335,170.2182312011719
-71.32873535156243,170.2096710205078
-71.32431793212884,170.21205139160156
-71.31932830810537,170.20408630371094
-71.30827331542962,170.2100372314453
-71.30290222167962,170.1951904296875
-71.29848480224602,170.19757080078125
-71.29025268554679,170.23390197753906
-71.29364013671866,170.27462768554688
-71.30288696289054,170.2980499267578
-71.3074951171874,170.2991485595703
-71.31267547607413,170.31057739257812
-71.31709289550773,170.30821228027344
-71.32078552246088,170.3133544921875
-71.325210571289,170.3109893798828
-71.33370208740227,170.3206787109375
-71.34162902832024,170.32000732421878
-71.34532165527334,170.3251495361328
-71.34992980957024,170.3262481689453
-71.35915374755852,170.3284454345703
-71.35826110839835,170.35382080078125
-71.36232757568354,170.36587524414062
-71.3680419921874,170.3664093017578
-71.37448883056632,170.3594207763672
-71.37818145751946,170.3645782470703
-71.38260650634757,170.3622283935547
-71.3888854980468,170.37313842773438
-71.39276123046868,170.38175964355472
-71.39736938476553,170.38287353515625
-71.40310668945304,170.40478515625
-71.41397857666007,170.3954620361328
-71.42967987060538,170.4335174560547
-71.43337249755852,170.43870544433594
-71.44148254394524,170.44155883789062
-71.45053100585929,170.4617919921875
-71.45384216308588,170.4600372314453
-71.45883178710932,170.46812438964844
-71.46325683593741,170.46578979492188
-71.46823883056634,170.47389221191406
-71.4721145629882,170.48257446289062
-71.47820281982415,170.49009704589844
-71.48152160644523,170.4883575439453
-71.48650360107415,170.4964599609375
-71.48982238769523,170.49472045898438
-71.49849700927729,170.508056640625
-71.50181579589835,170.5063018798828
-71.50679779052726,170.51443481445312
-71.51011657714837,170.51268005371094
-71.51269531249993,170.51849365234375
-71.51970672607413,170.52197265625
-71.52690124511709,170.52894592285156
-71.5305862426757,170.5341796875
-71.5364913940429,170.5382537841797
-71.54000091552727,170.54000854492188
-71.54350280761712,170.541748046875
-71.54811096191399,170.54292297363284
-71.55199432373038,170.55166625976562
-71.55401611328116,170.5685577392578
-71.55770111083976,170.5738067626953
-71.56230926513665,170.57498168945315
-71.56729125976554,170.58316040039062
-71.57965087890618,170.6018524169922
-71.58536529541009,170.6024627685547
-71.59033966064446,170.6106414794922
-71.59384918212884,170.61241149902344
-71.60325622558587,170.61830139160156
-71.60768127441398,170.61598205566406
-71.62335968017571,170.6330108642578
-71.62832641601555,170.64122009277344
-71.63404846191399,170.641845703125
-71.63459777832024,170.65237426757812
-71.64104461669915,170.66705322265625
-71.64694976806634,170.6711883544922
-71.64971160888666,170.68058776855472
-71.65431976318354,170.68179321289062
-71.65837097167959,170.6941375732422
-71.66168975830071,170.69239807128906
-71.66729114515132,170.70073154190698
-71.6879812241436,170.70341770065676
-71.69531019379379,170.71031794115774
-71.70819260887984,170.70616523282547
-71.71327100023257,170.69534516278446
-71.71805137626468,170.72144377779662
-71.72496919562985,170.735079751641
-71.72773103645017,170.74452494207068
-71.73597999366586,170.74489814794842
-71.73855109962287,170.75081855810464
-71.74803555598498,170.78033495875033
-71.77943420410149,170.83795166015625
-71.7838745117187,170.83566284179688
-71.78644561767571,170.84161376953125
-71.79087829589838,170.83932495117188
-71.79737806831174,170.83890127455305
-71.80072122921938,170.86445804667673
-71.80685424804682,170.88568115234375
-71.81018066406246,170.88397216796875
-71.81514739990227,170.892333984375
-71.81819033955786,170.92626231897862
-71.82279849385476,170.92755931604893
-71.82536959981178,170.93352550257237
-71.83091616963598,170.93068736780674
-71.83192324971411,170.9739155172208
-71.84301638936253,170.96825450647862
-71.85007357930397,170.95006602991612
-71.85579562520239,170.95078319300205
-71.86356234883519,170.9468159078458
-71.86950564717505,170.9291614889005
-71.87072982448669,170.91274505958464
-71.87517013210385,170.91047150001432
-71.87778701442808,170.89451080665495
-71.89226879401079,170.86972248669977
-71.89985241217485,170.8621388685357
-71.90783275885452,170.8397237074029
-71.91115917487018,170.83799946423883
-71.91523327154984,170.82855427380917
-71.9196659497725,170.8262501966607
-71.93855633063187,170.7944356214654
-71.9422718457686,170.7778340589654
-71.94892467779985,170.77435505505915
-71.96078838629593,170.7387715589654
-71.96228374762406,170.72328388806696
-71.96589660644526,170.70042419433597
-71.97937349505689,170.63322398881118
-71.97944641113274,170.5865936279297
-71.97649383544918,170.57347106933594
-71.9788970947265,170.5537872314453
-71.974022715221,170.5414226599568
-71.9723574338951,170.53096049980013
-71.9597015380859,170.52972412109375
-71.95069885253899,170.5308380126953
-71.94291687011713,170.5270538330078
-71.92942810058587,170.5305938720703
-71.92180633544915,170.53627014160156
-71.9080505371093,170.52191162109375
-71.90352630615229,170.50790405273438
-71.90589904785148,170.4742889404297
-71.90372467041011,170.45477294921875
-71.89592742919918,170.45370483398438
-71.88544464111322,170.44241333007812
-71.88151550292963,170.4397735595703
-71.87659454345695,170.4307861328125
-71.8620529174804,170.41749572753906
-71.8582382202148,170.38888549804688
-71.85518646240229,170.37783813476562
-71.85755157470695,170.34164428710938
-71.85682678222649,170.31558227539062
-71.85544586181634,170.2988739013672
-71.85813140869132,170.287353515625
-71.86215209960932,170.27932739257812
-71.86676025390616,170.2698974609375
-71.87403869628899,170.25794982910156
-71.88317871093746,170.25926208496094
-71.89484405517571,170.25547790527344
-71.89482879638666,170.24276733398438
-71.89437103271477,170.22816467285156
-71.89838409423821,170.2137451171875
-71.91911315917962,170.1942596435547
-71.9243087768554,170.20199584960938
-71.92982482910149,170.22177124023438
-71.93973541259759,170.2561492919922
-71.95213317871088,170.2689666748047
-71.9546813964843,170.26116943359375
-71.95806121826165,170.250244140625
-71.96144866943354,170.24571228027344
-71.98942565917963,170.24136352539062
-71.99646759033196,170.23423767089844
-72.00170898437496,170.22119140625
-72.00500488281243,170.2042999267578
-72.00959014892571,170.1833038330078
-72.01549530029293,170.18736267089844
-72.02011871337885,170.1884765625
-72.0245513916015,170.1859893798828
-72.02848585254962,170.16888342175554
-72.03291090137772,170.16639623913835
-72.03633374936754,170.1527761466171
-72.03615120133294,170.1511947821022
-72.03312185801991,170.1511166642889
-72.0299771847997,170.13863175308248
-72.01729111769126,170.12262411564785
-72.01553801864812,170.1156005266042
-72.01644138898335,170.10173722700154
-72.0194789621326,170.08666456297323
-72.02232843443959,170.06813003892015
-72.02519003921535,170.0549266858107
-72.0319885604358,170.0483913457081
-72.04662032950685,170.03917583941833
-72.04739657018833,170.04141006758448
-72.05203814446551,170.043210888308
-72.05648006896371,170.04866738067304
-72.06226348876946,170.0389862060547
-72.06668853759761,170.03646850585938
-72.07480089177379,170.07063509174418
-72.0807215782895,170.06807846861238
-72.08675115354121,170.0812136601127
-72.09152871927752,170.08510436476612
-72.09683033371516,170.08062504816323
-72.10513757273208,170.07123516462917
-72.11223602294918,170.07725524902344
-72.12017822265622,170.07644653320312
-72.1227264404296,170.0601348876953
-72.12956237792963,170.05995178222656
-72.13288116455071,170.05804443359375
-72.13783264160148,170.0440673828125
-72.14115905761712,170.04217529296875
-72.14389038085932,170.02944946289062
-72.14871215820305,170.03413391113284
-72.16016011680941,170.01903190725434
-72.1681023165164,170.01820793264497
-72.17473988975863,170.01439323537934
-72.17734151329375,170.02034416311372
-72.1806679293094,170.0184368144809
-72.17905426025385,169.98316955566406
-72.17941315198763,169.98230167205608
-72.15546572255637,169.96066135305824
-72.12690309907723,169.9466533451041
-72.10333412397995,169.93338869656424
-72.10230884908097,169.9196591282643
-72.10687770913636,169.86239620271192
-72.11436381582006,169.83833017933864
-72.12058181230564,169.82125787414125
-72.12055623496289,169.78093616093952
-72.12282558655288,169.73746384877654
-72.12849950827973,169.73053054374267
-72.13484978154038,169.73575541018218
-72.14512920978675,169.7323814098748
-72.15039152736207,169.7229866847416
-72.15461029666034,169.71959379133384
-72.16064625811941,169.72411015503332
-72.16963105074079,169.7619479650602
-72.17278012321664,169.76908271279532
-72.18041572640497,169.77267781994166
-72.18807756145029,169.77176115902614
-72.20064136071484,169.75984666508583
-72.20021022132919,169.7420895636206
-72.19238361308041,169.71520955302606
-72.18668700122616,169.69698599992927
-72.18989918444815,169.662739014136
-72.18316613211867,169.6347117833356
-72.18575121751222,169.618557479881
-72.19015094685074,169.62471159813393
-72.19689972565958,169.6434992895428
-72.20530674744093,169.67510426885855
-72.21182971617773,169.7081724994218
-72.21448032053863,169.73471694023195
-72.22505373584859,169.7401464066371
-72.22973390292223,169.74982346986698
-72.24198217428459,169.74052228126567
-72.23419793010187,169.78282626577968
-72.2454986572265,169.7987518310547
-72.2488174438476,169.7967987060547
-72.25043487548824,169.78460693359375
-72.25817871093743,169.780029296875
-72.26016998291011,169.81631469726562
-72.26680755615229,169.81240844726562
-72.26760101318351,169.82693481445312
-72.26036684911644,169.85241387065383
-72.26255035400385,169.85987854003906
-72.26828002929683,169.86026000976562
-72.26907348632807,169.87478637695312
-72.26483917236322,169.88101196289062
-72.26674652099604,169.89488220214844
-72.2766952514648,169.88905334472656
-72.27768707275386,169.90722656250003
-72.27586364746088,169.91578674316406
-72.27144622802727,169.91836547851562
-72.27299702772106,169.94050043646345
-72.28368377685543,169.9337158203125
-72.28336334228511,169.9488983154297
-72.2773132324218,169.9636688232422
-72.28473663330074,169.97434997558594
-72.29267883300774,169.97349548339844
-72.29346466064447,169.988037109375
-72.29873254669829,170.0011054957559
-72.30358826971526,170.00748851948842
-72.31070946151961,170.00170521754725
-72.3179663300641,169.99362360477363
-72.32237027353072,169.96219433025234
-72.31626269303499,169.93000854328878
-72.31400527060548,169.91241312235033
-72.32086101810332,169.88654886967691
-72.3281611945488,169.84510030965842
-72.33115814600063,169.8353033451176
-72.33415418789205,169.85239431459604
-72.33789279375846,169.89161468743853
-72.35154176151131,169.9343503663881
-72.3602250828319,169.9137519105953
-72.36458835489144,169.91676384871363
-72.37123902775096,169.91614212158302
-72.37712927678162,169.90562193999187
-72.38349201463423,169.90481540334457
-72.3838552999041,169.90325640920722
-72.38332777286573,169.88925283982928
-72.38474903531542,169.87476894578754
-72.38534869875771,169.85530792434758
-72.3819767597521,169.82363872826292
-72.38297592639508,169.8166773452284
-72.38364433699103,169.79353197571157
-72.3830978162227,169.7683770367785
-72.38584424883732,169.75308684604812
-72.39147146737172,169.75518928398242
-72.4060217073707,169.76927597531505
-72.40682480535025,169.77120824080217
-72.40678725717196,169.770854620909
-72.41057062389737,169.75746768154372
-72.41775384931043,169.75615877939612
-72.42677432048244,169.75451510076846
-72.42626898616092,169.77408325329085
-72.42027904175612,169.78877135676626
-72.42156774463594,169.79932405970985
-72.42601717793929,169.80942903753305
-72.42519409480121,169.89579418349166
-72.41751643917178,169.94124039681805
-72.41507543918513,169.957196279286
-72.41751643917178,169.94124039681807
-72.42891447493787,169.94807206605768
-72.4331601622394,169.96564691740065
-72.43415174183652,169.98422064414032
-72.43151209840806,169.99670748353205
-72.42756781260381,170.00539236698435
-72.42536704222451,170.0157916821333
-72.42329189850726,170.02338066435084
-72.41801347584544,170.01734107824882
-72.41051898764634,170.016238954391
-72.39824618632626,170.02883927641972
-72.39784201983524,170.02320664658365
-72.39701452751893,170.02645336601276
-72.3851605640022,170.02961405441272
-72.37790021647054,170.0594662602992
-72.37037214500089,170.06650966616064
-72.35522158508546,170.07817822532675
-72.3509364525488,170.09477506350171
-72.34430577145038,170.10953966817885
-72.33166374978882,170.15764205010282
-72.31931304931635,170.21713256835938
-72.32611728459837,170.24819712540244
-72.33788999463485,170.2600202310762
-72.35936674525473,170.26633110831526
-72.37471973589403,170.271098472197
-72.38586140180468,170.28105335565147
-72.39263380650304,170.2973270241364
-72.39818037632726,170.29419897237858
-72.41056288365147,170.29099462667546
-72.41629255894443,170.2915439430817
-72.41888655308507,170.29761694112858
-72.42350996617103,170.2987918678864
-72.43210383089477,170.30641779175485
-72.43986336659074,170.3229132309175
-72.44611358642574,170.32997131347656
-72.46510384077925,170.33694551123014
-72.47317870602626,170.3246580440954
-72.48019473343031,170.3254368758229
-72.49337303949139,170.32367514752397
-72.49998816119114,170.31695683104064
-72.51366766558567,170.3167737255719
-72.52495154009739,170.31414921385314
-72.54066046343725,170.30900700193908
-72.54750403033178,170.30890019041564
-72.55637701617164,170.30384953123595
-72.5581359863281,170.28915405273438
-72.56613244220391,170.2942117991758
-72.57185751711843,170.284601469362
-72.5773896438192,170.28680712822936
-72.58251938999611,170.290825167773
-72.58643341064449,170.284423828125
-72.59930752772462,170.2890158935764
-72.60412167567385,170.29388344728733
-72.60909604090821,170.27958596193577
-72.61815976161135,170.27819741213108
-72.62220960224288,170.26178410668993
-72.62680386561526,170.2464896484592
-72.62480172862807,170.2254703312148
-72.62384805431167,170.2069156437148
-72.61816243087195,170.18018563864317
-72.6143417358398,170.13018798828125
-72.60944366455072,170.09555053710938
-72.60195159912105,170.0779571533203
-72.59230804443355,170.0048065185547
-72.57373046874996,169.96798706054688
-72.57096862792963,169.9231719970703
-72.56403350830074,169.9092254638672
-72.55549621582027,169.90139770507812
-72.5515975952148,169.8713836669922
-72.54555511474604,169.85768127441406
-72.54105377197266,169.8448944091797
-72.53742218017572,169.8312225341797
-72.54843902587885,169.77023315429688
-72.55126190185541,169.77239990234375
-72.55385589599607,169.76309204101562
-72.55191802978511,169.74879455566406
-72.55055236816402,169.72409057617188
-72.54763793945308,169.66506958007812
-72.54852294921871,169.62326049804688
-72.54301452636716,169.5773468017578
-72.52975463867185,169.51936340332034
-72.51603698730464,169.4420318603516
-72.50336456298824,169.35459899902344
-72.50357818603511,169.33773803710938
-72.51811981201168,169.273193359375
-72.533706665039,169.25433349609375
-72.539321899414,169.2507781982422
-72.54793548583983,169.2659912109375
-72.55364990234371,169.32568359375
-72.5566024780273,169.35740661621094
-72.56294250488277,169.3805694580078
-72.56775665283199,169.39048767089844
-72.57919311523432,169.4285888671875
-72.58628082275386,169.43064880371094
-72.59687805175777,169.41238403320312
-72.60373687744135,169.3964385986328
-72.61064147949213,169.38824462890625
-72.6179580688476,169.38754272460938
-72.62460327148433,169.38856506347656
-72.63050079345699,169.39004516601562
-72.63391876220699,169.37493896484375
-72.63220977783199,169.35134887695312
-72.63547515869135,169.33372497558594
-72.64469909667964,169.36685180664065
-72.64865875244135,169.36825561523438
-72.6518402099609,169.37664794921875
-72.65576934814449,169.3845672607422
-72.66232299804685,169.39085388183594
-72.66596984863277,169.3937530517578
-72.67008972167966,169.39117431640625
-72.67768859863276,169.35386657714844
-72.70935058593746,169.28953552246094
-72.72821044921871,169.28013610839844
-72.73876953124997,169.2956085205078
-72.74584197998043,169.30416870117188
-72.75618743896479,169.3158721923828
-72.76379394531247,169.3201904296875
-72.76834106445308,169.3251495361328
-72.77292633056636,169.33792114257812
-72.77761077880855,169.36634826660156
-72.78049468994136,169.39724731445312
-72.78112030029291,169.40863037109375
-72.77875518798824,169.4218902587891
-72.75318908691403,169.464111328125
-72.74386596679685,169.477783203125
-72.73612213134763,169.47088623046875
-72.72627258300776,169.46792602539062
-72.688003540039,169.525634765625
-72.67176818847653,169.5474090576172
-72.66197967529293,169.5807342529297
-72.6578750610351,169.61183166503906
-72.65908050537108,169.6409454345703
-72.6761398315429,169.7630157470703
-72.68515014648433,169.80824279785156
-72.69190979003902,169.84056091308594
-72.69767761230463,169.85562133789062
-72.70037807758264,169.8696485390938
-72.70860161001829,169.8961570360872
-72.71835439086392,169.9089217643987
-72.72059892426496,169.91919188167694
-72.72901153564447,169.9291229248047
-72.73848357953582,169.92308643464682
-72.74462482213572,169.9155575425614
-72.75688585103909,169.90870683569693
-72.77592778222541,169.89749508852887
-72.78783381743257,169.87466478134206
-72.79834802343244,169.859608499056
-72.80682373046871,169.84371948242188
-72.82105708685019,169.81580420194217
-72.83000183105466,169.80642700195312
-72.83460865910236,169.79419524810731
-72.84558691170356,169.82104704015094
-72.85929095947618,169.81192936410346
-72.85975292785436,169.7790642124165
-72.86568671404397,169.76739431474195
-72.87071135825967,169.78154967542199
-72.8786473402111,169.76893014250427
-72.88170663467425,169.7417128059033
-72.88467900207299,169.71015543373062
-72.89574338363452,169.73890370948254
-72.90124739083453,169.719464779714
-72.90334949040344,169.6596967540871
-72.91033922108616,169.643388752379
-72.91530663043723,169.6412966762269
-72.91930013206675,169.656813517018
-72.92409515380855,169.68260192871094
-72.93182231163075,169.66832253200525
-72.9302445604503,169.59684844480267
-72.94253927960125,169.57851581645147
-72.9514785122072,169.5690074352893
-72.95741713513516,169.56172969060697
-72.96150219521108,169.5582627041751
-72.96530075641314,169.5700190137672
-72.96858215332027,169.5729217529297
-72.97140502929683,169.58287048339844
-72.97714996337886,169.5831756591797
-72.99991937465514,169.57041524130724
-73.01562499999997,169.57464599609375
-73.02218627929683,169.59011840820312
-73.02550506591794,169.58802795410156
-73.02812957763669,169.59422302246094
-73.03398132324214,169.61799621582034
-73.03867561219216,169.63097260272147
-73.04856652537505,169.6553269628558
-73.05833977976961,169.64527142086362
-73.05994958201568,169.63246929684018
-73.06347436228911,169.63419354000425
-73.07344598094146,169.6279069189105
-73.07876414444794,169.61400020527145
-73.07915525869996,169.58469104950888
-73.08335245492668,169.5878300597192
-73.08668650033684,169.58572434682858
-73.08967590332028,169.56719970703125
-73.09652709960933,169.56678771972656
-73.09603214599477,169.51491436174965
-73.09345123525077,169.49411230588944
-73.10327434361236,169.48893785817668
-73.1069651256508,169.47569966476198
-73.10865357070361,169.42925178400077
-73.10436989103769,169.39008259628326
-73.1103795649674,169.3715139899952
-73.10723882244574,169.3589781631364
-73.10336590522071,169.35387505566837
-73.09784053642717,169.34889219986343
-73.09294633948078,169.33020265023518
-73.09387365332047,169.30679639438287
-73.09805227451207,169.28222109132375
-73.10217722494194,169.25671559827248
-73.1076711629805,169.23600755796954
-73.11426873946901,169.2202714707259
-73.12847880974105,169.22714742855612
-73.1419897943483,169.2363999282157
-73.14861026588336,169.2360484432402
-73.14861026588339,169.23604844324032
-73.14833068847652,169.23355102539062
-73.15407562255855,169.23373413085938
-73.15670776367183,169.2399139404297
-73.16134643554686,169.24082946777344
-73.16903686523433,169.25558471679688
-73.16973223701633,169.21177114454815
-73.17516027830786,169.19687074339677
-73.18099580382511,169.20919268776467
-73.18690712064458,169.22640746986207
-73.19114585422274,169.22154672890008
-73.19865434963042,169.23066940912722
-73.22143554687497,169.24896240234375
-73.23161315917967,169.24623107910156
-73.23493957519527,169.24404907226562
-73.24442291259766,169.24974060058594
-73.25016784667964,169.2499237060547
-73.25902557373043,169.2440948486328
-73.26413726806636,169.2327575683594
-73.26766967773433,169.23440551757812
-73.27632141113277,169.22471618652344
-73.28211975097652,169.20492553710938
-73.27863311767575,169.18331909179688
-73.28000640869138,169.16647338867188
-73.26659393310543,169.13156127929688
-73.27027627974478,169.10896929033356
-73.27312248702628,169.080467643306
-73.27328586610288,169.04748122541312
-73.27184333787702,169.01966659292734
-73.26661682128902,168.9827880859375
-73.26177215576166,168.9647979736328
-73.25544738769527,168.9544677734375
-73.24641418457028,168.93003845214844
-73.24171447753902,168.91464233398438
-73.23979949951168,168.90797424316406
-73.21940612792967,168.88601684570312
-73.2036972045898,168.89271545410156
-73.19265747070307,168.87371826171875
-73.1856002807617,168.8573455810547
-73.18088531494138,168.85525512695312
-73.17505645751949,168.8605499267578
-73.16738128662105,168.87368774414062
-73.15777587890621,168.89341735839844
-73.12811279296871,168.92401123046875
-73.1204452514648,168.93051147460938
-73.11690521240232,168.92893981933597
-73.1143646240234,168.897705078125
-73.11795043945308,168.8465118408203
-73.1257171630859,168.8016815185547
-73.12432861328122,168.77096557617188
-73.12360382080078,168.75167846679688
-73.12456512451169,168.7285919189453
-73.12596893310544,168.71311950683594
-73.12567138671874,168.69485473632812
-73.12272644042964,168.68368530273438
-73.1170501708984,168.67835998535156
-73.11152648925777,168.6821746826172
-73.10489654541013,168.6933288574219
-73.1005477905273,168.7042236328125
-73.09258270263668,168.7057342529297
-73.07718658447263,168.66497802734375
-73.06693267822263,168.6273193359375
-73.05254364013666,168.57810974121094
-73.03054809570308,168.5237579345703
-73.0228576660156,168.49761962890625
-73.01921081542963,168.4621124267578
-73.01925659179682,168.4371490478516
-73.02456665039058,168.39141845703125
-73.0425872802734,168.3721466064453
-73.04943847656246,168.3712615966797
-73.06147003173824,168.3798828125
-73.06913757324216,168.38632202148438
-73.07407379150386,168.38546752929688
-73.07714080810544,168.36618041992188
-73.0825729370117,168.35443115234375
-73.08853912353511,168.35153198242188
-73.09487915039061,168.35494995117188
-73.09923553466795,168.3571319580078
-73.10469055175781,168.35855102539062
-73.12348175048822,168.35842895507812
-73.13153076171871,168.3712158203125
-73.13916778564449,168.39620971679688
-73.14546203613278,168.41819763183594
-73.15003967285152,168.42422485351562
-73.15474700927729,168.41957092285156
-73.1573104858398,168.404541015625
-73.15366363525386,168.38197326660156
-73.1546478271484,168.35348510742188
-73.15785980224605,168.33663940429688
-73.16174316406246,168.32460021972656
-73.16637420654294,168.3186492919922
-73.1681289672851,168.30946350097656
-73.16526794433592,168.28103637695312
-73.16187286376949,168.27552795410156
-73.15460968017575,168.25689697265625
-73.15043640136714,168.23870849609375
-73.1489791870117,168.214599609375
-73.1507110595703,168.1988067626953
-73.155891418457,168.17652893066406
-73.15679931640624,168.15997314453125
-73.1513519287109,168.1334686279297
-73.13522338867183,168.08956909179688
-73.12493896484374,168.05340576171875
-73.12030792236325,168.0343017578125
-73.11654663085933,168.01060485839844
-73.11542510986328,167.98631286621094
-73.11981964111325,167.9579620361328
-73.12575531005857,167.9483184814453
-73.13208007812497,167.9449920654297
-73.13790893554686,167.9459991455078
-73.14793395996092,167.94656372070315
-73.15250396728511,167.9458465576172
-73.15460205078122,167.9363555908203
-73.1525268554687,167.91534423828125
-73.1458358764648,167.90042114257812
-73.13706970214841,167.883056640625
-73.13318634033199,167.8700408935547
-73.1342544555664,167.84408569335938
-73.13721466064449,167.82997131347656
-73.14112091064449,167.8125
-73.14961242675778,167.80087280273438
-73.15296936035153,167.79306030273438
-73.15053558349607,167.7299041748047
-73.14604187011716,167.67095947265625
-73.13696289062496,167.6552734375
-73.12226104736324,167.64781188964844
-73.11586761474607,167.6380615234375
-73.11375427246092,167.6290740966797
-73.1154861450195,167.60791015625
-73.11973571777338,167.59011840820312
-73.12989807128902,167.5625457763672
-73.13414001464841,167.55667114257812
-73.14556121826168,167.518798828125
-73.14687347412105,167.50320434570312
-73.14231109619136,167.4682159423828
-73.14544677734371,167.45120239257815
-73.14943695068355,167.4295654296875
-73.14959716796871,167.408203125
-73.14770507812496,167.36717224121094
-73.15183258056638,167.3241424560547
-73.15234374999997,167.302490234375
-73.15143585205077,167.28857421875
-73.15426635742183,167.26113891601562
-73.15454101562496,167.21839904785156
-73.15244293212888,167.1748504638672
-73.15068817138669,167.1483154296875
-73.14691162109371,167.1087646484375
-73.1398544311523,167.06649780273438
-73.12091064453124,167.0310516357422
-73.088996887207,167.01522827148438
-73.06683349609371,167.00100708007812
-73.05224609374996,166.9847869873047
-73.04286956787105,166.96578979492188
-73.03746032714838,166.9542236328125
-73.0314788818359,166.9285888671875
-73.02198791503902,166.87408447265625
-73.01828765869135,166.82554626464844
-73.01973724365232,166.80722045898438
-73.02481842041013,166.791259765625
-73.02902984619138,166.7852325439453
-73.04850006103511,166.7708740234375
-73.05712890624996,166.7559814453125
-73.06545257568354,166.74794006347656
-73.0844345092773,166.74319458007812
-73.09210968017574,166.73696899414062
-73.09742736816402,166.73001098632812
-73.09738159179683,166.71810913085938
-73.0960006713867,166.697998046875
-73.10109710693355,166.69915771484375
-73.10717010498044,166.70883178710938
-73.11760711669918,166.72027587890625
-73.12416839599605,166.7202606201172
-73.13701629638668,166.72178649902344
-73.14831542968749,166.72325134277344
-73.17258453369135,166.73947143554688
-73.18375396728511,166.75038146972656
-73.19262695312497,166.7671813964844
-73.19632720947263,166.77618408203125
-73.20368194580077,166.804931640625
-73.20933532714842,166.82571411132812
-73.21401977539058,166.83795166015625
-73.21981048583983,166.84930419921875
-73.22480010986324,166.85462951660156
-73.22918701171871,166.85107421875
-73.24530029296874,166.8152618408203
-73.25163269042967,166.8061065673828
-73.25710296630855,166.80702209472656
-73.26630401611325,166.82901000976562
-73.2706069946289,166.8469696044922
-73.27381134033202,166.88323974609375
-73.27129364013672,166.91476440429688
-73.2584075927734,166.9760284423828
-73.25074768066405,167.0116119384766
-73.24831390380857,167.0563507080078
-73.24865722656249,167.12562561035156
-73.25266265869136,167.15721130371094
-73.27017974853511,167.27183532714844
-73.27954864501949,167.30331420898438
-73.28220367431638,167.3146209716797
-73.28430938720702,167.29957580566406
-73.28871154785152,167.29612731933594
-73.2930908203125,167.31011962890625
-73.29955291748045,167.33856201171875
-73.30249786376949,167.36038208007812
-73.30263519287107,167.38038635253906
-73.30052185058588,167.40748596191406
-73.30101776123041,167.42718505859375
-73.30673217773435,167.46832275390625
-73.31827545166014,167.5894317626953
-73.325325012207,167.65240478515625
-73.33417510986324,167.7261199951172
-73.33674621582028,167.7550201416016
-73.33924865722652,167.80140686035156
-73.35741424560544,167.91519165039065
-73.36167144775386,167.92813110351562
-73.36356353759761,167.9213409423828
-73.359390258789,167.8909149169922
-73.35794067382811,167.87991333007812
-73.3590393066406,167.8603057861328
-73.36037445068357,167.8445281982422
-73.36394500732422,167.8337860107422
-73.36809539794919,167.83872985839844
-73.37335205078122,167.84283447265625
-73.37726593017575,167.8439178466797
-73.37980651855464,167.8352813720703
-73.37858581542967,167.809326171875
-73.37362670898435,167.77275085449222
-73.37310791015622,167.7395477294922
-73.37072753906246,167.7198486328125
-73.36566925048825,167.68203735351562
-73.36828613281247,167.63165283203125
-73.37539672851558,167.61007690429688
-73.38258361816405,167.60186767578125
-73.38910675048827,167.6076202392578
-73.39374542236327,167.62020874023438
-73.413215637207,167.69151306152344
-73.41725921630858,167.68841552734375
-73.42015075683592,167.6916046142578
-73.42218017578121,167.69947814941406
-73.43584442138668,167.7335662841797
-73.44140624999997,167.7239227294922
-73.44407653808592,167.71109008789062
-73.44675445556638,167.68609619140625
-73.44282531738278,167.65399169921875
-73.44084167480466,167.6406707763672
-73.44448089599607,167.63111877441406
-73.44905090332028,167.63031005859378
-73.45076751708983,167.62088012695312
-73.44527435302732,167.60079956054688
-73.43692016601558,167.596435546875
-73.43206787109374,167.58668518066406
-73.42714691162105,167.56349182128906
-73.41647338867183,167.52857971191406
-73.41545867919919,167.50643920898438
-73.4129257202148,167.5030059814453
-73.40065002441403,167.48556518554688
-73.3931884765625,167.47116088867188
-73.38833618164058,167.4493408203125
-73.38816833496091,167.43466186523438
-73.39204406738278,167.42893981933594
-73.39954376220702,167.42578125
-73.40558624267575,167.42376708984375
-73.401985168457,167.40365600585938
-73.39411163330075,167.39498901367188
-73.39162445068357,167.3861541748047
-73.38062286376952,167.3408966064453
-73.38175201416014,167.32249450683594
-73.38912963867186,167.31130981445312
-73.3967132568359,167.30938720703125
-73.39935302734371,167.2965087890625
-73.40116882324216,167.27081298828125
-73.40298461914061,167.25723266601562
-73.41344451904294,167.23410034179688
-73.41996002197261,167.2275848388672
-73.42357635498043,167.21795654296875
-73.42201232910155,167.2056884765625
-73.42211151123043,167.18939208984375
-73.42594909667964,167.18904113769534
-73.43126678466794,167.19967651367188
-73.43806457519527,167.22129821777344
-73.45317077636716,167.19845581054688
-73.45760345458982,167.1894989013672
-73.46325683593746,167.20530700683597
-73.47230529785153,167.23194885253906
-73.47489929199214,167.2542724609375
-73.47357177734372,167.27565002441406
-73.47403717041013,167.28883361816406
-73.47776031494139,167.3048553466797
-73.4834823608398,167.32200622558594
-73.48696136474605,167.33416748046875
-73.491340637207,167.36053466796875
-73.49670410156247,167.39019775390625
-73.50123596191402,167.406982421875
-73.5066223144531,167.4190216064453
-73.51136016845702,167.4207305908203
-73.5153412249533,167.40822335077678
