latitude,longitude
-68.42016925009705,-62.88386671538999
-68.4373460711367,-62.903194904013866
-68.44578207417136,-62.9565675360497
-68.44657765296631,-63.01186524674738
-68.43352207244598,-63.13823684342249
-68.43502515397118,-63.3092510030065
-68.44905701517476,-63.411164679088294
-68.47511444817492,-63.475178856557534
-68.4972848086628,-63.59651291788062
-68.52250858381416,-63.73549347121227
-68.53946579358549,-63.829493908834536
-68.5653580875667,-63.89430263605104
-68.61033102175358,-63.9510397435124
-68.65538301556589,-63.98183471563805
-68.69987488094175,-63.991751239869515
-68.71901875607637,-63.97475060039499
-68.73631614335952,-63.93839226037749
-68.74471492005533,-63.896513399051294
-68.76145856379935,-63.821427894057805
-68.78190414178418,-63.78492122329393
-68.81190449032357,-63.73969177489224
-68.83293362605193,-63.72415353382939
-68.8475672119854,-63.7261201592165
-68.87050362347765,-63.71233077590364
-68.88896716453941,-63.70904747391641
-68.90350267006399,-63.76401382259508
-68.88738324757638,-63.85203281282102
-68.89144191134197,-63.98279049108897
-68.8955398775827,-64.07827785926766
-68.87324967437985,-64.22226558556824
-68.88351821417925,-64.32681185540045
-68.90236806417914,-64.47252125893058
-68.91529276916155,-64.53859387662277
-68.93063166300303,-64.61904422935626
-68.94464363453329,-64.7013060380896
-68.95793219949243,-64.78895106282529
-68.96246937363358,-64.85305728071474
-68.95381212979682,-64.89498259467729
-68.93594852088577,-64.9662968065106
-68.95787198201013,-64.93780130296882
-68.97910615273796,-64.91451772580184
-69.0154025967258,-64.91535640601708
-69.04714787452843,-64.92654795518149
-69.07115530255341,-64.94789785334636
-69.1033231844474,-65.04665646973352
-69.13936168961813,-65.0745336899893
-69.17908981354168,-65.11535213107803
-69.22399036452342,-65.11606332833651
-69.2215448093611,-65.12298927679136
-69.17733455234165,-65.24777351844976
-69.15202345550821,-65.3421479581639
-69.12834568381359,-65.50437620505905
-69.0912782615607,-65.70047358650905
-69.07278755774654,-65.78935583767466
-69.03892507517293,-65.87981181539423
-68.97825043625573,-65.92939447848855
-68.9583110052383,-65.94116334572061
-68.92128505392738,-65.90480063656715
-68.89639157363206,-65.86646391714655
-68.88886831737784,-65.8585089821551
-68.86289104693172,-65.8907624808641
-68.80688457840188,-65.96861837113104
-68.79534153946108,-66.05165969497382
-68.79030843427473,-66.23397950646066
-68.74358298991957,-66.28210158985189
-68.74987883735852,-66.39008392543852
-68.7694175193823,-66.43505474115223
-68.78780884985859,-66.47290545650806
-68.81185929783882,-66.54689742441931
-68.82881192432524,-66.65523800915105
-68.87409872320075,-66.80721840284643
-68.8751641630317,-66.934660532221
-68.8715884499061,-67.09313625421363
-68.8549734731313,-67.30924328446429
-68.81697055359007,-67.45638155596012
-68.81413269042945,-67.45584106445312
-68.8078918457029,-67.44635009765626
-68.80592346191384,-67.42529296875
-68.79591369628884,-67.40679931640625
-68.79522705078102,-67.394287109375
-68.79171752929663,-67.39498901367189
-68.78855133056616,-67.38198852539062
-68.78906249999977,-67.36141967773438
-68.79736328124976,-67.32852172851562
-68.78989410400366,-67.28717041015625
-68.79228210449196,-67.27108764648439
-68.7894363403318,-67.244384765625
-68.793273925781,-67.22991943359374
-68.79112243652321,-67.21575927734375
-68.79452514648415,-67.19845581054688
-68.79074859619118,-67.18951416015625
-68.79399108886696,-67.1790771484375
-68.80117034912085,-67.17071533203125
-68.80370330810526,-67.14776611328124
-68.79765319824196,-67.10809326171875
-68.79079437255835,-67.10272216796875
-68.78668975830054,-67.10751342773438
-68.78085327148413,-67.10098266601562
-68.77955627441382,-67.09246826171875
-68.7906341552732,-67.0228271484375
-68.78423309326148,-66.99691772460938
-68.77911376953101,-67.00292968750001
-68.76585388183568,-66.97177124023438
-68.75839996337866,-66.97048950195312
-68.75066375732398,-66.95956420898438
-68.74365234374976,-66.96112060546875
-68.7407302856443,-66.9578857421875
-68.73356628417945,-66.96627807617188
-68.73077392578101,-66.97952270507812
-68.71876525878882,-67.0035400390625
-68.7002334594724,-66.98529052734375
-68.68982696533179,-67.00408935546875
-68.68749999999974,-66.996826171875
-68.683410644531,-67.00161743164064
-68.68222808837866,-67.00964355468749
-68.67932128906223,-67.00637817382812
-68.6718673706052,-67.005126953125
-68.66516113281226,-66.99301147460938
-68.65944671630835,-67.00299072265625
-68.65637969970679,-67.00656127929686
-68.64686715730073,-66.97080563836205
-68.63969552644137,-66.97916745476829
-68.6324018252695,-66.97108029656518
-68.62377298005467,-66.97779416375268
-68.62085855134373,-66.97455930047143
-68.6038750701328,-67.00755829929055
-68.59988403320287,-67.07879638671875
-68.59535217285134,-67.08074951171875
-68.59038543701146,-67.07986450195312
-68.58628845214818,-67.0845947265625
-68.58348846435521,-67.0977783203125
-68.57383728027317,-67.10562133789062
-68.56295013427709,-67.14459228515626
-68.55841827392554,-67.146484375
-68.55258941650364,-67.1400146484375
-68.54525756835912,-67.15505981445312
-68.52536010742159,-67.17465209960938
-68.51509857177707,-67.1864013671875
-68.51219177246065,-67.18316650390625
-68.50723266601535,-67.18228149414062
-68.50372314453097,-67.18301391601562
-68.4978942871091,-67.17657470703125
-68.49497985839815,-67.17330932617188
-68.48640441894504,-67.1568603515625
-68.47755432128878,-67.130859375
-68.47048187255832,-67.09298706054688
-68.47473144531223,-67.08151245117188
-68.47902679443334,-67.0469970703125
-68.4780960083005,-66.97897338867188
-68.47123718261693,-66.9737548828125
-68.45944976806615,-66.94464111328125
-68.45330810546847,-66.9517822265625
-68.44747161865207,-66.94537353515625
-68.44149017333957,-66.94573974609375
-68.43637084960908,-66.95166015625
-68.43184661865206,-66.95361328125
-68.42790222167942,-66.95159912109375
-68.42498779296848,-66.94839477539064
-68.40193818971157,-66.94779353689451
-68.38892364501923,-66.95724487304688
-68.38133239746065,-66.96273803710938
-68.37097167968723,-66.95831298828125
-68.36790466308565,-66.96185302734375
-68.36120605468722,-66.94992065429688
-68.34035491943332,-66.92489624023438
-68.34297180175753,-66.94149780273438
-68.34075164794892,-66.97348022460938
-68.34524536132784,-66.99447631835938
-68.3425750732419,-67.023681640625
-68.3447494506833,-67.03753662109376
-68.336128234863,-67.04412841796875
-68.3334960937497,-67.0504150390625
-68.33668518066379,-67.0631103515625
-68.33975219726537,-67.05960083007812
-68.34309387207001,-67.0655517578125
-68.34640502929658,-67.09445190429688
-68.34663391113253,-67.12683105468751
-68.34136199951145,-67.13940429687499
-68.34162139892551,-67.14889526367189
-68.33795928955051,-67.15634155273438
-68.33358001708957,-67.15151977539062
-68.32787322998018,-67.16131591796875
-68.32496643066379,-67.1580810546875
-68.31958007812472,-67.15444946289062
-68.31504821777318,-67.15634155273438
-68.3098144531247,-67.14599609375
-68.3058776855466,-67.14398193359375
-68.29639434814426,-67.14498901367188
-68.29585266113253,-67.12606811523438
-68.29105377197239,-67.11849975585939
-68.28237915039034,-67.14791870117188
-68.28540039062472,-67.16726684570312
-68.28086853027315,-67.16915893554688
-68.27639770507784,-67.14822387695312
-68.28463745117158,-67.11602783203125
-68.28326416015595,-67.06875610351562
-68.29208374023408,-67.0325927734375
-68.28687286376925,-66.99945068359375
-68.29449462890597,-66.97113037109375
-68.29656219482395,-66.9459228515625
-68.2991943359372,-66.93963623046875
-68.30371856689425,-66.93768310546875
-68.30826568603487,-66.91287231445312
-68.30477905273409,-66.89077758789062
-68.3057639204389,-66.86758334760296
-68.30303955078097,-66.85684204101562
-68.31414031982392,-66.8048095703125
-68.31807708740206,-66.760986328125
-68.31106567382785,-66.73971557617188
-68.304308919209,-66.72232116190075
-68.30074253078953,-66.71294598166979
-68.29203939226517,-66.69742917290144
-68.28230285644503,-66.7110595703125
-68.27574157714814,-66.71539306640625
-68.2655029296872,-66.68157958984375
-68.25820159912082,-66.67376708984375
-68.25570678710909,-66.65057373046875
-68.24868011474578,-66.62936401367188
-68.24160133094905,-66.60363711801168
-68.23440264611862,-66.59758319270759
-68.22554885019504,-66.57726499143853
-68.22579799671905,-66.59372350795567
-68.21208576083991,-66.6291252689242
-68.20110517866743,-66.63051680122649
-68.20027923583955,-66.65960693359375
-68.18811742758587,-66.65698665498725
-68.1878085917741,-66.69821196338562
-68.18850708007783,-66.7220458984375
-68.18457794189423,-66.74282836914062
-68.19246673583956,-66.76947021484375
-68.19027709960906,-66.77850341796874
-68.19319915771456,-66.80438232421875
-68.19713592529267,-66.80633544921875
-68.2007827758786,-66.8216552734375
-68.20806884765598,-66.82949829101562
-68.21083831787082,-66.83932495117189
-68.21725463867158,-66.84170532226562
-68.22002410888643,-66.85153198242188
-68.22731781005831,-66.85940551757812
-68.2296371459958,-66.8892822265625
-68.22218322753876,-66.91082763671875
-68.2201004028317,-66.95877075195312
-68.21616363525358,-66.95675659179688
-68.21048736572236,-66.94378662109375
-68.20509338378878,-66.940185546875
-68.20539855957003,-66.92684936523438
-68.20130920410128,-66.93154907226562
-68.19839477539031,-66.92840576171875
-68.19021606445284,-66.937744140625
-68.18524169921845,-66.95968627929688
-68.17954254150361,-66.96942138671875
-68.18038177490203,-66.9976806640625
-68.17424774169892,-67.00466918945312
-68.17133331298797,-67.00152587890625
-68.15863037109344,-67.01275634765625
-68.15131378173797,-67.02755737304686
-68.15261840820283,-67.03579711914062
-68.14880371093719,-67.04983520507812
-68.13813781738253,-67.0587158203125
-68.1316909790036,-67.0789794921875
-68.13196563720672,-67.08837890625
-68.12582397460905,-67.0953369140625
-68.1214599609372,-67.090576171875
-68.11737060546845,-67.09521484375
-68.11134338378876,-67.11819458007814
-68.10374450683562,-67.12353515625001
-68.10009002685517,-67.13092041015625
-68.0971755981442,-67.12774658203125
-68.08898925781219,-67.13699340820312
-68.08462524414033,-67.13223266601562
-68.08516693115202,-67.15097045898438
-68.08048248290983,-67.15948486328125
-68.08145141601531,-67.18096923828125
-68.07686614990203,-67.20547485351562
-68.07012939453092,-67.21624755859375
-68.06722259521452,-67.21307373046876
-68.05946350097625,-67.22503662109375
-68.05731964111297,-67.21133422851562
-68.06291961669889,-67.18569946289062
-68.06120300292937,-67.17474365234375
-68.07089233398408,-67.14450073242188
-68.07653808593717,-67.09619140625
-68.07216644287078,-67.09146118164062
-68.063552856445,-67.09799194335938
-68.05628967285125,-67.090087890625
-68.05250549316374,-67.08145141601564
-68.04463958740205,-67.07745361328125
-68.0416030883786,-67.058349609375
-68.03445434570281,-67.06643676757812
-68.03382110595672,-67.0928955078125
-68.02429962158172,-67.11651611328125
-68.02425384521452,-67.13909912109375
-68.02247619628876,-67.15072631835938
-68.01515197753875,-67.1654052734375
-68.01789855957,-67.1751708984375
-68.01466369628874,-67.18524169921875
-68.0101394653317,-67.18710327148438
-68.00492095947234,-67.1768798828125
-68.00437164306608,-67.15820312499999
-68.00028991699187,-67.16281127929688
-67.99587249755827,-67.18060302734375
-67.991775512695,-67.18521118164062
-67.98844146728484,-67.1793212890625
-67.98434448242156,-67.18389892578125
-67.98052978515592,-67.19781494140625
-67.98455047607389,-67.21575927734375
-67.9832077026364,-67.2301025390625
-67.9734954833981,-67.26022338867188
-67.96325683593719,-67.27163696289062
-67.95864105224578,-67.257568359375
-67.95633697509732,-67.25051879882814
-67.9539108276364,-67.22760009765625
-67.95041656494108,-67.22830200195312
-67.94535827636687,-67.21151733398438
-67.93717956542937,-67.15982055664062
-67.9423904418942,-67.10910034179688
-67.94927978515592,-67.09176635742188
-67.94798278808562,-67.08358764648438
-67.93936920165982,-67.090087890625
-67.93253326415982,-67.08493041992189
-67.92788696289028,-67.07092285156251
-67.93067932128874,-67.05816650390625
-67.92430877685514,-67.0333251953125
-67.9256439208981,-67.01898193359375
-67.92214202880827,-67.01971435546875
-67.92084503173793,-67.0115966796875
-67.92052459716763,-66.89654541015626
-67.91632080078094,-66.84036254882812
-67.90802001953092,-66.83377075195312
-67.89766693115202,-66.8519287109375
-67.89154815673797,-66.83645629882812
-67.88353729248011,-66.81671142578125
-67.87304687499966,-66.81903076171875
-67.86488342285124,-66.82830810546875
-67.85977935790982,-66.85650634765625
-67.8511810302731,-66.863037109375
-67.84811401367152,-66.86651611328126
-67.84520721435511,-66.8634033203125
-67.84214019775357,-66.86685180664062
-67.83878326415982,-66.88345336914062
-67.82405853271449,-66.89688110351562
-67.8186874389645,-66.87103271484375
-67.81390092770606,-66.86186355753605
-67.81433105468714,-66.82168579101562
-67.80966949462857,-66.80780029296874
-67.80325317382777,-66.76080322265625
-67.79830169677699,-66.76004028320312
-67.79096283460869,-66.75423704930662
-67.78446197509732,-66.756591796875
-67.77484893798791,-66.76431274414064
-67.77951812744105,-66.80047607421875
-67.77499389648402,-66.82470703125
-67.77703094482386,-66.8447265625
-67.77613336956087,-66.8667015414835
-67.77103549015062,-66.8819180431579
-67.76815913342556,-66.90391061937007
-67.76748657226527,-66.9573974609375
-67.77198028564419,-66.97781372070312
-67.77223205566371,-67.00936889648438
-67.7761611938473,-67.01132202148438
-67.77993774414027,-67.01983642578125
-67.78674316406214,-67.04724121093751
-67.78089141845668,-67.06332397460938
-67.77998352050746,-67.08026123046876
-67.77370452880824,-67.09362792968749
-67.77055358886683,-67.05895996093751
-67.76517486572232,-67.05545043945312
-67.75935363769494,-67.04922485351562
-67.75078582763636,-67.03338623046875
-67.74772644042935,-67.03680419921875
-67.7448120117184,-67.03369140625
-67.73931121826136,-67.01443481445312
-67.74166107177699,-66.99908447265626
-67.73877716064419,-66.97372436523438
-67.74418640136683,-66.95492553710939
-67.73534393310511,-66.90765380859375
-67.74597167968714,-66.89883422851562
-67.74423980712855,-66.88809204101562
-67.73957824706996,-66.89651489257812
-67.73200988769494,-66.87957763671875
-67.72998046874964,-66.859619140625
-67.73493957519496,-66.838134765625
-67.73362731933557,-66.83004760742188
-67.72431182861293,-66.82467651367188
-67.71688079833949,-66.80126953124999
-67.71936035156213,-66.77938842773438
-67.73056030273402,-66.74441528320314
-67.7318725585934,-66.73022460937501
-67.72895050048794,-66.7271728515625
-67.72487640380824,-66.73178100585938
-67.72006988525355,-66.7244873046875
-67.70944213867152,-66.73336791992188
-67.70687696050702,-66.77254715482371
-67.70106945857508,-66.7759941170067
-67.69722747802697,-66.81390380859376
-67.69867706298791,-66.83767700195312
-67.69430541992152,-66.85528564453125
-67.70011138915982,-66.88369750976562
-67.69733428955041,-66.89633178710938
-67.70301055908166,-66.90899658203125
-67.70605468749964,-66.92782592773438
-67.70646667480433,-66.95275878906251
-67.70427703857385,-66.9615478515625
-67.69363403320276,-66.97027587890625
-67.69072723388635,-66.96719360351562
-67.68621063232388,-66.96908569335936
-67.68184661865196,-66.96444702148438
-67.66005706787074,-66.91912841796875
-67.6473846435543,-66.907958984375
-67.64724731445276,-66.89227294921875
-67.63924407958946,-66.89492797851562
-67.63779449462854,-66.8712158203125
-67.62993621826134,-66.86737060546875
-67.61408179053753,-66.8440309409225
-67.60127258300746,-66.81729125976562
-67.59195709228479,-66.78979492187501
-67.58480834960899,-66.7314453125
-67.5792694091793,-66.71240234375
-67.59771475520874,-66.60727111800684
-67.59828406786696,-66.59185595138706
-67.58782331724329,-66.58770285007223
-67.58101928753494,-66.55353223621977
-67.57126145109254,-66.54668470330164
-67.5653103396711,-66.53615507858865
-67.54705224573856,-66.50323913122631
-67.53244118557141,-66.46499307139422
-67.52317337462597,-66.4820705245892
-67.51920751409561,-66.4762122790582
-67.51314506192249,-66.48509339895207
-67.49823023223834,-66.47711159462895
-67.47838476427208,-66.46957877218146
-67.48010569875056,-66.49118178319445
-67.4883434897398,-66.51169882089286
-67.51288698240985,-66.54502118422192
-67.53733957502119,-66.58561251532704
-67.5389839522805,-66.6484069334566
-67.53768598941947,-66.73084370796987
-67.51156648439009,-66.7655758042047
-67.50076626897513,-66.7997385925466
-67.49464668389815,-66.83932626997195
-67.49420894292035,-66.91740258185519
-67.48331809188291,-66.9084023857917
-67.4745897120031,-66.94084231873029
-67.47407083489541,-66.9551574039496
-67.46874279572707,-66.97379811820485
-67.47850526152871,-67.01006066453641
-67.4871201575052,-67.05475765249071
-67.48204870512913,-67.08057935793144
-67.48320892583794,-67.09742375092469
-67.47979788087386,-67.1229298214457
-67.49171447753866,-67.143798828125
-67.49789428710899,-67.1746826171875
-67.49982452392538,-67.21652221679688
-67.50374603271445,-67.218505859375
-67.51736450195273,-67.288330078125
-67.52300262451134,-67.30099487304688
-67.52326965331994,-67.3477783203125
-67.53572082519493,-67.3656005859375
-67.5346145629879,-67.3887939453125
-67.54789875532623,-67.43713499103691
-67.5499279406328,-67.4867179215653
-67.5545821049356,-67.50207639728691
-67.55165863037071,-67.5491943359375
-67.5572738647457,-67.56195068359375
-67.55622145244371,-67.58680871504887
-67.55844435185088,-67.65427609811333
-67.54287469375996,-67.63032400890557
-67.54022216796837,-67.62112426757812
-67.53401184081993,-67.61215209960938
-67.53086853027304,-67.59985351562501
-67.51846036810544,-67.60014154631165
-67.51298512057308,-67.56053140377897
-67.49637088027619,-67.52742896065057
-67.49258029829362,-67.52557437623933
-67.48558044433554,-67.5484619140625
-67.48139740636462,-67.56472779054566
-67.47977183415871,-67.58040008369522
-67.47340166788459,-67.5962829996408
-67.47365163426956,-67.61301633102262
-67.4814826217015,-67.63701012955747
-67.4823613970905,-67.65206316706937
-67.4736069239313,-67.6656965147766
-67.45664436919404,-67.65058397993884
-67.45043929732024,-67.64731252865572
-67.44517137678629,-67.64350389643499
-67.43736138238684,-67.6314590438291
-67.43063995385333,-67.6225044022624
-67.42421732183354,-67.61294148527568
-67.41729767638836,-67.60428550040507
-67.41655504923226,-67.5855408121408
-67.41326141357382,-67.5762939453125
-67.40548706054648,-67.58773803710938
-67.40355682373006,-67.5679931640625
-67.39903259277304,-67.56973266601562
-67.3933181762691,-67.5789794921875
-67.38939666748006,-67.57696533203125
-67.38548278808553,-67.57492065429688
-67.38114166259723,-67.57025146484375
-67.38047027587851,-67.55850219726562
-67.3746871948238,-67.55224609375
-67.37214660644489,-67.53631591796875
-67.366188049316,-67.53649902343749
-67.36406707763632,-67.523193359375
-67.35118103027304,-67.5401611328125
-67.34683990478474,-67.53546142578125
-67.34182739257771,-67.51907348632812
-67.33511100758022,-67.50414871022323
-67.3218637397889,-67.50462015366757
-67.31565672486136,-67.5067120352704
-67.30894891013169,-67.53842550367895
-67.30330899279052,-67.55551590483111
-67.29593658447224,-67.56201171875
-67.28979492187457,-67.56857299804688
-67.28287506103473,-67.58526611328125
-67.27420043945268,-67.575927734375
-67.2665987306503,-67.56644873687497
-67.25647279211992,-67.55563111097227
-67.24450083025023,-67.55244557030566
-67.23678803147345,-67.54918622437896
-67.23308370731502,-67.54208432314066
-67.22946929931598,-67.50607299804688
-67.22138214111285,-67.49307250976562
-67.21747025425107,-67.48961023175006
-67.21370583669736,-67.48574646610668
-67.20878601074175,-67.48178100585938
-67.18713404967814,-67.44962418938096
-67.18131846253698,-67.45670189459213
-67.17349622292097,-67.47207183941697
-67.18115710616964,-67.50535782471547
-67.18514334787145,-67.54015775862985
-67.18332568596942,-67.55413206532361
-67.1835717298345,-67.57045140835083
-67.18593923460217,-67.5872809265616
-67.18448639179364,-67.61151039716977
-67.18144989013628,-67.62515258789062
-67.17614487676425,-67.60189218586018
-67.1737792223793,-67.57999272716629
-67.17156219482376,-67.57086181640625
-67.16764831542923,-67.56884765625
-67.1635589599605,-67.57321166992188
-67.16072845458942,-67.58544921875
-67.15716920365631,-67.59517497023633
-67.14939846880631,-67.60324448887104
-67.14348894627369,-67.58147749749338
-67.1409816780117,-67.57259799902207
-67.13460044452678,-67.5511250998439
-67.12624352252249,-67.53843328756192
-67.1219023970342,-67.53382513326504
-67.11022942340136,-67.54313299459317
-67.10589592730764,-67.53852484029629
-67.10088341510061,-67.52228948873379
-67.09535210406544,-67.52509710592129
-67.0883635786748,-67.52637884420254
-67.08403008258108,-67.52177068990567
-67.08251183306938,-67.50495550435879
-67.08575432574514,-67.49534246724942
-67.08345787799124,-67.48856756490567
-67.08018244570398,-67.48837954235654
-67.07546746572642,-67.48932761021781
-67.05947849473742,-67.49613899452085
-67.05141448974562,-67.5015869140625
-67.04912567138626,-67.49481201171875
-67.0460586547847,-67.498046875
-67.0417175292964,-67.49346923828125
-67.0394210815425,-67.4866943359375
-67.0461578369136,-67.47647094726562
-67.04983520507766,-67.43264770507814
-67.05393218994095,-67.42828369140625
-67.05442810058548,-67.4461669921875
-67.0595397949214,-67.44073486328125
-67.06534118621207,-67.43941485872297
-67.06926303602131,-67.43491937315402
-67.06950378417922,-67.4208984375
-67.08854915113916,-67.43324249628346
-67.09483681142628,-67.42589068978104
-67.08487352786763,-67.38056882567199
-67.0872192382808,-67.352783203125
-67.09486749328481,-67.35558428588148
-67.0993840948473,-67.35384478392835
-67.10610559142935,-67.34352984252212
-67.10772705078081,-67.30926513671875
-67.10617828369097,-67.29241943359375
-67.10183715820268,-67.287841796875
-67.08915710449173,-67.29840087890625
-67.08583068847611,-67.292724609375
-67.08412170410112,-67.2822265625
-67.08896636962845,-67.26779174804688
-67.08929443359328,-67.25512695312501
-67.08656311035112,-67.2457275390625
-67.06441424245381,-67.28081041665423
-67.05819628591084,-67.27214342446675
-67.05062029714131,-67.27717882485737
-67.03200640307186,-67.2574362995366
-66.9908079302234,-67.24395941626555
-66.98880709828956,-67.23375804511954
-66.9824212950669,-67.23140819160392
-66.97850741567235,-67.22948558418204
-66.97399844350439,-67.2312556037133
-66.97109927358254,-67.2282038459008
-66.9670175475083,-67.2325983771508
-66.95977725209816,-67.22506053535392
-66.95328463735206,-67.20751292793204
-66.95506228627784,-67.19640452949456
-66.95941104116065,-67.20095164863517
-66.96434725942237,-67.20177562324456
-66.96885623159034,-67.2000056037133
-66.97759951772315,-67.18752391426017
-66.98152102651221,-67.18944652168206
-66.98442019643409,-67.19246776191642
-66.98790682973487,-67.19179637519767
-66.99191730552182,-67.18113597352861
-66.99744098716245,-67.17823680360674
-67.00050037436948,-67.17494090516924
-67.00339954429136,-67.17796214540361
-67.00704639487729,-67.17097362001299
-67.01241748862729,-67.174391588763
-67.01590412192809,-67.17368968446613
-67.02028656005812,-67.14181518554686
-67.01888275146437,-67.11874389648438
-67.01149695302178,-67.11110639871866
-67.00790350819756,-67.09658003153116
-67.00323431874442,-67.10466718973429
-66.99947302724051,-67.09645796121866
-66.9995188036077,-67.07491255106241
-66.99140112782645,-67.06218672098429
-66.98121588612723,-67.07320356668741
-66.98090308095145,-67.08583784403118
-66.98101752186942,-67.10106611551554
-66.96746826171828,-67.11282348632811
-66.95625305175734,-67.1248779296875
-66.94841766357375,-67.12109375
-66.94364166259717,-67.11398315429688
-66.93650817871047,-67.12164306640625
-66.9307098388667,-67.11566162109375
-66.9288787841792,-67.090087890625
-66.92295837402298,-67.06890869140625
-66.92385864257763,-67.05261230468751
-66.92036437988234,-67.05331420898438
-66.9182128906245,-67.04034423828125
-66.92170715331983,-67.03964233398438
-66.92519378662061,-67.0389404296875
-66.93019104003857,-66.99676513671875
-66.92456817626906,-66.96304321289062
-66.92792510986281,-66.9471435546875
-66.9328613281245,-66.94790649414062
-66.9356155395503,-66.95718383789062
-66.93866729736281,-66.95388793945312
-66.94392395019483,-66.92056274414064
-66.95483398437453,-66.89950561523438
-66.96311187744091,-66.90582275390626
-66.9711074829097,-66.90325927734375
-66.97560882568312,-66.90145874023438
-66.98432159423781,-66.910400390625
-66.98924255371048,-66.93267822265625
-66.99520111083937,-66.932373046875
-67.00028991699172,-66.92681884765625
-67.00305938720656,-66.91455078125
-67.01044464111281,-66.937255859375
-67.01554107665969,-66.93173217773438
-67.02297210693312,-66.91131591796875
-67.03110504150344,-66.90243530273438
-67.03589630126908,-66.90951538085938
-67.04185485839797,-66.9091796875
-67.04636383056595,-66.9073486328125
-67.05130004882767,-66.90811157226562
-67.05522155761673,-66.90997314453125
-67.06976318359328,-66.90335083007812
-67.07862091064409,-66.906005859375
-67.07832336425739,-66.91867065429688
-67.07409667968705,-66.92947387695312
-67.07960510253861,-66.94812011718751
-67.0922546386714,-66.93740844726562
-67.09559631347611,-66.94302368164062
-67.1056289672847,-66.938232421875
-67.11303710937456,-66.93939208984375
-67.11711883544876,-66.93493652343751
-67.12393951415972,-66.9398193359375
-67.13789367675737,-66.93692016601562
-67.14311218261676,-66.9466552734375
-67.14660644531207,-66.94595336914062
-67.1492309570308,-66.93997192382812
-67.15577697753861,-66.9359130859375
-67.15898132324176,-66.92620849609375
-67.1566772460933,-66.89776611328125
-67.15784454345659,-66.89028930664062
-67.16497802734331,-66.8824462890625
-67.17179870605426,-66.88735961914062
-67.1777648925777,-66.88699340820312
-67.18720245361284,-66.90762329101562
-67.19010162353473,-66.91064453125
-67.19479913964418,-66.94260636829368
-67.20477325023316,-66.95028746755789
-67.20986968578002,-66.94467223318289
-67.21263915599485,-66.93234313162039
-67.21918517650268,-66.92825377615164
-67.22195464671753,-66.91586363943289
-67.2255134939636,-66.88784872271562
-67.22255706787065,-66.85940551757812
-67.21906280517535,-66.86016845703125
-67.20947265624956,-66.84588623046875
-67.20772552490193,-66.83538818359375
-67.2125320434566,-66.82077026367188
-67.21528625488237,-66.83013916015625
-67.21981048583942,-66.82827758789062
-67.2249514350322,-66.82142797930398
-67.23361968994097,-66.80987548828125
-67.24030303955035,-66.8211669921875
-67.2471810939518,-66.83486769160719
-67.25682138329482,-66.81764643280826
-67.26284003025862,-66.7925453355343
-67.2624053955074,-66.76556396484375
-67.26197959432382,-66.74707979038686
-67.25541687011676,-66.74526977539062
-67.25308990478472,-66.738525390625
-67.24509429931598,-66.74118041992188
-67.23957061767534,-66.74420166015625
-67.23418426513629,-66.74081420898438
-67.23155975341754,-66.72506713867188
-67.22530364990192,-66.71646118164062
-67.22254943847614,-66.72885131835938
-67.2170257568355,-66.73187255859375
-67.21221157473609,-66.71715574542363
-67.20718453614477,-66.70786804940778
-67.20166039957124,-66.70601530254223
-67.19131302148588,-66.71571858123255
-67.1885070800777,-66.6982421875
-67.20172882080034,-66.68356323242188
-67.20738983154253,-66.67416381835938
-67.21334838867142,-66.67376708984375
-67.22148895263629,-66.66470336914064
-67.22843933105426,-66.64138793945312
-67.23217773437456,-66.6060791015625
-67.23712158203082,-66.6068115234375
-67.24772644042928,-66.59805297851562
-67.25280761718706,-66.59237670898439
-67.25395202636675,-66.5848388671875
-67.27719879150348,-66.5650634765625
-67.28211046130234,-66.55908775580733
-67.28722381591757,-66.56005859375
-67.29186248779253,-66.5517578125
-67.29623413085895,-66.55621337890625
-67.30175018310506,-66.55313110351562
-67.30944061279254,-66.5413818359375
-67.31964111328082,-66.55181884765625
-67.32746124267538,-66.53363037109375
-67.34115600585898,-66.54327392578125
-67.35175323486288,-66.53445434570311
-67.35436248779256,-66.52838134765625
-67.35304260253865,-66.52047729492188
-67.3470764160152,-66.52093505859375
-67.34282684326134,-66.51004028320312
-67.34761047363239,-66.49526977539065
-67.3440704345699,-66.47418212890625
-67.34014129638632,-66.47238159179688
-67.33691406249957,-66.4603271484375
-67.3334274291988,-66.46115112304688
-67.33209991455035,-66.4532470703125
-67.323219299316,-66.45074462890625
-67.31986236572224,-66.44515991210938
-67.310409545898,-66.44644165039062
-67.30489349365193,-66.44955444335938
-67.29791259765584,-66.45117187500001
-67.28788757324176,-66.45620727539062
-67.2865327617537,-66.46749990573397
-67.27123244547441,-66.4836273732186
-67.2612143984315,-66.47927578319755
-67.25193605074253,-66.48624809804024
-67.245092483848,-66.48145683827461
-67.23709687837923,-66.48423393788399
-67.22750429021801,-66.47552219982458
-67.22255281316723,-66.47485081310582
-67.21792177068674,-66.48318211193394
-67.21192750582065,-66.47822197499336
-67.20172700533237,-66.46790703358711
-67.1967831576761,-66.46723564686836
-67.19132542463687,-66.46422544181833
-67.18637394758608,-66.46355405509958
-67.18245243879703,-66.4617535179902
-67.17649388166812,-66.46221128166206
-67.16911462509233,-66.46057055263681
-67.16475677490189,-66.4637451171875
-67.1490859985347,-66.47817993164062
-67.13981628417923,-66.4947509765625
-67.13809967040969,-66.5059814453125
-67.13200378417926,-66.51278686523438
-67.12909698486283,-66.50985717773438
-67.11431121826126,-66.52944946289062
-67.10773468017533,-66.51199340820312
-67.10305786132767,-66.49862670898438
-67.09465789794875,-66.44912719726562
-67.08883666992142,-66.4432373046875
-67.08535003662062,-66.44406127929688
-67.08186340331986,-66.44485473632812
-67.07507324218706,-66.46173095703125
-67.07136535644486,-66.49682617187501
-67.06324768066361,-66.505859375
-67.05791721678905,-66.5231443915754
-67.0507307560067,-66.52776898467634
-67.04499211832332,-66.53607197919096
-67.04529254595612,-66.55194993919118
-67.04640961074932,-66.59305596144063
-67.04289352841343,-66.61069465464162
-67.03850630178898,-66.62017440861493
-67.03486716661136,-66.62341237800918
-67.02651050262119,-66.62387846871363
-67.02724456787062,-66.61383056640625
-67.02504730224565,-66.600830078125
-67.01787954241296,-66.61099431135254
-67.00955727754683,-66.60402601943008
-67.00461342989058,-66.6033241151332
-66.99967721162886,-66.60262221083633
-66.98656786189909,-66.61203419073621
-66.9852479766452,-66.60425220831432
-66.98088396297332,-66.5998271594862
-66.97695482478971,-66.5980266223768
-66.96606574127776,-66.58118559253343
-66.95917672421328,-66.57672684380184
-66.96282196044875,-66.5679931640625
-66.96048736572217,-66.56134033203125
-66.9573665748666,-66.55749077690845
-66.94954729742105,-66.55754332101819
-66.94455290321206,-66.536226296772
-66.94005156043863,-66.53811838661575
-66.9346728372941,-66.53485300575637
-66.93074369911051,-66.533052468647
-66.92359376643641,-66.52343158918343
-66.92190530146904,-66.51124861243835
-66.9205780029292,-66.50405883789062
-66.91475677490186,-66.49819946289062
-66.91255889856514,-66.46183574705732
-66.9048881983058,-66.45083015570246
-66.90428924560497,-66.429931640625
-66.90688323974561,-66.4239501953125
-66.9032135009761,-66.40957641601562
-66.89611816406202,-66.41748046875
-66.89630126953075,-66.4326171875
-66.89116102162922,-66.43189460939587
-66.88071027529075,-66.43718319132844
-66.87454428830245,-66.43956460686631
-66.86882377434296,-66.43701322713959
-66.86240378636673,-66.43126936390885
-66.85749210737308,-66.42773382085524
-66.84779357910105,-66.43121337890625
-66.84349159317951,-66.43109018783545
-66.84116472709553,-66.47323397441576
-66.8341415567607,-66.48199189005612
-66.8296890258784,-66.51556396484375
-66.82619366558679,-66.52332061341421
-66.82250260844454,-66.53440969831848
-66.8180314455915,-66.53543563019868
-66.81509407825435,-66.53869151448511
-66.80883065475389,-66.5588646090946
-66.80460357665966,-66.53097534179688
-66.79877471923778,-66.525146484375
-66.79573822021433,-66.52850341796876
-66.79405159238037,-66.53891719490046
-66.7948573393552,-66.54888735324178
-66.7936583526808,-66.56883676895264
-66.79673984069426,-66.58865301653071
-66.78981454227925,-66.57840407538444
-66.78270518781427,-66.57027411144615
-66.77836608886668,-66.5537109375
-66.77863311767528,-66.54122924804688
-66.78167724609325,-66.53787231445312
-66.7789077758784,-66.52871704101562
-66.77275032350317,-66.54023040199168
-66.76869148561255,-66.54471648597605
-66.76287025758519,-66.53888762855418
-66.75678963014379,-66.54560149574168
-66.75299782106175,-66.53754485511668
-66.7474893982102,-66.54053557777293
-66.74458259889379,-66.53766692542918
-66.74153847047582,-66.5409933414448
-66.73717445680396,-66.53662932777293
-66.72717232057347,-66.54151214027293
-66.72280830690158,-66.53717864417918
-66.71527046510472,-66.54242766761668
-66.71178383180393,-66.54319060706979
-66.704861504366,-66.54742611895846
-66.69753482135582,-66.54354302652247
-66.69463300365761,-66.54785300928809
-66.68975014039769,-66.55518401527293
-66.68395290414415,-66.55152249052227
-66.66825905800033,-66.56838819613593
-66.66362812439601,-66.56631242132813
-66.6549875598869,-66.567705028417
-66.647407371086,-66.56059172494905
-66.64110761180437,-66.55003449827723
-66.64027029052049,-66.52845237547014
-66.63255953720892,-66.51714473283339
-66.62168687130765,-66.51266108792646
-66.61931610107368,-66.49081420898438
-66.61225891113227,-66.45001220703125
-66.61656951904243,-66.43313598632812
-66.6147994995112,-66.42294311523438
-66.60665130615182,-66.41067504882812
-66.60905456542913,-66.38983154296875
-66.5936563635578,-66.35218697607473
-66.58669060884495,-66.3274654219263
-66.58876439580686,-66.30575090093981
-66.58871350408768,-66.29003961840684
-66.57812499999945,-66.2540283203125
-66.58645065818365,-66.21924699924891
-66.58998107910101,-66.20449829101562
-66.58777948901245,-66.17411250587557
-66.58859252929635,-66.12100219726562
-66.59747314453071,-66.06854248046875
-66.60269219168627,-66.06910963366028
-66.60939943359848,-66.07851644756059
-66.61426691674325,-66.08164947328098
-66.6211471557612,-66.07254028320312
-66.6295635288632,-66.05793692372275
-66.63114166259712,-66.0400390625
-66.6279661852666,-66.01785185903448
-66.62944030761663,-65.99624633789062
-66.63722420737038,-65.98561416260044
-66.64194221158462,-65.97424415930683
-66.64828491210885,-65.96597290039062
-66.65198516845652,-65.95266723632812
-66.65602111816352,-65.9481201171875
-66.6662806038668,-65.94236036115814
-66.67061510728051,-65.9588611433374
-66.67140960693305,-65.97354125976562
-66.67602008252577,-65.97085302270516
-66.67522042474515,-65.9343299276603
-66.67206355188117,-65.90382431677091
-66.67155456542916,-65.87872314453125
-66.67670440673776,-65.86676025390625
-66.6856765747065,-65.86273193359375
-66.68870544433541,-65.85931396484375
-66.69183349609324,-65.84967041015625
-66.68811035156199,-65.83554077148439
-66.68978881835886,-65.824462890625
-66.6948242187495,-65.81875610351562
-66.70021820068307,-65.82180786132812
-66.7077255249018,-65.81634521484376
-66.71210479736277,-65.82058715820312
-66.73166731432387,-65.80676355618694
-66.74350746376976,-65.77092304004131
-66.74702285384657,-65.74607401002207
-66.73969444582333,-65.72178227810674
-66.73122294904023,-65.71880280913234
-66.71506274617128,-65.72290579498824
-66.6974702499309,-65.74974421401956
-66.68882751464791,-65.730712890625
-66.68378448486277,-65.7364501953125
-66.68051147460885,-65.724853515625
-66.66450446477583,-65.6726704651645
-66.66822814941355,-65.65625
-66.66484069824165,-65.65093994140624
-66.65834808349557,-65.65530395507812
-66.65304565429633,-65.64605712890625
-66.64810943603463,-65.64556884765626
-66.64242553710883,-65.66122436523438
-66.63739776611276,-65.66696166992189
-66.63245391845648,-65.66647338867186
-66.62491130678212,-65.69360262105876
-66.62817713194815,-65.70523479206824
-66.63021850585882,-65.71481323242189
-66.62289017460442,-65.75342568674911
-66.61306351444819,-65.77979287424911
-66.60757035038569,-65.78296670237411
-66.60107010624505,-65.78726968088974
-66.59568375370597,-65.78424844065536
-66.59427087807063,-65.7707931263655
-66.59914079990334,-65.75905133116864
-66.6053314208979,-65.72479248046875
-66.60013188690758,-65.70018776691622
-66.59310833315396,-65.69680957314547
-66.58192538067598,-65.69405387457498
-66.5732670014538,-65.70557164578604
-66.57477772915415,-65.72062476853904
-66.5753231234338,-65.74442426901452
-66.57129480312129,-65.74900190573327
-66.56590845058221,-65.74595014792077
-66.56201280010039,-65.73303661782494
-66.55164911220332,-65.74082319479578
-66.54771997401973,-65.73917524557702
-66.54222680995723,-65.74234907370202
-66.53338623046821,-65.7088623046875
-66.53202819824165,-65.7012939453125
-66.52854919433537,-65.70220947265625
-66.52582550048774,-65.68704223632814
-66.53059387206974,-65.66644287109375
-66.5249404907221,-65.64852905273438
-66.51699066162054,-65.6514892578125
-66.51412963867132,-65.67596435546875
-66.50854492187445,-65.68533325195314
-66.51136016845648,-65.69427490234375
-66.50942230224553,-65.72384643554688
-66.49444659282024,-65.71046619883114
-66.48593981791788,-65.71705799570613
-66.47729821488261,-65.68847852607587
-66.47391589213662,-65.66389637461238
-66.4705505371088,-65.64944458007812
-66.46505737304632,-65.65261840820312
-66.46071555211864,-65.66290797465959
-66.45284964635694,-65.65967311137834
-66.44756247594675,-65.65051783794084
-66.4436855270454,-65.65572690104618
-66.4408416748041,-65.65277099609375
-66.43048858642521,-65.6826171875
-66.42575073242129,-65.66979980468751
-66.42035675048771,-65.66680908203126
-66.42064666747989,-65.6483154296875
-66.42421722412051,-65.64126586914062
-66.4192047119135,-65.6136474609375
-66.42095184326116,-65.59652709960938
-66.41538954032052,-65.5868562986467
-66.40592164845025,-65.58689012132855
-66.39782714843692,-65.55615234375
-66.3893280029291,-65.562744140625
-66.3751678466791,-65.5848388671875
-66.3718719482416,-65.606689453125
-66.37789154052676,-65.63311767578125
-66.37669372558535,-65.64654541015625
-66.37035078968773,-65.66035684668408
-66.36551375355494,-65.65370401465283
-66.35445113148464,-65.66618570410596
-66.33883376087915,-65.65361246191847
-66.33536238636745,-65.65449747168408
-66.32258605956973,-65.66223144531251
-66.31983947753848,-65.68041992187499
-66.3154798359816,-65.69422765406837
-66.31844675731463,-65.72994058044677
-66.32652016683511,-65.76653916775956
-66.32646783878396,-65.7893281042275
-66.32313537597598,-65.812255859375
-66.32338989108342,-65.84416588783904
-66.32129669189393,-65.86242675781251
-66.31480407714785,-65.86666870117188
-66.30953216552676,-65.85751342773438
-66.30303192138611,-65.86175537109375
-66.29889678955018,-65.87237548828125
-66.2934112548822,-65.87545776367188
-66.29261016845645,-65.86431884765625
-66.30198669433535,-65.83584594726562
-66.29827117919864,-65.82196044921875
-66.29312896728457,-65.83367919921875
-66.28764343261659,-65.8367919921875
-66.28739929199159,-65.82205200195312
-66.28482818603455,-65.82794189453125
-66.283470153808,-65.8204345703125
-66.28725433349548,-65.80117797851562
-66.28443908691347,-65.79229736328125
-66.28030395507751,-65.80291748046875
-66.27582550048768,-65.804931640625
-66.27220916747987,-65.784912109375
-66.27849578857361,-65.73281860351562
-66.27612304687437,-65.7264404296875
-66.27074432372986,-65.72344970703126
-66.2680206298822,-65.70849609375
-66.26263427734312,-65.70550537109375
-66.26126861572206,-65.697998046875
-66.25497436523375,-65.69003295898439
-66.25370788574158,-65.67645263671875
-66.25114440917908,-65.68231201171875
-66.24676513671814,-65.67822265625
-66.24173736572203,-65.683837890625
-66.23754882812439,-65.66754150390625
-66.23106384277283,-65.67181396484375
-66.22550964355408,-65.64801025390626
-66.22103118896422,-65.6500244140625
-66.21263122558531,-65.65045166015625
-66.20815277099547,-65.6524658203125
-66.20506286621031,-65.62893676757812
-66.19740295410095,-65.613525390625
-66.1997833251947,-65.58688354492188
-66.19576263427672,-65.59140014648439
-66.1951217651361,-65.60110473632812
-66.1854324340814,-65.6209716796875
-66.18378448486267,-65.63180541992188
-66.17373657226499,-65.64306640625
-66.17062377929622,-65.65252685546875
-66.16842651367125,-65.66696166992188
-66.17169952392516,-65.67828369140625
-66.16576385497986,-65.67892456054688
-66.16239166259705,-65.6737060546875
-66.15782165527283,-65.68182373046874
-66.15489959716733,-65.6790771484375
-66.14968109130795,-65.69686889648439
-66.14928436279236,-65.72122192382812
-66.14482116699153,-65.72323608398438
-66.14202117919858,-65.68148803710938
-66.14769744872986,-65.66619873046875
-66.14405822753844,-65.64633178710938
-66.14013671874937,-65.64474487304688
-66.1356582641595,-65.64675903320314
-66.1321868896478,-65.64764404296875
-66.12773132324156,-65.61676025390625
-66.12289428710874,-65.6101989746094
-66.11888122558531,-65.61468505859375
-66.11723327636656,-65.62548828125
-66.11175537109312,-65.62863159179688
-66.10947418212827,-65.61624145507814
-66.11166381835874,-65.60183715820312
-66.10117340087825,-65.61059570312501
-66.09633636474547,-65.60406494140625
-66.10227966308528,-65.570556640625
-66.10527801513607,-65.56716918945314
-66.11112976074153,-65.57257080078125
-66.12181091308528,-65.5516357421875
-66.12354278564389,-65.53472900390626
-66.11705780029233,-65.50613403320312
-66.12416839599545,-65.49215698242188
-66.12343597412044,-65.47503662109376
-66.12844848632749,-65.4693603515625
-66.13320922851497,-65.48199462890625
-66.14105987548766,-65.485107421875
-66.14434814453062,-65.49636840820312
-66.14973449706969,-65.49929809570311
-66.15274810790953,-65.49591064453125
-66.15583801269469,-65.4534912109375
-66.14585876464781,-65.42578125
-66.15012359619078,-65.40298461914062
-66.14791107177673,-65.384521484375
-66.15062713622984,-65.366455078125
-66.14452362060483,-65.37933349609375
-66.14122772216734,-65.36810302734375
-66.15158081054624,-65.3323974609375
-66.15184020996031,-65.27508544921875
-66.15438842773376,-65.2691650390625
-66.15785980224545,-65.26824951171875
-66.16364288330017,-65.24063110351562
-66.16580200195249,-65.22613525390624
-66.16302490234312,-65.21130371093751
-66.17304229736267,-65.19985961914062
-66.17712402343686,-65.18917846679688
-66.18406896353821,-65.14001407668849
-66.18221502066712,-65.13009586379786
-66.17534856558899,-65.12594547317286
-66.16177587271791,-65.10543766067286
-66.15606145621399,-65.08795108840724
-66.15065984488587,-65.08511295364163
-66.14673070670229,-65.08358707473536
-66.12939402339842,-65.11337133491136
-66.1225433349603,-65.1314697265625
-66.1126098632806,-65.1368408203125
-66.108924865722,-65.15603637695312
-66.1097030639642,-65.17312622070312
-66.09122467040952,-65.23013305664062
-66.08721160888608,-65.23468017578125
-66.08135986328061,-65.2293701171875
-66.0773544311517,-65.23394775390625
-66.0744247436517,-65.23126220703125
-66.06633758544857,-65.2464599609375
-66.0624160766595,-65.24493408203125
-66.05840301513605,-65.24945068359375
-66.0581665039056,-65.26766967773438
-66.0474243164056,-65.33358764648439
-66.03665161132746,-65.327880859375
-66.03272247314388,-65.32632446289064
-66.02470397949153,-65.33538818359375
-66.02178192138604,-65.33270263671875
-66.016769409179,-65.33837890625
-66.01138305663999,-65.33551025390625
-66.00737762451108,-65.34002685546875
-66.00661468505793,-65.32299804687501
-66.00269317626888,-65.32147216796875
-65.99830627441338,-65.31747436523438
-65.99345397949152,-65.31103515625
-65.98853302001888,-65.31063842773438
-65.98451995849541,-65.31515502929688
-65.98427581787043,-65.33331298828125
-65.98126983642508,-65.33670043945312
-65.97850799560482,-65.32192993164062
-65.97119903564385,-65.3153076171875
-65.96643066406183,-65.30282592773438
-65.96274566650322,-65.28317260742188
-65.96658069651828,-65.24693438454166
-65.96275329589777,-65.24444580078126
-65.95998382568291,-65.229736328125
-65.96360778808526,-65.21670532226562
-65.9552748203719,-65.17249145463074
-65.95457458496026,-65.14950561523438
-65.96233367919852,-65.11984252929688
-65.95937347412044,-65.0784912109375
-65.96496582031185,-65.06317138671875
-65.96265411376885,-65.0509033203125
-65.96632385253841,-65.03179931640625
-65.96099090576105,-65.02297973632812
-65.95864117961963,-65.00697596710985
-65.95081329345635,-65.00778198242188
-65.94281768798758,-65.01690673828125
-65.93988800048758,-65.01431274414062
-65.937423706054,-64.96942138671875
-65.93202972412043,-64.9666748046875
-65.92390441894463,-64.94317626953124
-65.9311752319329,-64.86032104492188
-65.93946075439383,-64.82095336914062
-65.94697570800714,-64.809326171875
-65.95037841796807,-64.81436157226562
-65.95384216308526,-64.8133544921875
-65.95671081542902,-64.82199096679688
-65.96070098876885,-64.8173828125
-65.96410369872979,-64.82241821289062
-65.96810150146418,-64.81781005859375
-65.97203063964778,-64.81927490234375
-65.97460937499933,-64.80731201171875
-65.98764038085869,-64.78628540039062
-65.99085235595638,-64.75860595703125
-65.99526214599544,-64.76251220703125
-66.00025177001886,-64.75674438476562
-66.00312805175714,-64.765380859375
-66.0081176757806,-64.75961303710938
-66.0153198242181,-64.727294921875
-66.0120239257806,-64.71014404296875
-66.01847839355403,-64.70562744140625
-66.0258712768548,-64.7060546875
-66.03179168701105,-64.70513916015625
-66.03772735595636,-64.70425415039062
-66.04224395751886,-64.69601440429688
-66.03993988037044,-64.67767333984375
-66.04360198974541,-64.65240478515625
-66.0362701416009,-64.64596557617188
-66.0333862304681,-64.6373291015625
-66.03699493408136,-64.61810302734375
-66.03269195556574,-64.60211181640625
-66.03625488281185,-64.58892822265625
-66.03147125244075,-64.57049560546875
-66.0325622558587,-64.55722045898439
-66.02962493896419,-64.55465698242188
-66.01715087890558,-64.57223510742188
-66.01089477538996,-64.55255126953125
-66.00534820556574,-64.56802368164062
-65.99790191650322,-64.57373046875
-65.99653625488214,-64.56033325195314
-66.00767517089777,-64.5233154296875
-66.00530242919855,-64.5111083984375
-66.00781249999936,-64.505126953125
-66.00297546386652,-64.4927978515625
-65.99804687499935,-64.49258422851562
-65.9935913085931,-64.49481201171875
-65.99127197265557,-64.47653198242188
-65.98161817097248,-64.49081147410888
-65.97509185855854,-64.46718209941626
-65.97432873190827,-64.43644889126429
-65.957093905072,-64.43913056187849
-65.95338439941338,-64.46395874023438
-65.94685363769464,-64.4805908203125
-65.94239807128838,-64.48281860351562
-65.9389343261712,-64.48388671875
-65.92899322509699,-64.4954833984375
-65.9214096069329,-64.519287109375
-65.91847229003838,-64.51675415039062
-65.90752410888604,-64.52951049804688
-65.90823364257747,-64.56454467773438
-65.90373229980399,-64.57275390625
-65.90387725830011,-64.5546875
-65.90003967285087,-64.54122924804688
-65.8965301513665,-64.54827880859376
-65.8862991333001,-64.5333251953125
-65.88032531738212,-64.540283203125
-65.88311767578058,-64.56091308593751
-65.881027221679,-64.57525634765625
-65.8829269409173,-64.58502197265625
-65.88685607910088,-64.58639526367188
-65.88969421386649,-64.60101318359375
-65.8911132812493,-64.60833740234376
-65.8861312866204,-64.61410522460938
-65.88199615478445,-64.63677978515625
-65.87355804443291,-64.64358520507812
-65.87198638915945,-64.65432739257812
-65.85053253173758,-64.68209838867188
-65.84362030029227,-64.68414306640625
-65.84005737304618,-64.69720458984375
-65.83460235595633,-64.70050048828125
-65.82875786559926,-64.69365698740204
-65.82302093505788,-64.67224121093751
-65.81767300578328,-64.66528817313903
-65.81431607218953,-64.65430184501403
-65.80587796183795,-64.66104622977966
-65.80053738566609,-64.65234872001402
-65.79613522502154,-64.64853402274841
-65.78738428096098,-64.64209516120694
-65.7697296142571,-64.68023681640624
-65.7663192749016,-64.67523193359375
-65.76139831542896,-64.67498779296875
-65.75458526611256,-64.6650390625
-65.74813842773366,-64.66949462890625
-65.74327087402273,-64.66326904296875
-65.7358245849602,-64.66885375976562
-65.73394012451098,-64.6591796875
-65.73697662353443,-64.64974975585938
-65.73324923273826,-64.64135301073564
-65.73571777343676,-64.62451171875
-65.74467468261645,-64.61419677734375
-65.75127410888601,-64.59176635742188
-65.75724029540942,-64.58486938476562
-65.76231384277271,-64.567138671875
-65.76927947997976,-64.55908203125
-65.77709197997976,-64.50543212890625
-65.77623748779224,-64.48861694335938
-65.78124999999926,-64.47683715820312
-65.79266357421803,-64.466552734375
-65.79296874999928,-64.42453002929688
-65.79746246337821,-64.41632080078125
-65.80039978027271,-64.41885375976562
-65.80338287353446,-64.41537475585939
-65.81192779540945,-64.3905029296875
-65.81007385253835,-64.37481689453125
-65.80417633056568,-64.3697509765625
-65.80084991455008,-64.35281372070312
-65.796440124511,-64.34906005859375
-65.79143524169851,-64.36083984375
-65.78607940673758,-64.35223388671875
-65.78110504150318,-64.35803222656251
-65.77577972412037,-64.34344482421875
-65.76278686523365,-64.37051391601562
-65.75396728515554,-64.36297607421875
-65.74753570556568,-64.36752319335938
-65.74248504638598,-64.38528442382814
-65.73616790771413,-64.37185668945312
-65.7314071655266,-64.34771728515625
-65.72309875488207,-64.33660888671875
-65.71670532226489,-64.33517456054688
-65.7032852172844,-64.35382080078125
-65.70320129394459,-64.36575317382812
-65.69621276855395,-64.37982177734375
-65.69513702392504,-64.3929443359375
-65.68718719482348,-64.40219116210938
-65.68424987792895,-64.399658203125
-65.67527008056567,-64.416015625
-65.66931152343676,-64.42294311523438
-65.66823577880787,-64.43603515625001
-65.65678405761645,-64.4522705078125
-65.6538467407219,-64.44973754882812
-65.64788818359301,-64.45666503906249
-65.64425659179614,-64.48153686523439
-65.6412734985344,-64.4849853515625
-65.63492584228442,-64.4775390625
-65.63146972656173,-64.47857666015625
-65.62802124023364,-64.47964477539062
-65.62662506103439,-64.46646118164064
-65.6351470947258,-64.44775390625
-65.63890075683517,-64.40496826171875
-65.63414764404222,-64.38092041015625
-65.63938140869068,-64.33343505859375
-65.6321868896477,-64.3033447265625
-65.63435363769455,-64.271240234375
-65.65090942382737,-64.21929931640625
-65.65730285644457,-64.22073364257812
-65.66420745849534,-64.21856689453125
-65.66961669921801,-64.22113037109375
-65.67652893066332,-64.218994140625
-65.6894149780266,-64.203857421875
-65.69145965576098,-64.1895751953125
-65.68906402587818,-64.17755126953125
-65.6807479858391,-64.16656494140625
-65.67838287353442,-64.1485595703125
-65.6854095458977,-64.12249755859375
-65.6923141479485,-64.12030029296875
-65.69672393798754,-64.1240234375
-65.70021057128834,-64.116943359375
-65.69489288330003,-64.09646606445312
-65.69800567626879,-64.06307983398438
-65.69219207763598,-64.04022216796875
-65.68335723876879,-64.0328369140625
-65.67742156982347,-64.03982543945312
-65.67139434814379,-64.06475830078125
-65.64411926269455,-64.10577392578125
-65.63709259033126,-64.13180541992188
-65.63414764404222,-64.12933349609375
-65.63015747070237,-64.13995361328125
-65.62373352050706,-64.14453125
-65.62069702148362,-64.159912109375
-65.61574554443283,-64.16574096679688
-65.61484527587814,-64.14901733398438
-65.61880493163986,-64.14437866210936
-65.62532043456955,-64.12191772460938
-65.62046051025317,-64.10986328125
-65.61853027343673,-64.10028076171875
-65.61412048339768,-64.09658813476562
-65.61115264892504,-64.10006713867188
-65.60820770263595,-64.09759521484375
-65.60424041747972,-64.10226440429688
-65.59974670410082,-64.11642456054688
-65.5819015502922,-64.1373291015625
-65.57794952392503,-64.1419677734375
-65.57500457763597,-64.13949584960938
-65.55909151599363,-64.16190455834662
-65.55257415771408,-64.19232177734375
-65.55640411376876,-64.21145629882812
-65.5493621826164,-64.23736572265625
-65.54792785644455,-64.23016357421875
-65.54499053955,-64.22769165039064
-65.54201507568283,-64.23117065429688
-65.54109191894455,-64.220458984375
-65.5376434326164,-64.22152709960939
-65.54170227050703,-64.1990966796875
-65.54026794433517,-64.19192504882812
-65.53633880615156,-64.19061279296875
-65.53393554687422,-64.17864990234375
-65.52840423583906,-64.1998291015625
-65.5201339721672,-64.1829833984375
-65.51995849609297,-64.12127685546875
-65.51446533203047,-64.13653564453125
-65.510566711425,-64.1292724609375
-65.52117919921797,-64.0726318359375
-65.52459716796795,-64.07748413085938
-65.52709197997969,-64.07159423828125
-65.52481079101483,-64.02999877929688
-65.52288055419844,-64.02047729492188
-65.51651763915937,-64.01318359375
-65.5235595703117,-63.97540283203125
-65.52645874023362,-63.98968505859374
-65.53731536865155,-63.98281860351563
-65.54421234130785,-63.98062133789063
-65.55014801025314,-63.973602294921875
-65.55652618408125,-63.98089599609375
-65.56197357177656,-63.97149658203126
-65.56441497802659,-63.977508544921875
-65.57080841064376,-63.978851318359375
-65.57674407958908,-63.97186279296877
-65.5793380737297,-63.93621826171875
-65.5837783813469,-63.93392944335938
-65.58722686767503,-63.93280029296875
-65.5916900634758,-63.924560546875
-65.59075927734298,-63.90789794921874
-65.59619140624923,-63.9044189453125
-65.60159301757736,-63.90692138671875
-65.60753631591722,-63.89990234375
-65.60860443115158,-63.87490844726563
-65.60274505615158,-63.85812377929688
-65.6037521362297,-63.85098266601563
-65.61215972900314,-63.838043212890625
-65.61269378662033,-63.82257080078125
-65.60343170165937,-63.7890625
-65.5985031127922,-63.78900146484375
-65.59408569335862,-63.785369873046875
-65.58371734619064,-63.79473876953126
-65.57487487792893,-63.78744506835938
-65.56893157958908,-63.800445556640625
-65.56692504882734,-63.814697265625
-65.56297302246018,-63.819366455078125
-65.55708312988202,-63.81451416015624
-65.5496826171867,-63.82034301757813
-65.54472351074142,-63.83215332031252
-65.5407867431633,-63.830902099609375
-65.53589630126875,-63.818939208984375
-65.53643035888595,-63.80349731445312
-65.53050994872967,-63.810546875
-65.5285644531242,-63.801025390625
-65.53011322021406,-63.77255249023438
-65.52471923828047,-63.76416015625001
-65.52377319335858,-63.74752807617188
-65.52824401855392,-63.7274169921875
-65.53171539306561,-63.714385986328125
-65.5248260498039,-63.71667480468751
-65.5233612060539,-63.70956420898439
-65.52684020996016,-63.69061279296876
-65.52389526367111,-63.68820190429689
-65.5219497680656,-63.67276000976563
-65.51355743408124,-63.68572998046876
-65.50961303710861,-63.6904296875
-65.50667572021405,-63.68801879882813
-65.50271606445233,-63.692718505859375
-65.50266265869064,-63.72235107421876
-65.49420166015548,-63.764923095703125
-65.48976898193281,-63.76129150390625
-65.48734283447187,-63.74942016601563
-65.48144531249922,-63.74462890624999
-65.47949981689375,-63.735107421875
-65.47506713867108,-63.7374267578125
-65.47209167480388,-63.746856689453125
-65.47251892089763,-63.77291870117188
-65.47982788085858,-63.802642822265625
-65.48523712158122,-63.80508422851563
-65.4871826171867,-63.814605712890625
-65.48170471191327,-63.83581542968749
-65.4743728637687,-63.81793212890626
-65.46846771240156,-63.81903076171876
-65.46503448486247,-63.814239501953125
-65.46108245849528,-63.81890869140625
-65.4645004272453,-63.82962036132812
-65.46839904785075,-63.84271240234375
-65.45803070068278,-63.85198974609376
-65.46192932128828,-63.8651123046875
-65.46041870117108,-63.87570190429688
-65.46580505371014,-63.88409423828126
-65.47267913818281,-63.887786865234375
-65.46412658691325,-63.94207763671875
-65.45914459228435,-63.959716796875
-65.44876861572183,-63.96896362304688
-65.44319915771403,-64.00787353515625
-65.43729400634685,-64.0089111328125
-65.43335723876872,-64.00762939453125
-65.42469787597577,-64.0736083984375
-65.42071533203044,-64.08413696289062
-65.40389251708902,-64.103759765625
-65.40245056152263,-64.09661865234375
-65.40841674804605,-64.08380126953125
-65.40711212158122,-64.04718017578125
-65.39820861816324,-64.05755615234375
-65.38991546630778,-64.04080200195312
-65.3869400024406,-64.04428100585938
-65.38710021972574,-64.00888061523438
-65.3836746215812,-64.00408935546875
-65.38080596923746,-63.98394775390625
-65.37687683105385,-63.982696533203125
-65.37194824218668,-63.982574462890625
-65.36553955078043,-63.987152099609375
-65.36365509033122,-63.96588134765626
-65.35871124267494,-63.97164916992188
-65.3526687622062,-64.008056640625
-65.3487319946281,-64.00677490234375
-65.34277343749916,-64.01959228515625
-65.336868286132,-64.0206298828125
-65.33392333984291,-64.0181884765625
-65.32799530029214,-64.02511596679688
-65.32646942138588,-64.03567504882814
-65.32006835937418,-64.04022216796875
-65.31700897216713,-64.06134033203125
-65.31262969970619,-64.05178833007812
-65.31366729736243,-64.03887939453125
-65.30821990966712,-64.04815673828126
-65.30477142333899,-64.04925537109375
-65.29816436767493,-64.09490966796875
-65.28433990478432,-64.1051025390625
-65.26771470941203,-64.11796959725092
-65.27258300781165,-64.09539794921875
-65.28049468994055,-64.08621215820312
-65.27857208251868,-64.07678222656251
-65.2870483398429,-64.05230712890625
-65.28463745117104,-64.04049682617188
-65.27777099609291,-64.03680419921876
-65.27242279052649,-64.0225830078125
-65.26489257812415,-64.0576171875
-65.26048278808508,-64.05398559570312
-65.2575073242179,-64.05743408203125
-65.25350952148354,-64.07373046875
-65.24658203124913,-64.081787109375
-65.24118804931557,-64.07928466796875
-65.23434448242101,-64.0697021484375
-65.22598266601476,-64.0706787109375
-65.22058105468665,-64.06817626953126
-65.21761322021396,-64.07162475585938
-65.21125793456946,-64.06442260742188
-65.202362060546,-64.07473754882812
-65.19495391845614,-64.08038330078125
-65.18955993652256,-64.07791137695312
-65.18611145019443,-64.0789794921875
-65.17230224609285,-64.08914184570314
-65.16593933105382,-64.08197021484375
-65.16159057617098,-64.066650390625
-65.1531982421866,-64.07342529296876
-65.13960266113193,-64.036865234375
-65.13878631591707,-63.99713134765626
-65.15023040771396,-63.9635009765625
-65.14878082275301,-63.95648193359376
-65.14485168456943,-63.95523071289063
-65.14246368408115,-63.93765258789063
-65.13706207275303,-63.935211181640625
-65.13063812255768,-63.945587158203125
-65.12232208251864,-63.934906005859375
-65.1188507080069,-63.94183349609375
-65.11929321288972,-63.955841064453125
-65.11529541015535,-63.97207641601563
-65.11866760253818,-63.98849487304689
-65.11373138427646,-63.99420166015624
-65.1079101562491,-63.977752685546875
-65.10103607177643,-63.974090576171875
-65.10110473632723,-63.95660400390625
-65.09517669677643,-63.96347045898438
-65.09173583984284,-63.96456909179688
-65.09033203124909,-63.94589233398438
-65.09686279296785,-63.906402587890625
-65.08957672119051,-63.88293457031251
-65.08663177490145,-63.88055419921875
-65.08267974853425,-63.88513183593751
-65.07970428466706,-63.8944091796875
-65.07675933837801,-63.89202880859375
-65.07533264160068,-63.879180908203125
-65.070899963378,-63.88143920898439
-65.06938934326081,-63.891876220703125
-65.0781478881827,-63.91650390624999
-65.07762908935456,-63.925811767578125
-65.07269287109284,-63.931549072265625
-65.0624313354483,-63.911529541015646
-65.0551300048819,-63.89395141601563
-65.0507583618155,-63.87872314453125
-65.04735565185456,-63.86819458007813
-65.04390716552642,-63.86929321289063
-65.03907012939362,-63.84594726562501
-65.04256439208895,-63.827392578125
-65.04110717773344,-63.82040405273438
-65.03026580810453,-63.8330078125
-65.02783966064362,-63.82135009765626
-65.03034210204987,-63.803955078125
-65.02889251708893,-63.79693603515624
-65.02445983886626,-63.799224853515625
-65.02103424072175,-63.79449462890625
-65.01914978027253,-63.76196289062501
-65.02359008788972,-63.75387573242188
-65.02897644042876,-63.7620849609375
-65.03383636474517,-63.78540039062501
-65.03678894042878,-63.78195190429688
-65.0529403686514,-63.80664062499999
-65.06082916259675,-63.79742431640626
-65.06621551513581,-63.80566406250001
-65.07162475585845,-63.80224609375001
-65.07410430908114,-63.79064941406251
-65.07120513915926,-63.776611328125014
-65.06480407714751,-63.78118896484375
-65.0501022338858,-63.76351928710937
-65.0457305908194,-63.742523193359375
-65.04625701904205,-63.7274169921875
-65.04034423828035,-63.73431396484376
-65.03841400146393,-63.71917724609375
-65.04087829589753,-63.71337890625001
-65.03646850585845,-63.7098388671875
-65.029151916503,-63.68069458007813
-65.03161621093658,-63.6749267578125
-65.03800201415923,-63.68194580078126
-65.04140472412017,-63.69827270507813
-65.04878234863192,-63.69253540039062
-65.0522232055655,-63.69140625
-65.05614471435455,-63.69842529296876
-65.06009674072176,-63.68798828125001
-65.06501007079987,-63.68804931640625
-65.06992340087798,-63.682281494140625
-65.07044219970612,-63.67297363281251
-65.06063079833893,-63.66122436523438
-65.05623626708892,-63.64605712890626
-65.05919647216706,-63.63677978515626
-65.06410217285067,-63.64263916015624
-65.06264495849518,-63.62982177734375
-65.06510925292878,-63.62402343750001
-65.06853485107331,-63.63452148437501
-65.06900024413972,-63.654327392578125
-65.07880401611239,-63.66604614257813
-65.08471679687409,-63.65911865234374
-65.08718872070222,-63.647491455078125
-65.08377838134675,-63.63116455078126
-65.08527374267487,-63.6148681640625
-65.08085632324128,-63.61132812500001
-65.07643890380767,-63.6077880859375
-65.07596588134675,-63.5880126953125
-65.07990264892487,-63.58917236328125
-65.08580017089751,-63.58807373046875
-65.09367370605379,-63.57879638671874
-65.0961380004874,-63.567138671875
-65.09222412109284,-63.55429077148437
-65.08287811279206,-63.55657958984375
-65.07943725585848,-63.5577392578125
-65.07797241210847,-63.55072021484375
-65.08338928222562,-63.53561401367187
-65.07750701904209,-63.519287109375
-65.08144378662018,-63.50881958007813
-65.09568786621004,-63.51815795898438
-65.09766387939364,-63.49838256835938
-65.09324645996004,-63.48904418945313
-65.08783721923739,-63.492523193359375
-65.08636474609284,-63.485504150390625
-65.09078979492098,-63.46569824218751
-65.09669494628817,-63.458740234375
-65.09804971144013,-63.443641073671905
-65.09423828124908,-63.44125366210938
-65.09423828124908,-63.42959594726563
-65.09719085693268,-63.42608642578126
-65.10013580322176,-63.42840576171875
-65.1129150390616,-63.41326904296874
-65.11634826660067,-63.38290405273437
-65.11042785644443,-63.349090576171875
-65.10157775878815,-63.34213256835937
-65.09813690185457,-63.34332275390625
-65.09076690673736,-63.34335327148438
-65.08536529540926,-63.34686279296874
-65.08140563964751,-63.31076049804687
-65.08530426025298,-63.28277587890625
-65.08426666259675,-63.237335205078125
-65.08523559570224,-63.23034667968751
-65.0926055908194,-63.22445678710937
-65.11033630371004,-63.25579833984375
-65.12112426757724,-63.237030029296875
-65.12210083007722,-63.23004150390625
-65.11666107177643,-63.21023559570312
-65.12156677246003,-63.204345703125
-65.13683319091706,-63.22406005859375
-65.14176940917878,-63.2357177734375
-65.14717102050693,-63.232147216796875
-65.150604248046,-63.21926879882813
-65.14761352538976,-63.19943237304687
-65.15200805663973,-63.18536376953125
-65.14904785156162,-63.177215576171875
-65.1446228027335,-63.17959594726562
-65.14017486572176,-63.164459228515625
-65.14112854003818,-63.151611328125
-65.13716888427645,-63.138824462890625
-65.13909149169834,-63.118927001953125
-65.1439895629874,-63.11303710937499
-65.16123962402256,-63.13034057617188
-65.1670837402335,-63.11157226562501
-65.1680145263663,-63.08700561523438
-65.1576385498038,-63.0672607421875
-65.15470123290928,-63.070831298828125
-65.14781188964754,-63.06741333007814
-65.14241027831943,-63.07101440429688
-65.13502502441318,-63.065277099609375
-65.13158416747959,-63.06649780273438
-65.1281509399405,-63.067718505859375
-65.12710571288974,-63.04556274414063
-65.131935119628,-63.01629638671876
-65.12747955322176,-63.00701904296874
-65.12346649169834,-62.98260498046876
-65.1175537109366,-62.97802734375
-65.10924530029206,-62.991027832031264
-65.11032104492098,-63.01901245117188
-65.10593414306553,-63.03308105468751
-65.100929260253,-63.003997802734375
-65.09599304199129,-62.998260498046875
-65.08962249755768,-63.0030517578125
-65.08525085449128,-63.022918701171875
-65.08132171630768,-63.02185058593751
-65.0774154663077,-63.032379150390625
-65.07300567626862,-63.0347900390625
-65.06037997255478,-63.04860970599206
-65.04943847656158,-63.03982543945311
-65.04498291015531,-63.03057861328125
-65.04195404052643,-63.00506591796876
-65.0375061035147,-62.99581909179687
-65.02618408203033,-62.989044189453125
-65.02128601074126,-62.99496459960939
-65.01985168456939,-63.005462646484375
-65.02976226806548,-63.03433227539063
-65.03279876708893,-63.065673828125
-65.03824615478425,-63.07955932617188
-65.03537750244048,-63.112152099609375
-65.03242492675689,-63.10986328125
-65.02947998046784,-63.11340332031251
-65.03097534179594,-63.120361328125
-65.03246307372955,-63.1273193359375
-65.029037475585,-63.13433837890626
-65.02954864501862,-63.14245605468749
-65.02710723876862,-63.14828491210938
-65.02365875244048,-63.14367675781251
-65.01827239990142,-63.153045654296875
-65.01676940917876,-63.14028930664064
-65.0138320922842,-63.143798828125
-65.01094818115142,-63.17636108398438
-65.00800323486236,-63.17987060546876
-65.00505065917876,-63.177581787109375
-64.99377441406158,-63.18817138671875
-64.99282073974516,-63.20672607421874
-64.9888992309561,-63.21142578125
-64.9844818115225,-63.213775634765625
-64.97218322753812,-63.202301025390625
-64.96781158447173,-63.23364257812499
-64.96485900878812,-63.231353759765625
-64.96047973632719,-63.2626953125
-64.95410156249905,-63.267364501953125
-64.94964599609278,-63.240753173828125
-64.95498657226467,-63.20245361328125
-64.94857788085844,-63.18978881835938
-64.9455947875967,-63.17010498046874
-64.94264221191311,-63.16784667968749
-64.94016265869044,-63.156280517578125
-64.94152872449563,-63.12949008230644
-64.93713378906153,-63.1192626953125
-64.94248962402249,-63.09832763671875
-64.93904113769437,-63.09375
-64.93607330322173,-63.08569335937501
-64.93115997314356,-63.08575439453126
-64.9281616210928,-63.06610107421875
-64.92228698730375,-63.07315063476562
-64.92231750488185,-63.084716796875
-64.91693878173731,-63.09405517578124
-64.90511322021388,-63.07919311523438
-64.90262603759669,-63.06765747070313
-64.90943145751858,-63.0421142578125
-64.91035461425687,-63.0235595703125
-64.91426849365139,-63.018890380859375
-64.92066192626858,-63.019927978515625
-64.92359924316311,-63.01641845703125
-64.92843627929591,-62.9931640625
-64.92643737792874,-62.98394775390625
-64.92104339599513,-62.987518310546875
-64.91611480712795,-62.98181152343749
-64.91310119628811,-62.96221923828125
-64.91690826415919,-62.9285888671875
-64.92179870605372,-62.92269897460938
-64.92673492431544,-62.928375244140625
-64.93016815185452,-62.92715454101563
-64.93448638915919,-62.901580810546875
-64.92903137206937,-62.8878173828125
-64.91870880126858,-62.88571166992188
-64.91999053954983,-62.84054565429688
-64.91703033447172,-62.83831787109375
-64.91166687011624,-62.847686767578125
-64.90918731689358,-62.84197998046875
-64.90625762939356,-62.84552001953126
-64.90583038329981,-62.860565185546875
-64.89951324462795,-62.87689208984374
-64.8960571289053,-62.872344970703125
-64.89257812499903,-62.862030029296875
-64.89384701775656,-62.847383647649
-64.8875885009756,-62.844818115234375
-64.88363647460841,-62.837982177734375
-64.87827301025293,-62.84735107421874
-64.87335968017481,-62.84747314453125
-64.8713302612295,-62.832489013671875
-64.87418365478419,-62.8116455078125
-64.86771392822168,-62.7933349609375
-64.86372375488183,-62.78073120117188
-64.85786437988183,-62.78781127929688
-64.8609008789053,-62.80737304687499
-64.85414123535058,-62.83294677734375
-64.84873199462793,-62.83074951171875
-64.84041595458886,-62.837890625
-64.83703613281153,-62.85064697265625
-64.83215332031153,-62.85653686523438
-64.82869720458885,-62.85198974609375
-64.82378387451075,-62.85211181640625
-64.82022857665916,-62.82452392578124
-64.81581878662013,-62.82696533203125
-64.8118896484365,-62.825927734375
-64.80744934081933,-62.82257080078125
-64.80544281005761,-62.813385009765625
-64.80966186523338,-62.77066040039063
-64.8145446777334,-62.76477050781249
-64.8178863525381,-62.746246337890625
-64.82619476318263,-62.73907470703126
-64.83387756347557,-62.70654296875001
-64.84803009033105,-62.692291259765625
-64.8523178100576,-62.66677856445313
-64.86213684081935,-62.66647338867188
-64.86798858642481,-62.659362792968736
-64.86745452880763,-62.651275634765625
-64.8713531494131,-62.64654541015625
-64.87431335449122,-62.64874267578125
-64.88016510009669,-62.641632080078125
-64.89277648925685,-62.61462402343751
-64.89620208740138,-62.61334228515625
-64.89966583251856,-62.61785888671875
-64.90505218505764,-62.61419677734375
-64.91411590576075,-62.57110595703125
-64.91302490234278,-62.55493164062501
-64.9085845947256,-62.551605224609375
-64.90515136718653,-62.55291748046875
-64.89723968505764,-62.54510498046874
-64.89136505126856,-62.54644775390625
-64.88738250732325,-62.5396728515625
-64.88395690917874,-62.54095458984376
-64.87994384765528,-62.52838134765626
-64.88422393798731,-62.50860595703126
-64.89202117919825,-62.4990234375
-64.88436889648341,-62.458892822265625
-64.88720703124903,-62.4437255859375
-64.88466644287014,-62.432281494140625
-64.88021850585842,-62.42901611328126
-64.8796310424795,-62.41516113281251
-64.87559637372965,-62.40702309226204
-64.87499999999903,-62.3887939453125
-64.87157440185452,-62.39007568359374
-64.8671264648428,-62.386810302734375
-64.86323547363185,-62.39160156249999
-64.86188507079979,-62.4078369140625
-64.85883923345395,-62.412391861572495
-64.8654005127508,-62.43637867797874
-64.86464691162013,-62.44812011718751
-64.86172485351464,-62.45172119140624
-64.86143364416536,-62.46010233751752
-64.85588073730372,-62.45886230468749
-64.85791015624902,-62.468017578125
-64.84986114501856,-62.5098876953125
-64.84557342529199,-62.5296630859375
-64.83914184570214,-62.52297973632813
-64.83341217040918,-62.54742431640626
-64.83187571535973,-62.57028934797354
-64.82326807566108,-62.58197851753385
-64.81948852538963,-62.596343994140625
-64.81461334228418,-62.602264404296875
-64.81014251708888,-62.59320068359375
-64.80728912353415,-62.60827636718751
-64.79945373535057,-62.61199951171874
-64.797607421874,-62.63165283203125
-64.79125213622947,-62.63644409179687
-64.78890228271386,-62.65380859374999
-64.78446197509665,-62.650482177734375
-64.78453063964744,-62.6619873046875
-64.78160858154197,-62.66552734375001
-64.784534108215,-62.68440499151602
-64.7795192703964,-62.71276797220738
-64.76721633972657,-62.70031062050008
-64.75696563720601,-62.649078369140625
-64.75736999511618,-62.634124755859375
-64.76502227783105,-62.601654052734375
-64.76000976562399,-62.5845947265625
-64.76141357421774,-62.57418823242188
-64.75736999511619,-62.555938720703125
-64.75827026367088,-62.543243408203125
-64.75289154052633,-62.546875
-64.74841308593649,-62.53787231445313
-64.74401092529196,-62.540313720703125
-64.74198913574118,-62.53118896484375
-64.73754882812399,-62.527923583984375
-64.72975921630758,-62.537384033203125
-64.72531890869041,-62.53411865234375
-64.7238082885732,-62.52728271484376
-64.7306137084951,-62.51898193359374
-64.73248291015524,-62.50512695312499
-64.73138427734276,-62.489105224609375
-64.72706604003807,-62.5030517578125
-64.72025299072163,-62.5113525390625
-64.71549224853412,-62.534484863281236
-64.71160888671774,-62.53921508789064
-64.70861053466693,-62.531280517578125
-64.70518493652241,-62.532562255859375
-64.70288085937399,-62.555572509765625
-64.69949340820212,-62.56259155273438
-64.69602966308491,-62.55813598632813
-64.69018554687398,-62.56521606445313
-64.68769073486224,-62.5595703125
-64.68235778808489,-62.56893920898438
-64.67838287353412,-62.56219482421875
-64.67257690429585,-62.57501220703124
-64.6696166992177,-62.57281494140626
-64.66572570800678,-62.57754516601563
-64.66027832031145,-62.5697021484375
-64.65543365478412,-62.581329345703125
-64.64844512939348,-62.56097412109375
-64.64065551757707,-62.57040405273438
-64.6317749023427,-62.56384277343751
-64.6288223266591,-62.561676025390625
-64.62730407714739,-62.55487060546876
-64.63902282714739,-62.54644775390625
-64.64669799804584,-62.51983642578126
-64.6470794677724,-62.504913330078125
-64.64408111572162,-62.497039794921875
-64.63291168212785,-62.51348876953126
-64.63198089599507,-62.5203857421875
-64.62757873535051,-62.52282714843751
-64.62518486413568,-62.51743907661962
-64.6316986083974,-62.4803466796875
-64.63009643554584,-62.46212768554688
-64.61402130126848,-62.47875976562501
-64.61282348632707,-62.51766967773437
-64.60993957519425,-62.52691650390626
-64.60593414306535,-62.514495849609375
-64.60149383544815,-62.51123046875001
-64.59587860107315,-62.48059082031251
-64.59828948974501,-62.47479248046875
-64.59626770019425,-62.46572875976562
-64.59034729003801,-62.461395263671875
-64.58628845214739,-62.44329833984375
-64.58815002441301,-62.42950439453125
-64.59208679199112,-62.430511474609375
-64.59655761718643,-62.43945312500001
-64.5974044799794,-62.42114257812501
-64.60129547119035,-62.41641235351562
-64.60818481445207,-62.4195556640625
-64.60781097412006,-62.43441772460938
-64.61322021484268,-62.436492919921875
-64.61579895019428,-62.45355224609375
-64.61875915527237,-62.4556884765625
-64.62362670898334,-62.44979858398438
-64.62641143798723,-62.4290771484375
-64.626838684081,-62.419921875
-64.63081359863178,-62.42660522460938
-64.63803100585832,-62.40917968750001
-64.6415100097646,-62.413604736328125
-64.64780426025285,-62.40304565429688
-64.65275573730365,-62.4085693359375
-64.65766143798724,-62.408355712890625
-64.66446685790912,-62.40005493164063
-64.6703491210927,-62.398651123046875
-64.67169189453021,-62.38253784179688
-64.66710662841693,-62.36212158203126
-64.65493774413959,-62.374114990234375
-64.64309692382709,-62.365447998046875
-64.63957977294817,-62.355316162109375
-64.64046478271379,-62.34271240234374
-64.64828491210835,-62.33892822265624
-64.64962005615132,-62.32281494140625
-64.65498352050678,-62.31915283203126
-64.65197753906145,-62.31127929687499
-64.6592864990224,-62.30520629882813
-64.66511535644428,-62.29806518554688
-64.66766357421771,-62.309417724609375
-64.67308044433493,-62.31146240234375
-64.6769638061513,-62.30670166015625
-64.68141174316303,-62.3099365234375
-64.68220520019428,-62.34658813476562
-64.6856307983388,-62.34527587890624
-64.69090270995991,-62.33013916015625
-64.6950225830068,-62.35403442382812
-64.6994247436513,-62.35153198242188
-64.70238494872946,-62.35369873046875
-64.70349121093648,-62.36972045898437
-64.70988464355366,-62.37057495117188
-64.71385955810445,-62.3773193359375
-64.71974945068258,-62.37591552734376
-64.72506713867085,-62.36648559570313
-64.73191833495991,-62.3638916015625
-64.73538970947166,-62.36831665039063
-64.73928070068258,-62.363555908203125
-64.74326324462791,-62.370269775390625
-64.74913787841697,-62.368865966796875
-64.75260925292868,-62.373321533203125
-64.75747680663962,-62.36737060546876
-64.75424194335838,-62.330718994140625
-64.75858306884666,-62.322479248046875
-64.75987243652244,-62.300567626953125
-64.76672363281149,-62.297943115234375
-64.77107238769429,-62.28967285156251
-64.76443481445213,-62.260101318359375
-64.77159118652244,-62.23675537109375
-64.75911712646383,-62.21435546875
-64.75425720214743,-62.2203369140625
-64.75027465820212,-62.213623046875
-64.74741363525291,-62.22299194335938
-64.74056243896383,-62.225616455078146
-64.73099517822163,-62.199676513671875
-64.73352040446557,-62.156187663890066
-64.72311333620617,-62.17449912743811
-64.71053314208882,-62.16397094726563
-64.70762634277241,-62.167572021484375
-64.69668231288698,-62.166453073529155
-64.69034576415912,-62.15698242187499
-64.6858978271474,-62.15380859375
-64.68281555175678,-62.14019775390626
-64.68807220458882,-62.125
-64.69104003906148,-62.12713623046876
-64.69976806640523,-62.116363525390625
-64.69914245605364,-62.10263061523437
-64.6937179565419,-62.10064697265626
-64.69599151611227,-62.08328247070313
-64.69896697997943,-62.08541870117187
-64.70290374755754,-62.08636474609374
-64.70672607421776,-62.0758056640625
-64.7112350463857,-62.08474731445313
-64.72138214111227,-62.06927490234376
-64.7260055541982,-62.040283203125
-64.72051239013568,-62.03259277343749
-64.7132186889638,-62.03872680664062
-64.7103042602529,-62.04232788085936
-64.7043762207021,-62.0380859375
-64.69707489013568,-62.044219970703125
-64.6926803588857,-62.046783447265625
-64.6915893554677,-62.0364990234375
-64.70025634765521,-62.01995849609376
-64.70013427734274,-62.008483886718736
-64.69561767578023,-61.99957275390625
-64.69737243652241,-61.97998046875001
-64.68497467040912,-61.96923828125
-64.68957519531148,-61.94030761718749
-64.68802642822165,-61.93350219726563
-64.68363189697163,-61.93606567382813
-64.68085479736223,-61.95117187500001
-64.67407989501851,-61.9595947265625
-64.67150115966693,-61.94827270507811
-64.67388916015521,-61.9423828125
-64.6723480224599,-61.93560791015625
-64.66846466064351,-61.94042968750001
-64.66677856445207,-61.92221069335937
-64.65213012695209,-61.97235107421875
-64.64961242675676,-61.96676635742188
-64.65187835693256,-61.949462890625
-64.64974975585835,-61.93469238281249
-64.63883972167865,-61.925079345703125
-64.63909912109273,-61.90447998046876
-64.6350936889638,-61.897857666015625
-64.62832641601457,-61.90628051757812
-64.62458038329974,-61.922515869140625
-64.6262588500966,-61.94073486328126
-64.617935180663,-61.94235229492187
-64.61231231689348,-61.96670532226563
-64.60359954833878,-61.9775390625
-64.60005187988178,-61.96746826171875
-64.60379791259659,-61.95123291015626
-64.60173797607317,-61.94219970703124
-64.5987701416005,-61.940093994140625
-64.59347534179582,-61.94955444335938
-64.59050750732315,-61.94744873046876
-64.59031677245989,-61.930328369140625
-64.58638000488176,-61.929443359375
-64.58251190185439,-61.93423461914063
-64.57360076904189,-61.927947998046875
-64.56805419921768,-61.914581298828125
-64.5708923339833,-61.90527343750001
-64.57437896728409,-61.90960693359375
-64.58076477050675,-61.91036987304688
-64.57863616943253,-61.89566040039062
-64.57418060302626,-61.89251708984374
-64.57405090331923,-61.881103515625014
-64.57991790771378,-61.87960815429687
-64.58882904052628,-61.885894775390625
-64.59172821044814,-61.88226318359375
-64.59577941894425,-61.851165771484375
-64.59505462646379,-61.831787109375
-64.59194946288956,-61.81829833984375
-64.58710479736223,-61.82431030273437
-64.58224487304581,-61.78695678710937
-64.57836914062395,-61.791778564453125
-64.57717132568253,-61.81353759765625
-64.57137298583878,-61.820770263671875
-64.5688400268544,-61.81524658203126
-64.56311798095595,-61.82818603515625
-64.55872344970597,-61.83074951171875
-64.55465698242081,-61.81845092773438
-64.54975891113175,-61.81878662109375
-64.54723358154189,-61.813232421875
-64.54195404052628,-61.82269287109376
-64.53898620605362,-61.82061767578125
-64.5343933105458,-61.80612182617188
-64.53260040283095,-61.81991577148438
-64.52873229980361,-61.82470703125
-64.52576446533095,-61.82263183593749
-64.52441406249892,-61.83297729492187
-64.50990295410047,-61.850982666015625
-64.5073242187489,-61.83978271484375
-64.51157379150281,-61.82583618164063
-64.51277923583875,-61.80413818359375
-64.5050506591786,-61.81372070312501
-64.49859619140516,-61.807342529296875
-64.49227905273327,-61.812286376953125
-64.48947143554578,-61.784027099609396
-64.49230194091685,-61.77474975585938
-64.49534606933484,-61.78250122070312
-64.49824523925672,-61.778900146484375
-64.49855041503797,-61.764099121093764
-64.50241088867078,-61.75927734375
-64.50455474853406,-61.77392578125
-64.50952911376845,-61.77929687499999
-64.51532745361219,-61.77206420898438
-64.51785278320204,-61.777587890625
-64.52164459228408,-61.76708984375001
-64.528091430663,-61.773468017578125
-64.53777313232312,-61.761444091796875
-64.54244232177626,-61.7440185546875
-64.54631042480361,-61.73919677734375
-64.5492858886708,-61.74127197265626
-64.55604553222548,-61.73281860351562
-64.55976104736223,-61.716583251953125
-64.5631790161122,-61.7152099609375
-64.56763458251847,-61.71832275390625
-64.57291412353409,-61.708831787109375
-64.57691955566301,-61.71539306640625
-64.58078002929582,-61.71057128906249
-64.58494567870989,-61.69085693359376
-64.5884399414052,-61.69515991210938
-64.59668731689348,-61.687744140625
-64.60417938232317,-61.660919189453125
-64.60327911376848,-61.63009643554688
-64.59934234619034,-61.629241943359375
-64.59472656249895,-61.61474609375
-64.58528137206925,-61.606292724609375
-64.5807495117177,-61.597503662109375
-64.57628631591692,-61.59442138671876
-64.5728683471669,-61.59579467773438
-64.56724548339737,-61.614501953125
-64.56225585937392,-61.609130859375014
-64.55593872070206,-61.61419677734374
-64.55342102050675,-61.608673095703125
-64.54948425292862,-61.607818603515625
-64.53589630126845,-61.61907958984376
-64.53091430663954,-61.61373901367188
-64.53201293945204,-61.58630371093751
-64.52554321288954,-61.5799560546875
-64.52265167236219,-61.58361816406251
-64.51967620849501,-61.58154296875
-64.5213623046864,-61.562042236328125
-64.52759552001844,-61.551330566406236
-64.53120422363173,-61.529388427734375
-64.52806854247939,-61.515960693359375
-64.53536224365125,-61.477783203125
-64.53125762939345,-61.46557617187502
-64.5335388183583,-61.45397949218751
-64.53144836425675,-61.445037841796875
-64.52610015869033,-61.44888305664062
-64.52216339111222,-61.44805908203126
-64.51892089843642,-61.46084594726562
-64.5128860473622,-61.451080322265625
-64.5062255859364,-61.46530151367187
-64.50299835204969,-61.446197509765625
-64.49363708495984,-61.44354248046876
-64.49066162109266,-61.44149780273438
-64.48155975341686,-61.45587158203126
-64.47701263427625,-61.447143554687486
-64.47114562988172,-61.448760986328125
-64.4676513671864,-61.44448852539063
-64.45652770995981,-61.45562744140625
-64.45521545410045,-61.46594238281251
-64.45136260986217,-61.470794677734375
-64.45153045654186,-61.48211669921875
-64.46649932861217,-61.4661865234375
-64.47611236572156,-61.48587036132812
-64.483543395995,-61.490997314453125
-64.4848403930653,-61.51248168945313
-64.4904327392567,-61.525726318359375
-64.48516845703014,-61.53521728515625
-64.48637390136608,-61.551055908203125
-64.48014831542858,-61.561767578125
-64.47613525390516,-61.55523681640626
-64.47191619872936,-61.5692138671875
-64.4617462158192,-61.579071044921875
-64.45608520507703,-61.5601806640625
-64.44905853271372,-61.58343505859375
-64.44214630126842,-61.580535888671875
-64.43860626220592,-61.60806274414063
-64.4351119995106,-61.60375976562501
-64.43073272704966,-61.60638427734376
-64.42813110351452,-61.59521484375001
-64.43701171874889,-61.56390380859375
-64.43395996093639,-61.55618286132813
-64.43090820312388,-61.54846191406251
-64.4228286743153,-61.567230224609375
-64.41648864745981,-61.53482055664062
-64.41471862792855,-61.548553466796875
-64.4076232910145,-61.56610107421876
-64.40499877929577,-61.55499267578125
-64.40748596191294,-61.523040771484375
-64.4179229736317,-61.49841308593751
-64.4153060913075,-61.487274169921875
-64.41741943359263,-61.46441650390626
-64.41436004638561,-61.45672607421875
-64.40990447997936,-61.45367431640626
-64.4050827026356,-61.459716796875
-64.40150451660044,-61.449798583984375
-64.39798736572152,-61.477294921875
-64.39511108398322,-61.480926513671875
-64.38565826415903,-61.47259521484374
-64.38295745849494,-61.45581054687499
-64.37849426269416,-61.452789306640625
-64.37377166747933,-61.46447753906251
-64.37123107910043,-61.45901489257813
-64.36641693115119,-61.46505737304688
-64.36100769042852,-61.463226318359375
-64.35917663574104,-61.43960571289063
-64.36818695068244,-61.41961669921876
-64.37124633788947,-61.42730712890625
-64.37474060058481,-61.39984130859376
-64.36942291259652,-61.4036865234375
-64.3673171997059,-61.394775390625
-64.36967468261604,-61.388946533203125
-64.36460876464733,-61.3780517578125
-64.3559494018543,-61.388946533203125
-64.35298156738166,-61.38693237304688
-64.35323333740118,-61.37219238281251
-64.35909271240118,-61.37054443359375
-64.36232757568247,-61.35784912109375
-64.36879730224496,-61.36410522460937
-64.37702178954966,-61.35662841796875
-64.38585662841685,-61.38873291015625
-64.38603973388561,-61.40005493164063
-64.38944244384653,-61.39862060546874
-64.39154815673716,-61.407531738281264
-64.39075469970592,-61.42004394531251
-64.3957366943348,-61.42532348632812
-64.39906311035044,-61.41824340820312
-64.41052246093638,-61.4298095703125
-64.4140243530262,-61.40228271484375
-64.40763854980356,-61.40167236328126
-64.4015197753895,-61.38629150390624
-64.40597534179574,-61.35760498046876
-64.409210205077,-61.34484863281249
-64.41559600829964,-61.34542846679687
-64.41987609863169,-61.337127685546875
-64.4253005981434,-61.33892822265626
-64.42740631103403,-61.347839355468736
-64.4312515258778,-61.342987060546875
-64.43518066406136,-61.311981201171875
-64.43096923828014,-61.294189453125
-64.42755126953016,-61.295623779296875
-64.42501068115124,-61.2901611328125
-64.41434478759653,-61.297882080078125
-64.41031646728403,-61.29144287109373
-64.4050827026356,-61.30096435546875
-64.40418243408092,-61.276092529296875
-64.39937591552622,-61.28216552734374
-64.3953475952137,-61.275726318359375
-64.39193725585824,-61.27716064453125
-64.39035797119026,-61.27050781249999
-64.39069366454963,-61.26138305664062
-64.39602661132702,-61.25753784179686
-64.40132141113168,-61.221923828124986
-64.39869689941293,-61.21081542968751
-64.39527893066291,-61.212249755859375
-64.39123535156135,-61.205810546875
-64.39570617675669,-61.15100097656251
-64.39428710937388,-61.097839355468736
-64.38736724853402,-61.09509277343748
-64.38333129882699,-61.08865356445311
-64.3789672851551,-61.09133911132811
-64.37661743163949,-61.09722900390626
-64.38147735595591,-61.12283325195313
-64.37562561035043,-61.12451171874999
-64.37274169921761,-61.12817382812499
-64.3687057495106,-61.121765136718736
-64.36943054199105,-61.135284423828125
-64.36559295654183,-61.140167236328125
-64.35954284667854,-61.13055419921875
-64.35560607910041,-61.12976074218751
-64.3548431396473,-61.14230346679688
-64.35195922851449,-61.14596557617188
-64.34509277343635,-61.1171875
-64.34081268310432,-61.125488281249986
-64.33687591552619,-61.12472534179688
-64.33476257324104,-61.115875244140625
-64.33019256591682,-61.10723876953124
-64.32444000244027,-61.11456298828125
-64.32231903076055,-61.105743408203125
-64.31944274902229,-61.109375
-64.3159332275379,-61.105224609375
-64.31262969970588,-61.112304687499986
-64.30316925048712,-61.104125976562486
-64.2980651855457,-61.09332275390625
-64.30001068115118,-61.06491088867188
-64.29438781738165,-61.051879882812486
-64.29907226562385,-61.0401611328125
-64.29781341552619,-61.024444580078125
-64.30474090576055,-61.001190185546875
-64.29623413085821,-60.965881347656236
-64.29985809326057,-60.94970703124999
-64.295814514159,-60.94332885742186
-64.29240417480351,-60.94482421875001
-64.28378295898321,-60.92987060546874
-64.26963043212773,-60.93353271484374
-64.26537322997929,-60.941864013671875
-64.26420593261601,-60.93182373046873
-64.25665283203007,-60.92132568359376
-64.2481384277332,-60.93795776367188
-64.24803161620976,-60.95825195312501
-64.24047851562382,-60.973663330078125
-64.23887634277226,-60.99298095703126
-64.23600006103398,-60.99664306640625
-64.23088836669803,-60.985870361328104
-64.21844482421756,-61.00170898437499
-64.21556854247928,-61.00537109374999
-64.2129135131824,-60.994384765625
-64.21057891845584,-60.92257690429687
-64.20578765869021,-60.90280151367188
-64.20207214355347,-60.913330078125
-64.19525909423707,-60.916259765625
-64.19292449951051,-60.922119140625
-64.19356536865115,-60.95578002929686
-64.19068908691285,-60.95944213867186
-64.18675231933472,-60.958709716796875
-64.18377685546754,-60.956756591796875
-64.17665100097535,-60.942871093749986
-64.1672897338855,-60.966247558593736
-64.16239166259646,-60.966735839843736
-64.15696716308472,-60.96505737304686
-64.15526580810425,-60.95285034179687
-64.16334533691285,-60.913848876953125
-64.16153717040895,-60.896057128906236
-64.16854858398315,-60.87850952148438
-64.16641235351439,-60.869720458984375
-64.16895294189331,-60.84924316406251
-64.16438293456909,-60.84072875976561
-64.15905761718628,-60.84466552734374
-64.15001678466673,-60.833251953125
-64.14618682861204,-60.838134765624986
-64.1413116455066,-60.86444091796874
-64.1403656005847,-60.8914794921875
-64.13026428222533,-60.90148925781251
-64.12409210204954,-60.88641357421872
-64.12122344970581,-60.89007568359372
-64.12293243408082,-60.90222167968751
-64.11899566650268,-60.90148925781251
-64.11560058593626,-60.90298461914061
-64.1088943481433,-60.911499023437486
-64.10453796386595,-60.91418457031251
-64.10581207275267,-60.929748535156236
-64.10262298583862,-60.942382812499986
-64.09805297851439,-60.93386840820313
-64.09410858154172,-60.95892333984374
-64.09114074706906,-60.95697021484375
-64.08731079101437,-60.96182250976562
-64.08932495117065,-60.990753173828125
-64.08454132079953,-60.99679565429686
-64.08303833007689,-61.02157592773437
-64.07824707031124,-61.027648925781236
-64.07326507568236,-61.02252197265626
-64.06707763671751,-61.033203125
-64.06357574462764,-61.029052734375
-64.05881500244016,-60.98364257812501
-64.04827117919797,-60.99697875976562
-64.04371643066278,-60.988494873046875
-64.04031372070185,-60.98992919921874
-64.03957366943233,-60.976593017578125
-64.0473327636706,-60.97247314453126
-64.0465927124011,-60.95913696289062
-64.05041503906124,-60.95428466796875
-64.0559463500964,-60.96154785156249
-64.05818176269405,-60.95016479492187
-64.06211090087764,-60.95086669921874
-64.06445312499874,-60.945068359375
-64.06211090087763,-60.92514038085937
-64.05700683593626,-60.91448974609374
-64.05105590820187,-60.93630981445311
-64.04423522949092,-60.887817382812486
-64.05071258544794,-60.86813354492187
-64.05411529540889,-60.866668701171875
-64.05912017822139,-60.871765136718736
-64.06420898437375,-60.85668945312501
-64.06388092040888,-60.839935302734375
-64.06675720214717,-60.83627319335938
-64.07121276855344,-60.83917236328125
-64.07600402831906,-60.83306884765624
-64.07172393798704,-60.81561279296876
-64.07276153564328,-60.79421997070311
-64.06486511230344,-60.76708984374999
-64.0725021362292,-60.75732421875001
-64.0750656127917,-60.762634277343736
-64.08197784423703,-60.7652587890625
-64.08507537841673,-60.772766113281236
-64.08920288085812,-60.75888061523436
-64.0819473266589,-60.73953247070313
-64.06978607177611,-60.720672607421875
-64.06584930419798,-60.71997070312499
-64.06203460693234,-60.72485351562499
-64.05844116210812,-60.74090576171874
-64.0484313964831,-60.730804443359375
-64.04766845703,-60.717468261718736
-64.04480743408077,-60.72113037109374
-64.03830718994014,-60.715118408203125
-64.03418731689327,-60.72900390624999
-64.02822875976435,-60.72515869140624
-64.0244064331042,-60.73004150390626
-64.02108001708856,-60.71139526367186
-64.01725769042842,-60.716278076171875
-64.01599884033075,-60.72647094726563
-64.00634002685418,-60.73312377929687
-64.00706481933467,-60.72076416015625
-64.01541137695186,-60.69860839843751
-64.00964355468624,-60.680267333984375
-64.01209259033077,-60.63418579101563
-64.01024627685418,-60.61654663085937
-64.00511169433464,-60.60595703124999
-64.00678253173702,-60.59237670898437
-64.00314331054561,-60.58276367187499
-63.99920272827019,-60.58206176757811
-63.99680709838739,-60.562225341796875
-63.99138259887566,-60.56060791015625
-63.98678588867057,-60.552215576171875
-63.98252105712762,-60.514770507812486
-63.97722244262565,-60.51873779296875
-63.97440338134636,-60.5023193359375
-63.97171020507683,-60.49148559570313
-63.972820281981114,-60.47576904296875
-63.96631622314323,-60.4698486328125
-63.96158599853387,-60.455902099609375
-63.95413589477408,-60.45120239257812
-63.952384948729176,-60.43914794921875
-63.95676040649283,-60.41632080078124
-63.9546012878405,-60.407684326171875
-63.948219299315106,-60.40731811523436
-63.942123413084616,-60.39804077148437
-63.939567565916676,-60.372741699218736
-63.934402465819005,-60.38226318359376
-63.93223571777212,-60.37362670898436
-63.93442535400261,-60.36224365234375
-63.92764663696157,-60.34521484375001
-63.92928314208854,-60.3316650390625
-63.92182922363152,-60.32702636718749
-63.920204162596356,-60.320526123046875
-63.91382217407095,-60.32019042968749
-63.91098403930534,-60.303863525390625
-63.915599822996725,-60.29217529296874
-63.915599822996725,-60.27212524414062
-63.91844940185417,-60.2684326171875
-63.9214401245104,-60.27029418945312
-63.92659759521353,-60.26074218749999
-63.92225646972525,-60.243469238281236
-63.91791152953972,-60.2462463378906
-63.917542154889446,-60.23143998464716
-63.91057968139517,-60.227142333984375
-63.919387817381484,-60.20709228515626
-63.918571472166654,-60.19384765624997
-63.9233055114733,-60.16763305664062
-63.91908645629752,-60.155914306640625
-63.92531585693227,-60.130615234374986
-63.92472839355337,-60.08837890625
-63.928516387938146,-60.083404541015625
-63.93354034423696,-60.08831787109374
-63.93949508666862,-60.071929931640604
-63.9424514770495,-60.053710937499986
-63.94067001342643,-60.04168701171875
-63.95000457763542,-60.02371215820311
-63.95112609863151,-59.973388671875
-63.95596313476433,-59.95263671874999
-63.95117950439324,-59.93881225585936
-63.944149017332684,-59.950927734375
-63.93661408081997,-59.933576153670664
-63.92744692446131,-59.938449408569205
-63.93105763302476,-60.00373563639823
-63.926634628599466,-59.99561582455876
-63.91957724606155,-59.99344226005825
-63.915149688719396,-59.96606445312501
-63.912307739256484,-59.969818115234375
-63.911609649656874,-59.96209716796875
-63.906578063963536,-59.957244873046854
-63.90533447265494,-59.94738769531249
-63.90368652343618,-59.94091796875
-63.90673065185416,-59.90826416015624
-63.903583526610014,-59.90090942382813
-63.90074539184436,-59.90463256835937
-63.89890289306508,-59.927124023437486
-63.8926773071276,-59.932464599609375
-63.89162826537954,-59.94818115234376
-63.88878631591664,-59.95190429687501
-63.886840820311164,-59.93438720703126
-63.88101959228384,-59.93630981445312
-63.87787628173696,-59.928955078125
-63.874488830565085,-59.93054199218751
-63.870807647703735,-59.92105102539063
-63.86621475219593,-59.93280029296876
-63.861583709715454,-59.92453002929687
-63.86109161376821,-59.94241333007813
-63.856204986570916,-59.943084716796854
-63.85540390014514,-59.9498291015625
-63.849178314207634,-59.955169677734375
-63.84440231323108,-59.941375732421854
-63.84614181518421,-59.93338012695313
-63.85007476806506,-59.93389892578124
-63.85237121581896,-59.92807006835936
-63.84743881225453,-59.90875244140625
-63.84807968139515,-59.89645385742188
-63.86623764037954,-59.84390258789061
-63.860252380369765,-59.84030151367187
-63.85914424681932,-59.8320730428525
-63.85601043701037,-59.82867431640624
-63.85317230224475,-59.83242797851562
-63.84554672241078,-59.82241821289062
-63.84160995483264,-59.821868896484375
-63.83932876586781,-59.82772827148438
-63.83429718017442,-59.822906494140625
-63.83145523071156,-59.82666015624999
-63.82663726806504,-59.84729003906251
-63.82270050048691,-59.84674072265625
-63.81985855102405,-59.850463867187486
-63.81678771972519,-59.86312866210937
-63.8111076354967,-59.870574951171854
-63.807415008543565,-59.86111450195311
-63.80521774291857,-59.852569580078125
-63.801441192625596,-59.857543945312486
-63.79909515380722,-59.84344482421875
-63.7957038879381,-59.84503173828124
-63.79200363159045,-59.8355712890625
-63.78420257568221,-59.85443115234376
-63.77916717529159,-59.849578857421875
-63.77389526367051,-59.85366821289061
-63.77223968505721,-59.847259521484375
-63.7769927978502,-59.80670166015625
-63.770542144774026,-59.78659057617188
-63.775268554686136,-59.780364990234375
-63.77920532226423,-59.78091430664062
-63.78094100952012,-59.77291870117186
-63.7854270935045,-59.77560424804686
-63.795661926268174,-59.756378173828104
-63.800849914549424,-59.76669311523437
-63.80912399291856,-59.76440429687501
-63.816051483152954,-59.7667236328125
-63.81998062133655,-59.767272949218736
-63.82447433471543,-59.76992797851561
-63.83131408691272,-59.78671264648436
-63.84233093261586,-59.79510498046875
-63.84666061401232,-59.792266845703125
-63.850761413572876,-59.79833984375001
-63.86304855346547,-59.78213500976563
-63.865173339842414,-59.77069091796876
-63.857852935789694,-59.7373046875
-63.86045074462758,-59.70806884765625
-63.8700599670397,-59.70108032226562
-63.87555694579945,-59.68801879882812
-63.87364959716662,-59.65606689453126
-63.87065505981313,-59.65426635742186
-63.86333847045764,-59.655395507812486
-63.86756896972522,-59.63250732421876
-63.86613464355336,-59.61718750000001
-63.88034439086781,-59.58386230468749
-63.88656234741081,-59.57846069335938
-63.89089584350454,-59.575592041015625
-63.89056777953969,-59.56451416015626
-63.89627456664907,-59.54248046875001
-63.89406585693226,-59.533935546874964
-63.88751602172718,-59.52825927734374
-63.88646316528188,-59.50952148437499
-63.883460998533835,-59.50775146484376
-63.882690429686164,-59.51455688476561
-63.87930679321156,-59.51617431640625
-63.87881088256704,-59.49957275390625
-63.883789062498664,-59.469879150390625
-63.889442443846335,-59.46231079101563
-63.899372100828764,-59.46630859375
-63.90502166747915,-59.45874023437501
-63.91062545776235,-59.46563720703125
-63.91328430175649,-59.45632934570313
-63.90900802612172,-59.44473266601562
-63.91076278686394,-59.42218017578126
-63.89598846435413,-59.404510498046875
-63.889568328856086,-59.41888427734375
-63.88452529907095,-59.41412353515625
-63.88229370117053,-59.405578613281236
-63.87719726562365,-59.415283203124986
-63.875015258787734,-59.39227294921876
-63.867351531981086,-59.38241577148437
-63.85824203491078,-59.420532226562486
-63.84638214111194,-59.433532714843736
-63.83928298950061,-59.42578125
-63.82986068725452,-59.43838500976563
-63.82904815673693,-59.45959472656249
-63.82339477538927,-59.4671630859375
-63.82039260864122,-59.465393066406236
-63.81855773925647,-59.45349121093749
-63.825538635252556,-59.4412841796875
-63.8255767822252,-59.42681884765625
-63.8179664611803,-59.40252685546872
-63.81364059448106,-59.40545654296875
-63.81248855590685,-59.41558837890625
-63.809108734129495,-59.417266845703125
-63.81542968749864,-59.368530273437486
-63.80965042114121,-59.35614013671875
-63.79420852660996,-59.37969970703125
-63.79312896728378,-59.36105346679688
-63.7974891662584,-59.34368896484374
-63.7941360473619,-59.330932617187486
-63.78553009033067,-59.322326660156236
-63.78120803832871,-59.325256347656236
-63.77633285522323,-59.326080322265625
-63.77257156371932,-59.33111572265624
-63.767520904539644,-59.32638549804687
-63.76299285888536,-59.33819580078124
-63.75888061523299,-59.33221435546874
-63.7549514770494,-59.331756591796875
-63.74586818938355,-59.35149171754364
-63.736900329588465,-59.35015869140625
-63.72685163877962,-59.35540337730213
-63.72763061523296,-59.382598876953125
-63.72480773925642,-59.38638305664061
-63.72811126708846,-59.413482666015625
-63.72528839111188,-59.41726684570311
-63.715129852293515,-59.35919189453125
-63.712236548109004,-59.35306982120159
-63.70823669433453,-59.342620849609375
-63.69220352172712,-59.301025390625
-63.69467544555523,-59.28628540039062
-63.69243621826033,-59.277770996093714
-63.68755722045757,-59.27859497070312
-63.683448791502485,-59.272644042968736
-63.68552398681499,-59.26126098632812
-63.682178497313025,-59.24856567382812
-63.6831359863267,-59.23294067382812
-63.68146133422711,-59.22659301757813
-63.67714691161967,-59.22952270507812
-63.67997741699076,-59.211364746093736
-63.6743698120103,-59.20458984375
-63.677562713621626,-59.19744873046875
-63.68150329589702,-59.197875976562486
-63.68600845336771,-59.18609619140626
-63.69088745117046,-59.18527221679686
-63.69559860229354,-59.16458129882813
-63.70929718017437,-59.14901733398436
-63.71156311035018,-59.12875366210938
-63.71850967407088,-59.11651611328124
-63.71926879882674,-59.09536743164061
-63.71270751952984,-59.08984375
-63.70820999145367,-59.08734130859375
-63.70409774780133,-59.067016601562486
-63.69640731811382,-59.0716552734375
-63.687786102293515,-59.063201904296875
-63.67897796630719,-59.02056884765626
-63.67597961425641,-59.01885986328125
-63.66847229003764,-59.01461791992186
-63.66640853881691,-58.997314453125
-63.67295455932475,-58.959747314453125
-63.671638488768124,-58.9500732421875
-63.675384521482954,-58.94497680664063
-63.6731262207017,-58.93652343750001
-63.665630340574744,-58.932342529296875
-63.65718078613139,-58.915100097656236
-63.65249633788918,-58.92144775390625
-63.64706039428568,-58.92019653320312
-63.63937759399273,-58.92486572265624
-63.63507080077982,-58.92785644531249
-63.62944030761575,-58.92114257812499
-63.62308502197123,-58.93548583984375
-63.61671066284035,-58.93548583984375
-63.61352920532083,-58.94265747070313
-63.609031677244666,-58.94018554687499
-63.60566329955908,-58.94186401367187
-63.60060119628763,-58.95153808593749
-63.594608306883316,-58.94821166992186
-63.58953857421731,-58.94360351562501
-63.58578872680518,-58.934356689453125
-63.58148193359229,-58.93731689453124
-63.57342529296727,-58.93106079101563
-63.55507659911963,-58.95297241210936
-63.55207824706885,-58.951293945312486
-63.54926681518408,-58.955078125
-63.54514312743993,-58.94921875000001
-63.546440124510255,-58.930297851562486
-63.543243408201654,-58.92318725585937
-63.54623794555515,-58.91058349609375
-63.54285430908057,-58.89801025390626
-63.538917541502435,-58.897613525390625
-63.53459167480322,-58.88629150390625
-63.5362472534165,-58.86401367187499
-63.531894683836406,-58.838439941406236
-63.52307510375828,-58.82467651367188
-63.51082992553561,-58.784088134765625
-63.511901855467244,-58.759735107421875
-63.516540527342265,-58.739135742187486
-63.51163482665867,-58.72576904296874
-63.51309585571142,-58.71234130859376
-63.50669479369967,-58.698150634765625
-63.50199127197117,-58.690246582031236
-63.49862289428561,-58.69198608398438
-63.49692153930515,-58.68569946289063
-63.498950958250454,-58.674346923828125
-63.494930267332485,-58.64550781250001
-63.496185302732876,-58.62661743164062
-63.49184036254732,-58.6153564453125
-63.490806579588345,-58.588134765625
-63.49371337890475,-58.56124877929687
-63.48630523681491,-58.53417968749999
-63.47858047485204,-58.524658203124986
-63.473445892332485,-58.50592041015625
-63.47233581542818,-58.4644775390625
-63.467979431150845,-58.45327758789063
-63.46347045898285,-58.45086669921876
-63.45483016967623,-58.405456542968736
-63.458824157713345,-58.345489501953125
-63.45516586303559,-58.32757568359374
-63.45497894286958,-58.26190185546876
-63.45038604736176,-58.24530029296875
-63.45029067993013,-58.23104858398438
-63.45320510864106,-58.21841430664062
-63.46063995361177,-58.20812988281249
-63.461597442625454,-58.183807373046875
-63.46323013305514,-58.17581176757813
-63.470657348631306,-58.165496826171875
-63.47077560424652,-58.15670776367188
-63.468475341795354,-58.14840698242186
-63.46187973022309,-58.143188476562486
-63.4478721618637,-58.148284912109375
-63.44719314575044,-58.13198852539062
-63.4426803588852,-58.12963867187501
-63.43840026855317,-58.13272094726561
-63.43227386474458,-58.115356445312486
-63.425331115721136,-58.11352539062501
-63.41932296752776,-58.11041259765625
-63.41571044921722,-58.129760742187486
-63.416713714598075,-58.16567993164063
-63.41065979003753,-58.185485839843736
-63.40730285644378,-58.18728637695312
-63.39930343627776,-58.195495605468736
-63.397575378416434,-58.189270019531236
-63.39422607421721,-58.19107055664063
-63.39063644409025,-58.187408447265625
-63.38373184203948,-58.16259765624999
-63.37829589843594,-58.16152954101563
-63.376914978025795,-58.15197753906249
-63.38099670410002,-58.12054443359375
-63.38771820068206,-58.11694335937501
-63.401855468748465,-58.10308837890626
-63.40706634521331,-58.09872436523437
-63.410640716551185,-58.10235595703126
-63.41341781616058,-58.098480224609354
-63.41274261474458,-58.08221435546873
-63.4180870056137,-58.04605102539062
-63.41520309448089,-58.03573608398437
-63.402122497557066,-58.0166015625
-63.396110534666434,-58.01351928710936
-63.389743804930085,-58.013763427734375
-63.38256835937347,-57.98358154296876
-63.38557434081878,-57.96215820312497
-63.382682800291434,-57.95184326171874
-63.379089355467215,-57.9482421875
-63.37573242187345,-57.95004272460937
-63.370056152342215,-57.94360351562499
-63.3633499145492,-57.947235107421875
-63.35999679565275,-57.949035644531236
-63.3604545593246,-57.93695068359375
-63.35326004028164,-57.90679931640625
-63.344699859617585,-57.91302490234374
-63.341224670408586,-57.90066528320311
-63.338214874266,-57.899139404296875
-63.33393096923671,-57.90222167968749
-63.3325902574206,-57.89403460879114
-63.32443237304528,-57.886810302734375
-63.31970596313319,-57.902038574218736
-63.31239700317225,-57.880706787109375
-63.31065750121913,-57.87457275390624
-63.3123703002914,-57.85781860351563
-63.30530166625818,-57.841888427734354
-63.30913543701014,-57.77346801757812
-63.302734374998394,-57.750885009765625
-63.29520797729332,-57.747100830078125
-63.288108825682,-57.73123168945313
-63.281215667723,-57.69790649414062
-63.27817535400232,-57.64193725585938
-63.27467346191245,-57.629638671875
-63.271659851072606,-57.628173828124986
-63.26765823364096,-57.60510253906251
-63.268424987791356,-57.589691162109375
-63.27428054809408,-57.57855224609374
-63.26927185058434,-57.56552124023436
-63.27027893066245,-57.55548095703126
-63.26676940917809,-57.54324340820312
-63.26868438720542,-57.531890869140625
-63.26634979247885,-57.52374267578124
-63.253791809080425,-57.507019042968736
-63.25403594970542,-57.48083496093749
-63.249252319334325,-57.47320556640623
-63.23644638061362,-57.451141357421875
-63.2284698486312,-57.42797851562499
-63.22753524780112,-57.39776611328126
-63.22216033935385,-57.38812255859376
-63.225795745847996,-57.351379394531236
-63.218666076658536,-57.335662841796854
-63.21854019164878,-57.31286621093747
-63.214939117430006,-57.30935668945311
-63.21291351318195,-57.29788208007813
-63.21605682372884,-57.28192138671876
-63.221828460691746,-57.279449462890604
-63.2233963012679,-57.231201171875
-63.220451354978856,-57.22103881835937
-63.23136901855306,-57.173767089843736
-63.232139587400724,-57.14965820312499
-63.23888015746909,-57.13711547851562
-63.24082565307455,-57.11703491210938
-63.245731353758146,-57.107116699218736
-63.24739456176595,-57.08166503906249
-63.25472640991049,-57.07113647460937
-63.257255554197606,-57.053070068359354
-63.26947784423667,-57.0325927734375
-63.27341079711754,-57.03268432617188
-63.27674865722494,-57.030761718749986
-63.276755068773234,-57.03075248328437
-63.284076690672215,-57.02020263671874
-63.291625976560915,-57.02380371093749
-63.297443389891,-57.01251220703125
-63.31102371215662,-57.01895141601562
-63.32104873657068,-57.01315307617187
-63.32558059692224,-57.015289306640625
-63.33518600463709,-57.03039550781248
-63.353294372557045,-57.03897094726562
-63.35604858398281,-57.0350341796875
-63.359066009519935,-57.03643798828124
-63.36364364623868,-57.02984619140624
-63.36233139037932,-56.99404907226562
-63.371486663816796,-56.980804443359375
-63.37537002563321,-56.989685058593736
-63.373180389402755,-57.004455566406236
-63.38008117675628,-57.01477050781249
-63.385379791258224,-57.041931152343736
-63.399887084959396,-57.04708862304687
-63.40317916869964,-57.05389404296874
-63.40711593627775,-57.05401611328124
-63.408527374266036,-57.07229614257812
-63.412189483641036,-57.0670166015625
-63.41535568237152,-57.042114257812486
-63.413578033445745,-57.035949707031236
-63.402732849119566,-57.0255126953125
-63.405475616453536,-57.02154541015626
-63.40850448608244,-57.02297973632813
-63.41216659545746,-57.01766967773437
-63.41011428832854,-57.00616455078125
-63.40617752075041,-57.006042480468736
-63.40412139892425,-56.99450683593748
-63.400180816648835,-56.994384765625
-63.396606445310965,-56.98211669921875
-63.39862823486175,-56.944366455078125
-63.41262054443206,-56.92984008789061
-63.42351531982269,-56.931457519531236
-63.427185058592244,-56.92614746093749
-63.43651962280121,-56.93585205078123
-63.44196319579925,-56.93664550781249
-63.445266723631285,-56.943481445312486
-63.44980239868011,-56.945617675781264
-63.45717239379731,-56.98440551757812
-63.467063903807066,-57.00497436523436
-63.47310256957858,-57.00784301757813
-63.47708511352389,-56.99914550781248
-63.48042678832858,-56.938934326171854
-63.48866653442233,-56.92694091796875
-63.50628662109227,-56.915832519531236
-63.51232910156101,-56.918701171874986
-63.51976394653173,-56.94873046874998
-63.52401733398292,-56.945434570312486
-63.52466201782078,-56.93865966796874
-63.52103424072116,-56.93518066406249
-63.51539993285982,-56.91131591796874
-63.521167755125475,-56.908721923828104
-63.525707244871555,-56.91085815429686
-63.526378631590305,-56.89526367187499
-63.52129745483249,-56.88226318359375
-63.5229492187485,-56.847686767578104
-63.53255462646336,-56.79562377929685
-63.54080963134617,-56.774719238281236
-63.55265808105321,-56.766113281249986
-63.56175994872899,-56.76150512695312
-63.5744667053208,-56.76922607421874
-63.59205627441261,-56.76681518554687
-63.59539413452003,-56.76483154296874
-63.59961318969582,-56.77035522460937
-63.60598373412943,-56.769775390624986
-63.61197280883644,-56.79031372070312
-63.61981964111186,-56.79931640624998
-63.627376556395035,-56.8028564453125
-63.63343048095559,-56.805725097656236
-63.63975906371927,-56.81402587890624
-63.64514160156107,-56.832519531249986
-63.64471054077006,-56.862548828125
-63.6375923156724,-56.89645385742187
-63.62537384033061,-56.91729736328125
-63.616851806639175,-56.923919677734375
-63.61136245727395,-56.93194580078125
-63.60879898071146,-56.95910644531249
-63.616176605223174,-56.99813842773437
-63.62103271484233,-56.99691772460937
-63.628585815428266,-57.00051879882811
-63.63307952880716,-57.01153564453124
-63.63761901855325,-57.013732910156236
-63.64026641845559,-57.027435302734375
-63.646907806395056,-57.032409667968736
-63.64534759521343,-57.04052734374998
-63.64891815185404,-57.05291748046874
-63.64600753784034,-57.08352661132813
-63.64745712280131,-57.09310913085936
-63.65259170532084,-57.09735107421874
-63.65555572509623,-57.107666015624986
-63.654144287107954,-57.13900756835936
-63.64804458618022,-57.14495849609375
-63.64528656005715,-57.14895629882811
-63.642269134520035,-57.14749145507811
-63.63275909423684,-57.16421508789062
-63.625801086424346,-57.16262817382812
-63.62310409545755,-57.15777587890625
-63.613327026365745,-57.169006347656236
-63.6060409545884,-57.170806884765604
-63.599029541014175,-57.17807006835936
-63.59449005126807,-57.17587280273436
-63.59022903442237,-57.17913818359375
-63.5800399780259,-57.161773681640625
-63.572486877439964,-57.15814208984373
-63.568012237547364,-57.1470947265625
-63.56407546996924,-57.14697265624999
-63.56235885619971,-57.13195800781249
-63.556961059568835,-57.122283935546875
-63.55923080444188,-57.09857177734376
-63.55351257324073,-57.09228515625
-63.552974700926256,-57.081390380859375
-63.53948593139501,-57.10678100585937
-63.538829803465326,-57.11355590820311
-63.529979705809076,-57.12344360351562
-63.52501296996922,-57.14230346679687
-63.51687622070162,-57.13659667968749
-63.51213455200046,-57.120178222656236
-63.50759887695165,-57.11798095703124
-63.503009796141086,-57.12463378906249
-63.50138854980319,-57.141540527343736
-63.49648284911961,-57.151550292968736
-63.48930358886569,-57.13571166992187
-63.48413085937347,-57.140289306640625
-63.48110580444186,-57.13885498046875
-63.48071670532077,-57.15103149414062
-63.46986007690278,-57.189941406249986
-63.473815917967244,-57.23074340820312
-63.4795265197739,-57.237030029296875
-63.48149871826021,-57.25744628906249
-63.48484802245944,-57.255523681640625
-63.479133605955525,-57.289855957031236
-63.48279571533054,-57.32522583007812
-63.48122024535986,-57.33331298828125
-63.469852447508266,-57.35250854492187
-63.46702194213717,-57.365264892578125
-63.45480728149262,-57.376953125
-63.45182418823091,-57.407287597656236
-63.4431343078598,-57.4312744140625
-63.444561004637166,-57.44079589843749
-63.44172668456881,-57.45355224609375
-63.44826889037932,-57.46737670898437
-63.4450874328598,-57.483459472656236
-63.447437286375425,-57.49169921875
-63.455902099607876,-57.494110107421854
-63.464435577391065,-57.48773193359374
-63.49272918701023,-57.44155883789061
-63.498172760008266,-57.4425048828125
-63.502368927000454,-57.44812011718747
-63.51218032836767,-57.46887207031249
-63.51644897460789,-57.46569824218749
-63.519138336180184,-57.47058105468749
-63.52676010131687,-57.465484619140625
-63.530353546141086,-57.46902465820313
-63.535045623777805,-57.45364379882812
-63.53483581542822,-57.407440185546875
-63.541950225828586,-57.391448974609375
-63.54033279418797,-57.36761474609375
-63.543678283689935,-57.36572265624999
-63.54897689819189,-57.384277343749986
-63.55364990234227,-57.36883544921872
-63.557514190672364,-57.377807617187486
-63.56168746948096,-57.4561767578125
-63.56001663207862,-57.473083496093736
-63.564128875730965,-57.487548828125
-63.55634689330907,-57.54226684570312
-63.56201934814307,-57.61254882812498
-63.55266952514502,-57.66644287109376
-63.5545806884751,-57.68695068359374
-63.5485992431626,-57.70700073242187
-63.55603790283055,-57.71963500976562
-63.5579414367661,-57.74017333984375
-63.563713073729,-57.73773193359373
-63.56639480590674,-57.74267578124999
-63.5700836181626,-57.73742675781249
-63.57495498657081,-57.73635864257812
-63.578304290770035,-57.7344970703125
-63.58165740966651,-57.73263549804686
-63.58690261840674,-57.75128173828124
-63.587055206297364,-57.76559448242188
-63.601737976072755,-57.75350952148436
-63.60625839233254,-57.75579833984375
-63.59949493408059,-57.68118286132812
-63.60376358032083,-57.59088134765622
-63.607944488523934,-57.59649658203126
-63.61112213134622,-57.61233520507812
-63.615650177000504,-57.6146240234375
-63.61925125121928,-57.61822509765626
-63.620578765867705,-57.636657714843736
-63.624420166014175,-57.645721435546854
-63.62586593627784,-57.623321533203125
-63.63232803344583,-57.61410522460936
-63.634674072264204,-57.62240600585936
-63.63289642333841,-57.64822387695312
-63.63596725463724,-57.67294311523438
-63.63115692138527,-57.69720458984375
-63.630527496336455,-57.7271728515625
-63.63981628417828,-57.737243652343736
-63.646286010740766,-57.728057861328125
-63.64696502685404,-57.72125244140624
-63.65216445922707,-57.71676635742186
-63.65509033202983,-57.7271728515625
-63.653141021727066,-57.73867797851563
-63.65708160400248,-57.73889160156251
-63.66358947753764,-57.75289916992188
-63.66198730468607,-57.76101684570311
-63.651821136473195,-57.77545166015626
-63.64612960815286,-57.76898193359375
-63.64335632324074,-57.772918701171875
-63.647914886473174,-57.798400878906236
-63.644695281980994,-57.814605712890625
-63.647022247313025,-57.82290649414061
-63.655826568602095,-57.82208251953124
-63.6581573486314,-57.830413818359375
-63.65490091205886,-57.85504751246304
-63.658653259275916,-57.864562988281236
-63.656932830809126,-57.88153076171876
-63.65984344482278,-57.891937255859375
-63.6632041931138,-57.89007568359374
-63.667606353758345,-57.90127563476562
-63.671638488768124,-57.86944580078125
-63.66931152343609,-57.86111450195312
-63.671371459959516,-57.84075927734374
-63.674152374266164,-57.83682250976561
-63.67589569091656,-57.84307861328126
-63.67994308471537,-57.834442138671875
-63.68261718749857,-57.839385986328125
-63.675601959227116,-57.89291381835937
-63.68407440185405,-57.91873168945313
-63.682109832762244,-57.930206298828125
-63.678405761717336,-57.93542480468751
-63.67446899413919,-57.9351806640625
-63.67249679565288,-57.94665527343748
-63.67505645751811,-57.96047973632812
-63.67968749999859,-57.953948974609375
-63.68721771240094,-57.957855224609375
-63.69000625610211,-57.97717285156251
-63.6871109008775,-57.989990234375
-63.6827049255357,-57.97875976562501
-63.673084259031796,-57.97195434570311
-63.669036865232954,-57.98059082031251
-63.66764068603373,-57.994140625
-63.66937637328957,-58.00039672851561
-63.674247741697805,-57.99935913085937
-63.67656326293804,-58.007720947265625
-63.6741256713853,-58.03146362304687
-63.66589355468609,-58.057525634765625
-63.65929031371928,-58.05230712890626
-63.6558151245103,-58.06298828125
-63.659507751463416,-58.08099365234374
-63.66286849975445,-58.07916259765626
-63.66517639160014,-58.08752441406248
-63.664226531981,-58.112030029296875
-63.66944503784037,-58.10760498046876
-63.672008514402876,-58.098236083984375
-63.68289566039897,-58.100372314453104
-63.689250946043515,-58.12338256835935
-63.6909828186021,-58.12963867187501
-63.694915771482954,-58.12994384765626
-63.69767379760602,-58.14926147460937
-63.70312118530135,-58.15036010742188
-63.70741653442243,-58.147247314453125
-63.71100234985212,-58.15093994140626
-63.716987609861896,-58.177368164062486
-63.71522140502792,-58.19433593749999
-63.717880249022045,-58.19931030273438
-63.72124481201034,-58.19750976562499
-63.723197937010326,-58.20928955078124
-63.72098541259626,-58.21527099609374
-63.7268753051744,-58.22735595703125
-63.72510147094587,-58.24432373046876
-63.729400634764225,-58.24124145507811
-63.732990264891185,-58.244934082031236
-63.73758316039899,-58.26171875
-63.737094879149005,-58.27398681640625
-63.74139022827009,-58.270904541015625
-63.74338150024277,-58.25942993164063
-63.75033569335799,-58.26132202148438
-63.752643585203714,-58.26974487304686
-63.750286102293536,-58.28460693359376
-63.75429916381697,-58.29931640625
-63.75833310744409,-58.30289392270951
-63.759391784666576,-58.3038330078125
-63.76019668578964,-58.311431884765625
-63.765064239500575,-58.310455322265625
-63.770153045652904,-58.314971923828125
-63.79559707641463,-58.37530517578125
-63.798610687254495,-58.37695312500001
-63.8025512695299,-58.37725830078126
-63.80649566650254,-58.37759399414061
-63.81451034545762,-58.36932373046875
-63.827693939207606,-58.3800048828125
-63.838584899901,-58.38226318359375
-63.843387603758416,-58.4046630859375
-63.835350036619744,-58.450744628906236
-63.8410148620592,-58.45742797851563
-63.84221649169787,-58.47610473632813
-63.848747253416626,-58.467010498046875
-63.854034423826796,-58.47711181640625
-63.86336135864125,-58.46414184570313
-63.867877960203735,-58.46661376953126
-63.878425598143195,-58.43444824218751
-63.881286621092435,-58.44500732421874
-63.886524200438124,-58.440612792968736
-63.89482498168814,-58.45236206054686
-63.89769363403188,-58.46295166015625
-63.8945960998522,-58.4847412109375
-63.90205383300648,-58.474334716796875
-63.90714263915883,-58.478912353515625
-63.91294860839713,-58.476654052734375
-63.91888046264517,-58.50338745117188
-63.91628646850456,-58.51281738281249
-63.9223594665514,-58.53057861328125
-63.91987991332877,-58.569000244140625
-63.92366790771354,-58.57830810546873
-63.93533325195181,-58.58834838867186
-63.939170837401036,-58.61215209960937
-63.94253921508658,-58.61041259765624
-63.94596099853384,-58.623138427734375
-63.9439353942858,-58.63470458984376
-63.9467773437487,-58.64529418945312
-63.954864501951846,-58.65158081054687
-63.958286285399076,-58.66433715820313
-63.97351837158075,-58.67819213867187
-63.97636795043816,-58.68884277343751
-63.98237609863151,-58.692169189453125
-63.99424362182487,-58.707824707031236
-64.00172424316281,-58.69747924804686
-64.00473785400264,-58.699157714843736
-64.00699615478389,-58.70767211914062
-64.01301574706903,-58.711029052734354
-64.01512908935422,-58.72851562499999
-64.02053833007685,-58.71517944335938
-64.02317810058467,-58.720306396484375
-64.02655029296747,-58.71853637695313
-64.02792358398311,-58.742919921874986
-64.0311203002917,-58.750152587890625
-64.03611611612304,-58.7337861366734
-64.04011535644406,-58.74063110351562
-64.03901672363155,-58.750946044921875
-64.04519653320185,-58.74530029296876
-64.05154418945186,-58.73065185546876
-64.05512237548702,-58.73446655273436
-64.06300354003781,-58.73522949218751
-64.068420410155,-58.72186279296875
-64.08396911620969,-58.703247070312486
-64.08847045898312,-58.70574951171875
-64.09258270263547,-58.69708251953126
-64.09579467773312,-58.70437622070313
-64.10160827636594,-58.7021484375
-64.10521697997923,-58.72058105468751
-64.10321807861203,-58.74676513671876
-64.10997772216673,-58.74325561523438
-64.1163406372058,-58.7431640625
-64.11959075927611,-58.765045166015625
-64.12259674072143,-58.76675415039062
-64.12634277343626,-58.76153564453125
-64.12934875488159,-58.76324462890626
-64.13238525390503,-58.779541015624986
-64.13934326171751,-58.7816162109375
-64.14855957031128,-58.79229736328126
-64.15193939208864,-58.79052734374999
-64.15966033935423,-58.80035400390625
-64.16848754882692,-58.79980468750001
-64.17585754394409,-58.82775878906249
-64.18204498290895,-58.82211303710937
-64.18633270263553,-58.80438232421875
-64.19664001464724,-58.790069580078125
-64.19836425781129,-58.8111572265625
-64.20308685302614,-58.8193359375
-64.2073974609363,-58.81628417968749
-64.21073913574101,-58.79986572265625
-64.21656799316287,-58.797637939453125
-64.21931457519412,-58.87612915039061
-64.21013641357301,-58.894744873046875
-64.20113372802615,-58.90426635742188
-64.19532775878785,-58.921112060546875
-64.19552612304567,-58.94137573242186
-64.1972122192371,-58.94781494140624
-64.20266723632692,-58.9490966796875
-64.20567321777222,-58.965454101562486
-64.20193481445193,-58.98529052734375
-64.18111071333632,-59.00606147987124
-64.17406328001192,-59.04043757989644
-64.18082119488234,-59.05791879971088
-64.2010040283191,-59.05987548828125
-64.20833587646365,-59.05859374999999
-64.21451568603396,-59.05297851562499
-64.2133264660475,-59.13078698079176
-64.2218309428439,-59.14879569539877
-64.2263475444064,-59.151389689539414
-64.23702951290916,-59.15603436563111
-64.2460632324207,-59.11517333984375
-64.25338745117068,-59.11389160156249
-64.25789642333866,-59.10183715820313
-64.25566864013554,-59.063812255859375
-64.25848388671757,-59.01583862304686
-64.26017761230351,-59.00765991210938
-64.26863098144413,-58.99597167968749
-64.26110076904179,-58.97695922851561
-64.26934051513555,-58.93026733398437
-64.26742553710818,-58.8887939453125
-64.27135467529179,-58.87448120117186
-64.2711334228504,-58.854187011718736
-64.27600097656133,-58.83856201171874
-64.27725982665898,-58.80444335937497
-64.28231811523321,-58.79443359375
-64.28002166747928,-58.771087646484375
-64.28205871581913,-58.75939941406249
-64.29142761230352,-58.74630737304686
-64.29463958740118,-58.75363159179688
-64.30025482177615,-58.74578857421875
-64.30757904052619,-58.744384765625
-64.31152343749883,-58.744781494140625
-64.32149505615119,-58.748565673828125
-64.33203124999885,-58.754486083984375
-64.3390502929676,-58.78607177734375
-64.3411941528309,-58.83328247070313
-64.33654785156135,-58.869293212890625
-64.3403167724598,-58.87881469726562
-64.34557342529182,-58.874450683593736
-64.34858703613165,-58.876159667968736
-64.35142517089729,-58.88699340820312
-64.34786987304574,-58.91259765625001
-64.35050964355354,-58.91775512695312
-64.3542556762684,-58.91253662109374
-64.35671997070196,-58.92687988281249
-64.35972595214731,-58.928558349609375
-64.35805511474496,-58.95156860351562
-64.3631210327137,-58.94158935546875
-64.36988830566294,-58.938079833984375
-64.37533569335824,-58.939361572265604
-64.37796783447152,-58.94454956054688
-64.3807907104481,-58.940643310546875
-64.38283538818246,-58.91415405273436
-64.39034271240122,-58.90368652343751
-64.40312194824106,-58.90362548828126
-64.40576171874888,-58.90881347656249
-64.41290283203013,-58.901824951171875
-64.41381835937389,-58.88574218750001
-64.42037200927622,-58.86178588867185
-64.41489410400278,-58.845733642578125
-64.41487121581919,-58.830932617187486
-64.40920257568247,-58.809265136718736
-64.41329956054575,-58.78573608398437
-64.42042541503795,-58.77871704101563
-64.4268112182606,-58.77865600585938
-64.4360122680653,-58.77462768554687
-64.442413330077,-58.77456665039062
-64.4452209472645,-58.77062988281249
-64.4491729736317,-58.771026611328125
-64.4536895751942,-58.773590087890625
-64.46456909179578,-58.761260986328125
-64.46908569335825,-58.76385498046872
-64.48074340820203,-58.759368896484375
-64.48676300048719,-58.76275634765622
-64.49503326415905,-58.760070800781236
-64.50350189208876,-58.763000488281236
-64.51236724853405,-58.77731323242186
-64.51574707031142,-58.775543212890625
-64.5176544189442,-58.787750244140625
-64.52180480956923,-58.79382324218751
-64.52612304687392,-58.790710449218736
-64.52666473388564,-58.77804565429687
-64.53194427490126,-58.78848266601562
-64.53739929199111,-58.78973388671874
-64.54195404052629,-58.80718994140624
-64.55135345458876,-58.80883789062498
-64.55197143554581,-58.84075927734375
-64.5457916259755,-58.861328124999986
-64.54826354980361,-58.87573242187499
-64.55239868163954,-58.8818359375
-64.54867553710831,-58.91680908203125
-64.54417419433486,-58.92907714843751
-64.53814697265517,-58.92559814453124
-64.52706146240125,-58.93222045898438
-64.5214309692372,-58.94009399414063
-64.51749420165908,-58.96936035156251
-64.51824951171766,-58.9920654296875
-64.4973831176747,-59.01522827148437
-64.47762298583874,-58.98339843749997
-64.47330474853405,-58.986480712890625
-64.46973419189342,-58.98257446289062
-64.46146392822153,-58.98519897460936
-64.45713806152233,-58.98825073242188
-64.45111846923717,-58.984771728515625
-64.43213653564341,-58.990478515625
-64.42951202392466,-59.02963256835937
-64.43289184570199,-59.04266357421876
-64.43965911865122,-59.05401611328125
-64.44361877441295,-59.054443359375
-64.44944000244028,-59.06707763671875
-64.44753265380749,-59.11407470703124
-64.4505386352528,-59.11584472656251
-64.45336914062389,-59.1119384765625
-64.4574966430653,-59.11804199218751
-64.46028900146374,-59.143737792968736
-64.4668731689442,-59.149444580078125
-64.46818542480356,-59.159454345703125
-64.46648406982311,-59.16772460937497
-64.47042846679578,-59.168182373046875
-64.47380065917858,-59.18127441406249
-64.47228240966687,-59.19522094726563
-64.46437072753795,-59.2091064453125
-64.46051788329967,-59.2735595703125
-64.45352935790903,-59.286102294921875
-64.44708251953014,-59.31564331054686
-64.44235229492077,-59.322113037109375
-64.43762207031138,-59.34338378906251
-64.4319610595692,-59.35113525390623
-64.429473876952,-59.3663330078125
-64.42137908935435,-59.374511718749986
-64.41347503661996,-59.373504638671875
-64.4095306396473,-59.37301635742188
-64.40596771240122,-59.369049072265625
-64.39824676513558,-59.37374877929688
-64.39524841308481,-59.37197875976563
-64.38336944579966,-59.38525390625
-64.38112640380747,-59.37652587890624
-64.37414550781138,-59.389038085937486
-64.37114715576058,-59.38726806640625
-64.36737060546761,-59.39242553710938
-64.36810302734263,-59.40023803710935
-64.36394500732308,-59.4088439941406
-64.36077117919807,-59.40142822265625
-64.35437774658087,-59.40133666992186
-64.35065460204962,-59.39175415039063
-64.34688568115118,-59.39691162109375
-64.34275817870979,-59.39074707031251
-64.33731079101447,-59.389373779296875
-64.33391571044807,-59.39105224609375
-64.32788848876837,-59.402252197265625
-64.32690429687385,-59.418273925781236
-64.32406616210822,-59.42211914062501
-64.32050323486214,-59.41815185546874
-64.31767272949104,-59.42202758789062
-64.30944061279182,-59.47430419921875
-64.3160552978504,-59.515106201171875
-64.32560729980352,-59.52264404296876
-64.33100891113165,-59.53878784179686
-64.33605957031135,-59.54367065429687
-64.33522033691293,-59.5653076171875
-64.34011077880743,-59.564544677734375
-64.34138488769416,-59.57452392578124
-64.34722137451058,-59.572509765625
-64.35038757324105,-59.5799560546875
-64.3593826293934,-59.585357666015625
-64.36521148681528,-59.58328247070312
-64.36910247802619,-59.59857177734375
-64.37603759765513,-59.60089111328125
-64.38071441650277,-59.609252929687486
-64.38614654540903,-59.61068725585937
-64.39026641845588,-59.61688232421874
-64.3928070068348,-59.636901855468736
-64.38990783691293,-59.655517578125
-64.39472961425668,-59.66955566406249
-64.40016174316295,-59.67095947265626
-64.40395355224497,-59.665863037109354
-64.40646362304577,-59.650726318359375
-64.41135406494027,-59.64996337890624
-64.41608428954966,-59.643585205078104
-64.424835205077,-59.62289428710936
-64.42916870117074,-59.61996459960937
-64.43305206298716,-59.63525390625
-64.4350128173817,-59.61791992187501
-64.44501495361216,-59.6072998046875
-64.44801330566297,-59.60906982421875
-64.45085144042858,-59.60522460937499
-64.45606994628794,-59.61581420898438
-64.46213531494031,-59.6046142578125
-64.46568298339733,-59.608612060546875
-64.4769744873036,-59.60800170898438
-64.48180389404187,-59.62207031250001
-64.49230194091687,-59.62841796875001
-64.50273895263564,-59.649627685546854
-64.51079559326061,-59.65634155273436
-64.51663970947158,-59.65432739257812
-64.51970672607312,-59.641326904296854
-64.5112533569325,-59.63806152343751
-64.50682067870986,-59.62048339843751
-64.50672912597547,-59.59997558593751
-64.52135467529189,-59.56231689453125
-64.52513885497939,-59.55715942382813
-64.52813720703017,-59.5589599609375
-64.5343704223622,-59.55340576171873
-64.53753662109267,-59.5609130859375
-64.53815460204969,-59.54824829101563
-64.54360198974501,-59.5496826171875
-64.55038452148331,-59.54632568359375
-64.55449676513564,-59.55252075195311
-64.55922698974503,-59.54608154296875
-64.56372833251847,-59.54876708984376
-64.57123565673722,-59.553314208984375
-64.57840728759658,-59.546478271484375
-64.58152008056534,-59.568847656249986
-64.58968353271378,-59.59616088867187
-64.59514617919817,-59.59762573242187
-64.59730449434768,-59.606198609420964
-64.59847259521378,-59.61083984375001
-64.60071563720597,-59.65512084960938
-64.58478546142472,-59.68276977539062
-64.57468414306533,-59.70831298828126
-64.57041931152237,-59.767242431640604
-64.56086730956923,-59.75952148437501
-64.54792785644423,-59.75347900390626
-64.53742980956923,-59.747070312499986
-64.53063964843642,-59.7503662109375
-64.5224304199208,-59.737884521484375
-64.5120086669911,-59.751983642578125
-64.50837707519423,-59.72744750976561
-64.50332641601453,-59.722503662109375
-64.49504089355356,-59.72491455078125
-64.49149322509656,-59.72085571289063
-64.48635864257703,-59.730743408203125
-64.48336029052624,-59.728912353515625
-64.4727020263661,-59.75216674804687
-64.4598388671864,-59.76660156250001
-64.45486450195202,-59.78213500976563
-64.44523620605358,-59.78924560546875
-64.42460632324106,-59.84341430664063
-64.41402435302622,-59.851776123046875
-64.40540313720591,-59.87799072265625
-64.3915863037098,-59.89361572265624
-64.38079833984261,-59.93145751953125
-64.37950134277231,-59.95657348632813
-64.38443756103402,-59.976318359375
-64.38893127441293,-59.97906494140624
-64.3938751220692,-59.998840332031236
-64.40039825439338,-60.00473022460938
-64.40204620361216,-60.01129150390626
-64.41793060302625,-59.998870849609354
-64.4214706420887,-60.0029296875
-64.4252700805653,-59.99786376953126
-64.42647552490124,-59.9874572753906
-64.42932128906138,-59.983673095703125
-64.43326568603403,-59.9842529296875
-64.43446350097544,-59.973846435546875
-64.43826293945202,-59.96878051757812
-64.44520568847544,-59.97122192382812
-64.44904327392467,-59.986602783203125
-64.45189666747936,-59.982788085937486
-64.45668029785045,-59.996887207031236
-64.46007537841687,-59.99530029296874
-64.4643096923817,-60.007232666015625
-64.46975708007702,-60.00872802734376
-64.47698974609263,-60.022552490234375
-64.48242950439344,-60.0240478515625
-64.48286437988172,-60.041076660156236
-64.48860168456922,-60.05395507812499
-64.48033905029187,-60.07675170898436
-64.48577880859267,-60.07827758789061
-64.4934082031239,-60.08862304687501
-64.4952087402333,-60.12142944335936
-64.49956512451062,-60.11859130859374
-64.50419616699111,-60.12704467773436
-64.51074981689344,-60.15356445312499
-64.50804901122937,-60.183563232421875
-64.51377105712781,-60.196472167968736
-64.50697326660048,-60.22015380859376
-64.51051330566298,-60.22424316406249
-64.5113220214833,-60.237823486328104
-64.51812744140517,-60.23464965820311
-64.52043914794814,-60.24917602539061
-64.52710723876845,-60.24032592773436
-64.53458404540908,-60.24505615234374
-64.55362701415909,-60.240325927734375
-64.55716705322159,-60.24444580078126
-64.56546020507706,-60.24218750000001
-64.5702285766591,-60.25643920898433
-64.57417297363175,-60.25708007812501
-64.59616851806534,-60.35717773437501
-64.60012054443253,-60.35781860351562
-64.60392761230362,-60.35278320312499
-64.60800933837785,-60.35913085937501
-64.61440277099503,-60.359466552734375
-64.61821746826065,-60.35440063476563
-64.62365722656142,-60.35601806640624
-64.62896728515521,-60.35192871093749
-64.63591766357317,-60.35449218749999
-64.6448822021474,-60.360260009765625
-64.65045928954974,-60.3675537109375
-64.65017700195209,-60.37677001953125
-64.64363098144425,-60.39132690429686
-64.65000152587785,-60.41232299804688
-64.64128875732318,-60.41796875
-64.6382369995107,-60.457305908203125
-64.64081573486222,-60.46270751953125
-64.64626312255754,-60.46435546874999
-64.6481323242177,-60.48245239257812
-64.65112304687396,-60.48440551757812
-64.65739440917865,-60.47906494140625
-64.65901184081928,-60.485748291015625
-64.66648864745991,-60.49057006835936
-64.67367553710835,-60.50460815429688
-64.67392730712787,-60.51605224609375
-64.6801605224599,-60.5313720703125
-64.67890930175679,-60.541870117187486
-64.68244171142474,-60.546020507812486
-64.68688201904193,-60.56961059570313
-64.69256591796771,-60.582733154296875
-64.69800879055104,-60.58756383257515
-64.70057678222553,-60.589843749999986
-64.70530700683493,-60.60421752929686
-64.70452880859274,-60.63760375976562
-64.71283721923726,-60.68261718750001
-64.73376464843646,-60.69635009765624
-64.74598693847554,-60.74215698242188
-64.75482940673727,-60.742340087890625
-64.77057647704977,-60.718719482421875
-64.77410125732324,-60.722930908203125
-64.77888488769432,-60.716644287109375
-64.78426257507742,-60.69618658981597
-64.7848129272451,-60.69409179687499
-64.79205322265526,-60.68749999999999
-64.79737854003807,-60.68344116210936
-64.82034301757714,-60.65316772460936
-64.82333374023338,-60.6551513671875
-64.82716369628807,-60.65008544921876
-64.83164978027246,-60.653045654296875
-64.8332672119131,-60.65979003906251
-64.84020233154199,-60.662445068359375
-64.85325622558497,-60.64520263671874
-64.86057281494044,-60.65686035156249
-64.8702545166006,-60.6973876953125
-64.86764526367091,-60.743438720703125
-64.869987487792,-60.77230834960936
-64.8796310424795,-60.812896728515625
-64.88500976562403,-60.81649780273437
-64.88500976562426,-60.8164978027354
-64.88185968252716,-60.86146511561016
-64.89205972799873,-60.867937973799854
-64.9056594236761,-60.88945293735684
-64.9084713801504,-60.903821305495136
-64.91505085155902,-60.912895012880355
-64.92080000145785,-60.91287909778206
-64.9255826755263,-60.91919445542198
-64.92961614076427,-60.929735556425264
-64.93208847643513,-60.93961462203502
-64.93435137252527,-60.94866101439973
-64.94072617518214,-60.97703663762977
-64.94659377871602,-60.988484601973376
-64.94574458305406,-61.00370311762499
-64.94912457085928,-61.02223445368192
-64.9541475687832,-61.023315415977976
-64.96245161792339,-61.019459895765145
-64.9738482473406,-61.00975782753589
-64.98144556893352,-60.99248655652827
-65.00493878025358,-60.99076326256198
-65.03520340242403,-61.05982998224203
-65.0403902940437,-61.082041074270364
-65.0406931935275,-61.09309041419043
-65.04715728759675,-61.10220336914062
-65.05269622802642,-61.10980224609375
-65.0534210205069,-61.12371826171876
-65.03267669677642,-61.1478271484375
-65.0292282104483,-61.176055908203125
-65.01815032958892,-61.220123291015625
-65.01454162597564,-61.209991455078125
-65.00910949706937,-61.20816040039061
-65.0051574707022,-61.207366943359375
-65.00597381591703,-61.22705078125
-65.0099182128897,-61.22784423828125
-65.00880432128812,-61.250030517578125
-65.01222229003814,-61.24856567382811
-65.02021026611237,-61.25598144531251
-65.02347564697173,-61.27545166015626
-65.0403366088858,-61.31585693359375
-65.03925781712567,-61.38059598404873
-65.03865814208892,-61.415802001953125
-65.03170776367095,-61.424774169921875
-65.03012847900298,-61.437469482421875
-65.01622772216705,-61.45535278320313
-65.01464080810453,-61.468017578125
-65.00421905517484,-61.48141479492188
-64.99916076660062,-61.49856567382812
-64.99220275878812,-61.507476806640625
-64.99061584472564,-61.52014160156251
-64.9884827735174,-61.52287702694069
-64.98366546630767,-61.52905273437501
-64.98207092285062,-61.541717529296875
-64.97859191894437,-61.546173095703125
-64.97061920165922,-61.60943603515626
-64.99314880371,-61.708099365234375
-64.99850463867092,-61.71188354492187
-65.00599670410064,-61.74481201171875
-65.01135253906156,-61.748626708984375
-65.01322174072172,-61.756866455078125
-65.01336084885443,-61.7566899332644
-65.0167083740225,-61.75244140625001
-65.02555084228423,-61.7518310546875
-65.0290298461905,-61.74740600585938
-65.03438568115142,-61.751220703125
-65.041358947753,-61.742340087890625
-65.0574264526358,-61.75381469726563
-65.06626892089753,-61.75317382812499
-65.07810461547052,-61.7746848606993
-65.08769989013582,-61.76849365234376
-65.10860443115145,-61.7418212890625
-65.11183166503818,-61.71640014648438
-65.11879730224521,-61.70748901367188
-65.12361907958896,-61.669311523437486
-65.11986541747957,-61.652801513671875
-65.1240997314444,-61.57260131835938
-65.1291732788077,-61.55538940429688
-65.1300014166803,-61.55532654580319
-65.13801574706943,-61.55471801757813
-65.15022277831942,-61.565734863281264
-65.16041564941318,-61.555572509765625
-65.16170501708896,-61.57769775390626
-65.16915130615148,-61.58297729492187
-65.17124176025303,-61.592193603515625
-65.16655731201085,-61.610076904296875
-65.16768646240149,-61.62051391601562
-65.17059326171787,-61.616790771484375
-65.17356872558506,-61.618896484375
-65.18302917480382,-61.627563476562514
-65.18601226806553,-61.62966918945312
-65.1947174072257,-61.61846923828125
-65.20075225829991,-61.62857055664062
-65.19879150390538,-61.5924072265625
-65.20511627197179,-61.58721923828125
-65.21011352538976,-61.59271240234375
-65.21398162841707,-61.58770751953126
-65.22493743896399,-61.597442626953125
-65.22888183593665,-61.59829711914062
-65.23773956298743,-61.59878540039062
-65.24051666259679,-61.622039794921875
-65.24655151367102,-61.632171630859375
-65.2428359985343,-61.64886474609375
-65.23792266845616,-61.649230957031264
-65.23286437988195,-61.67657470703124
-65.24232482910071,-61.685272216796875
-65.24306488037026,-61.70516967773437
-65.23619842529213,-61.74673461914064
-65.24089050292883,-61.76751708984375
-65.23559570312415,-61.77725219726562
-65.23445892333899,-61.805511474609375
-65.22774505615146,-61.82000732421874
-65.22594451904212,-61.83422851562499
-65.21166762422953,-61.87794563168737
-65.2059936523429,-61.89529418945312
-65.19680786132726,-61.90994262695313
-65.18698883056554,-61.95504760742187
-65.18852996826084,-61.96197509765626
-65.20540618896398,-61.976165771484375
-65.20695495605383,-61.98309326171875
-65.2027490958019,-62.02080032802366
-65.20156097412021,-62.03143310546875
-65.19913013762388,-62.055238073190004
-65.18100475274193,-62.089070912761976
-65.18713389262082,-62.116874824110454
-65.19089532150677,-62.119370775638224
-65.21244485092204,-62.13368524867082
-65.22324541204044,-62.11636000559714
-65.22991186270076,-62.08359361729574
-65.2334594726554,-62.074127197265625
-65.24767303466712,-62.02053833007813
-65.26029968261633,-62.0045166015625
-65.26396942138587,-62.02661132812499
-65.26072692871008,-62.04559326171875
-65.26512908935462,-62.042999267578125
-65.26867675781165,-62.0533447265625
-65.26686096191321,-62.06753540039063
-65.26948547363197,-62.08502197265625
-65.27491760253821,-62.08706665039063
-65.28440856933508,-62.10180664062501
-65.28869354743745,-62.09838719604959
-65.29075622558508,-62.09674072265625
-65.30541992187416,-62.19119262695313
-65.30756304816637,-62.21345472911233
-65.32054093635095,-62.3361818930828
-65.32977040922415,-62.346626165483336
-65.33851946250377,-62.34826143689773
-65.34735674238593,-62.338012501434044
-65.35142391662805,-62.32281883304825
-65.34341538019014,-62.26439393607215
-65.34568023681558,-62.182037353515625
-65.35202789306558,-62.177001953125
-65.35472869872966,-62.14971923828125
-65.35861968994057,-62.144805908203125
-65.35999298095619,-62.13412475585938
-65.35496520996011,-62.12261962890624
-65.36068725585856,-62.10345458984375
-65.36571502685466,-62.064239501953104
-65.3714828491203,-62.050933837890625
-65.37558746337808,-62.018859863281264
-65.37997841216286,-62.016600511940915
-65.38341522216713,-62.01483154296875
-65.3867263793937,-62.00164794921877
-65.38925170898355,-62.00741577148438
-65.39402770996011,-62.09094238281251
-65.40357971191322,-62.1116943359375
-65.40998840331949,-62.11248779296875
-65.4134750366203,-62.117034912109375
-65.42233350499133,-62.1057809020586
-65.42514801025311,-62.102203369140625
-65.42926025390545,-62.12091064453125
-65.43372344970622,-62.12420654296876
-65.44427902604602,-62.16826234712832
-65.45293501454339,-62.17888368936712
-65.46272383111574,-62.16060370346696
-65.4620437622062,-62.10015869140625
-65.46381378173749,-62.07992553710938
-65.46503395205292,-62.078366527936396
-65.47061920165936,-62.07122802734375
-65.47245025634687,-62.056915283203125
-65.47639465331952,-62.057861328125
-65.47930908203048,-62.05413818359375
-65.477249145507,-62.0447998046875
-65.48323059081953,-62.00415039062501
-65.48860931396406,-62.00027465820312
-65.49726867675702,-62.02819824218751
-65.49851226806562,-62.005615234375
-65.48997497558513,-61.98953247070314
-65.48972320556561,-61.96582031250001
-65.49503326415937,-61.956024169921875
-65.4953613281242,-61.940582275390646
-65.50273895263594,-61.94012451171875
-65.506172180175,-61.938720703125
-65.51695042113042,-61.92222895581941
-65.52778680911312,-61.90674565877062
-65.53437791105429,-61.88673749377137
-65.5369545269265,-61.86142659153159
-65.53306579589767,-61.83486938476563
-65.53033447265548,-61.81130981445313
-65.5341491699211,-61.80035400390626
-65.53379821777267,-61.77069091796874
-65.52500915527266,-61.73687744140625
-65.52218627929608,-61.7073974609375
-65.52456665038983,-61.70129394531251
-65.52904510497967,-61.70452880859375
-65.53342909900032,-61.70788040371762
-65.5374348170854,-61.71776856061414
-65.53472982606748,-61.73928587723066
-65.54994737519786,-61.73713319468558
-65.56068193330334,-61.74491517710745
-65.56255876435803,-61.753338028669944
-65.57798169941726,-61.769972523548084
-65.57906341552659,-61.78076171875
-65.57736968994065,-61.79485321044921
-65.57451629638595,-61.82587814331055
-65.57942199706955,-61.85337448120117
-65.58586883544847,-61.87820816040039
-65.58528137206955,-61.89181900024413
-65.57910156249922,-61.904273986816406
-65.57267761230392,-61.91320419311524
-65.5655441284172,-61.930442810058594
-65.5662536621086,-61.946830749511726
-65.57160186767501,-61.962467193603516
-65.5763092041008,-61.966564178466804
-65.58605957031176,-61.99917984008789
-65.58588409423751,-62.01166915893554
-65.5861511230461,-62.02130508422852
-65.58587646484297,-62.04059219360353
-65.58831024169844,-62.04995727539062
-65.59509277343673,-62.0589485168457
-65.59919512410552,-62.06471764305327
-65.60047149658126,-62.06651306152344
-65.60300445556564,-62.08293151855469
-65.60578155517503,-62.07993698120118
-65.61181640624923,-62.08317947387695
-65.61842346191332,-62.08302688598633
-65.62966156005784,-62.06998062133789
-65.63470654845592,-62.059369561256204
-65.63475799560473,-62.05926132202149
-65.63774871826098,-62.0589485168457
-65.64049530029222,-62.05089950561525
-65.64240264892504,-62.03775405883789
-65.65101623535082,-62.03151702880859
-65.65412139892504,-62.027511596679695
-65.6580657958977,-62.027278900146484
-65.66200256347581,-62.027042388916016
-65.66832733154222,-62.02857971191406
-65.67226409912034,-62.028343200683594
-65.67620086669848,-62.02811050415039
-65.68904113769459,-62.050296783447266
-65.69306945800707,-62.05962371826172
-65.70030975341723,-62.07450866699218
-65.70196533203051,-62.082069396972656
-65.71076202392504,-62.094966888427734
-65.71396636962817,-62.10052490234375
-65.71561431884693,-62.10809326171876
-65.72103881835865,-62.10852813720703
-65.72728729247974,-62.1065902709961
-65.73368072509693,-62.12133026123046
-65.73512268066334,-62.13214874267579
-65.73487854003832,-62.14635848999024
-65.73588562011648,-62.16085052490235
-65.73777770996021,-62.16651153564454
-65.7391204833977,-62.176383972167976
-65.74019622802663,-62.18438720703126
-65.74513244628834,-62.200984954833984
-65.75002288818287,-62.224700927734375
-65.75693511962818,-62.22779083251955
-65.75798315472532,-62.22936438820866
-65.76322937011646,-62.23724365234375
-65.76847839355396,-62.25056076049805
-65.77236938476491,-62.27408981323242
-65.772758483886,-62.29688262939454
-65.77347564697195,-62.354484558105476
-65.78099060058523,-62.37713241577148
-65.78753662109304,-62.399581909179695
-65.79179382324148,-62.39965057373046
-65.79818725585868,-62.38982009887696
-65.80387115478443,-62.37495422363281
-65.80791473388601,-62.36719131469726
-65.81380462646415,-62.36754989624024
-65.81909179687428,-62.365604400634766
-65.82601165771415,-62.35960006713868
-65.82981109619071,-62.359100341796875
-65.83450317382743,-62.36307907104493
-65.83934020996023,-62.37633132934571
-65.84632110595633,-62.38164138793945
-65.84892272949149,-62.38447952270508
-65.85274505615163,-62.40365982055665
-65.85617828369071,-62.41056060791015
-65.86357116699149,-62.40662384033202
-65.86489114060078,-62.408847328149704
-65.86751556396415,-62.41326904296874
-65.87296295165947,-62.4139289855957
-65.87889862060479,-62.40060806274413
-65.88388824462822,-62.39715576171875
-65.89326477050712,-62.39652633666992
-65.90206909179619,-62.40602111816406
-65.91162109374932,-62.41849136352539
-65.91837310790945,-62.4395751953125
-65.92178344726496,-62.455047607421875
-65.92647552490166,-62.46271514892579
-65.93304443359307,-62.47120666503906
-65.93876647949153,-62.474987030029304
-65.9456481933587,-62.466148376464844
-65.94856262206963,-62.44611358642578
-65.94886779785088,-62.432624816894545
-65.94934082031182,-62.425491333007805
-65.95159149169854,-62.40920639038087
-65.9486007690423,-62.36236953735352
-65.94505310058527,-62.33952713012694
-65.94573211669855,-62.32661437988282
-65.94662475585869,-62.317028045654304
-65.94235992431575,-62.27307510375977
-65.9434076732647,-62.265398581712184
-65.9435501098626,-62.264354705810554
-65.95208740234307,-62.270660400390625
-65.96804046630793,-62.278533935546875
-65.97364807128841,-62.28419113159179
-65.98551177978449,-62.26990509033203
-65.99258422851496,-62.27124786376952
-65.99858856201105,-62.264461517333984
-66.0046539306634,-62.263500213623054
-66.01907348632746,-62.244010925292976
-66.0222778320306,-62.228981018066406
-66.01866149902277,-62.22146224975586
-66.01469421386655,-62.209354400634766
-66.01825714111261,-62.197513580322266
-66.02535247802668,-62.193885803222656
-66.0314865112298,-62.200374603271484
-66.03827667236263,-62.19910049438477
-66.0451354980462,-62.189544677734375
-66.04856109619077,-62.18873596191408
-66.05322265624933,-62.168876647949226
-66.05538940429624,-62.157867431640625
-66.05994415283138,-62.150623321533196
-66.06392669677672,-62.152381896972656
-66.07148742675714,-62.13858413696289
-66.07460021972594,-62.113548278808594
-66.08473968505794,-62.099357604980476
-66.08933258056574,-62.082870483398445
-66.09764862060484,-62.070674896240234
-66.1069412231439,-62.052722930908196
-66.11445617675716,-62.02307891845704
-66.1198043823236,-61.99599075317383
-66.11999511718687,-61.95138549804688
-66.13035583496031,-61.926700592041016
-66.13082885742124,-61.884098052978516
-66.12844085693297,-61.85425949096681
-66.13243865966733,-61.85531997680665
-66.14250183105405,-61.84513473510742
-66.14255523681578,-61.822910308837876
-66.13901519775328,-61.804351806640625
-66.11860656738217,-61.79282760620117
-66.11466217040952,-61.79310607910157
-66.11183166503842,-61.789024353027344
-66.09997558593687,-61.80536270141602
-66.08999633788996,-61.76869201660156
-66.09605407714778,-61.75531005859375
-66.09545898437435,-61.723861694335945
-66.09139251708918,-61.6946487426758
-66.08721923828058,-61.68107986450196
-66.07568359374935,-61.674278259277344
-66.07019042968685,-61.652217864990234
-66.06255340576108,-61.65217208862306
-66.05539703369075,-61.6544075012207
-66.04724884033138,-61.6544189453125
-66.03950500488217,-61.65083312988282
-66.03242492675716,-61.64776992797852
-66.02839660644466,-61.6458625793457
-66.02361297607355,-61.64234924316406
-66.01634216308528,-61.637260437011726
-66.01392364501886,-61.62563705444336
-66.01496887206966,-61.61209869384767
-66.01615905761653,-61.591156005859375
-66.0189895629876,-61.57717895507814
-66.02889251708919,-61.55756759643555
-66.0351257324212,-61.54219436645508
-66.0369567871087,-61.52256393432618
-66.0336608886712,-61.502166748046875
-66.03645324706967,-61.49248504638672
-66.04344177246028,-61.48214340209961
-66.0484313964837,-61.47017288208007
-66.05250549316342,-61.46371078491211
-66.05781555175716,-61.45130920410157
-66.06913757324153,-61.395347595214865
-66.07057189941341,-61.34772109985351
-66.0684432983392,-61.326263427734375
-66.05921936035092,-61.31618118286133
-66.05033874511653,-61.315555572509766
-66.04353332519466,-61.31450653076171
-66.04045867919855,-61.31334686279296
-66.03371429443295,-61.3095588684082
-66.02995300292905,-61.31132507324218
-66.02297210693293,-61.31249618530274
-65.99825286865169,-61.30553817749021
-65.98904418945247,-61.313644409179666
-65.97666168212822,-61.33026504516602
-65.97322082519463,-61.33650588989257
-65.96784973144466,-61.35493469238282
-65.96018218994074,-61.36819076538086
-65.95333099365166,-61.36943435668945
-65.93236541747979,-61.36663055419922
-65.92608642578057,-61.36320114135742
-65.92260742187432,-61.358333587646484
-65.92092132568293,-61.35073852539062
-65.91922760009697,-61.34315872192382
-65.91809844970635,-61.32007598876954
-65.91821289062432,-61.306159973144524
-65.9184570312493,-61.29103088378907
-65.91757965087821,-61.26728820800781
-65.91482543945243,-61.24319076538087
-65.9162063598626,-61.231437683105455
-65.92053985595636,-61.22856521606445
-65.92846679687432,-61.23043441772461
-65.93215942382744,-61.227104187011726
-65.93584442138601,-61.21422576904297
-65.94145965576102,-61.2122573852539
-65.9531707763665,-61.20243072509764
-65.96080780029229,-61.182071685791016
-65.96392059326104,-61.143184661865234
-65.96740722656183,-61.122943878173814
-65.97577667236263,-61.112323760986335
-65.98362731933526,-61.10173034667968
-65.98751068115168,-61.08555984497069
-65.99185180663997,-61.077419281005824
-65.99239349365166,-61.05689239501953
-65.98775482177669,-61.03871154785155
-65.97959136962824,-61.025711059570305
-65.9683074951165,-61.02051544189453
-65.95731353759697,-61.02256774902343
-65.95144653320246,-61.02523040771485
-65.9479675292962,-61.0283203125
-65.94419860839776,-61.02946472167969
-65.93498229980399,-61.031070709228516
-65.92552185058526,-61.0300636291504
-65.91883850097588,-61.024314880371094
-65.91391754150321,-61.01557540893553
-65.91094836888378,-61.00397135580548
-65.91104125976493,-60.98678207397461
-65.91104888915947,-60.97967529296874
-65.91887799349881,-60.945052317139435
-65.92098864409397,-60.92078707301999
-65.92916778224365,-60.90565804143962
-65.93254201879702,-60.885697961883636
-65.92686732230634,-60.84487986766057
-65.91500830589672,-60.82536729765074
-65.91329956054619,-60.80987548828124
-65.9194030761712,-60.756988525390625
-65.9274902343743,-60.748382568359375
-65.93195343017508,-60.72369384765626
-65.93497467040947,-60.67620849609376
-65.93911743163993,-60.66119384765624
-65.93670654296808,-60.59014892578125
-65.94210052490168,-60.56408691406249
-65.95829772949152,-60.53546142578125
-65.96117401122979,-60.531494140625
-65.96250915527276,-60.54824829101563
-65.97031402587822,-60.543670654296875
-65.9747009277337,-60.54071044921875
-65.98257446288996,-60.56396484375
-65.98696136474543,-60.56097412109375
-65.99200439453057,-60.56640625000001
-65.99939727783138,-60.56552124023438
-66.00419616699153,-60.55886840820311
-66.00899505615169,-60.552215576171875
-66.01392364501886,-60.55160522460938
-66.0199517971474,-60.570808211788
-66.03064727783136,-60.59686279296875
-66.03773498535091,-60.6057434082031
-66.04061889648372,-60.60171508789062
-66.04428100585872,-60.61221313476563
-66.05347442626888,-60.60260009765624
-66.0589222045298,-60.61061837241655
-66.05777740478452,-60.6191291809082
-66.05729675292905,-60.640819549560554
-66.05548858642513,-60.65670013427733
-66.04881286621027,-60.67166519165039
-66.04272460937435,-60.68580627441407
-66.04077148437435,-60.6942367553711
-66.04486083984311,-60.701953887939446
-66.051307678222,-60.706417083740234
-66.06583404540949,-60.70545959472656
-66.07918548583919,-60.7061309814453
-66.09132385253844,-60.69125747680663
-66.1007995605462,-60.69536972045899
-66.11322784423763,-60.69539642333984
-66.12019348144467,-60.695323944091804
-66.12841796874939,-60.697345733642585
-66.13276672363217,-60.70281982421875
-66.13568115234311,-60.71220397949218
-66.13688659667905,-60.72777938842772
-66.13414764404233,-60.74306869506837
-66.1329193115228,-60.75817489624024
-66.13090515136655,-60.78010559082031
-66.12599182128842,-60.79264068603515
-66.11553955078061,-60.801307678222635
-66.10720062255798,-60.80897903442382
-66.0949783325189,-60.820072174072244
-66.08762359619077,-60.832103729248026
-66.07331085205013,-60.861320495605455
-66.06845855712827,-60.877525329589844
-66.0643844604486,-60.8869285583496
-66.06636047363217,-60.89566421508789
-66.07504272460872,-60.906658172607415
-66.07760620117122,-60.914588928222656
-66.0847778320306,-60.94293212890626
-66.08339691162044,-60.967716217041
-66.09140777587828,-61.01018142700196
-66.10671997070249,-61.01979446411132
-66.13336181640562,-61.00056076049804
-66.15750122070249,-60.959823608398445
-66.16670989990172,-60.914630889892564
-66.1733474731439,-60.89591979980468
-66.17753601074156,-60.87893676757813
-66.19515228271422,-60.85403823852538
-66.21088409423766,-60.86828231811522
-66.21853637695251,-60.89696502685546
-66.22926330566344,-60.920581817626946
-66.23941040039001,-60.91398620605469
-66.25452423095642,-60.89891052246093
-66.26635742187439,-60.9028205871582
-66.2724151611322,-60.920928955078125
-66.27213287353453,-60.94739913940429
-66.27629852294864,-60.97492599487305
-66.28208160400331,-60.99388885498047
-66.29747772216737,-61.007328033447266
-66.3138656616205,-60.990520477294915
-66.32564544677676,-60.98775863647462
-66.33978271484317,-60.97870635986326
-66.3453598022455,-60.96795272827147
-66.35064697265565,-61.013042449951165
-66.3544158935541,-61.07534027099609
-66.34729766845643,-61.14100646972656
-66.34207916259705,-61.155872344970696
-66.33364868164001,-61.15972518920899
-66.31916809081972,-61.1641731262207
-66.30046844482362,-61.170536041259766
-66.28150939941345,-61.17917251586913
-66.26410675048768,-61.17992401123047
-66.25423431396422,-61.16078186035155
-66.24464416503845,-61.14894866943359
-66.23648834228453,-61.150505065917976
-66.22642517089783,-61.14699554443359
-66.22064208984312,-61.145313262939446
-66.21037292480408,-61.14783096313476
-66.20259857177672,-61.15460205078125
-66.18679046630798,-61.170406341552734
-66.17181396484312,-61.20034408569336
-66.16667175292906,-61.23979568481444
-66.16641998290953,-61.263042449951165
-66.15724945068298,-61.27738189697264
-66.15304565429625,-61.300231933593736
-66.15451812744078,-61.31731796264648
-66.15836334228455,-61.33119201660156
-66.1658248901361,-61.343997955322244
-66.17295837402284,-61.355342864990234
-66.17604064941342,-61.37979507446289
-66.16880035400328,-61.40291213989257
-66.16782379150328,-61.41947555541993
-66.16571044921811,-61.441383361816406
-66.16786193847592,-61.46516799926758
-66.17558288574158,-61.47574996948242
-66.1833572387689,-61.49008178710938
-66.19102478027281,-61.49693679809571
-66.19853973388611,-61.492557525634766
-66.21362304687439,-61.487537384033196
-66.21891784667909,-61.49760055541993
-66.22663879394469,-61.50822067260741
-66.2344741821283,-61.505313873291016
-66.24616241455017,-61.49531555175779
-66.24990081787048,-61.48072052001954
-66.25563049316345,-61.47873306274415
-66.26010894775331,-61.49564743041993
-66.25847625732362,-61.50932312011718
-66.25661468505798,-61.52902603149414
-66.2397232055658,-61.55746841430663
-66.22657012939392,-61.57130432128906
-66.2194900512689,-61.60940933227538
-66.2244644165033,-61.667579650878885
-66.22419738769469,-61.69462966918947
-66.2236862182611,-61.72769927978515
-66.22790527343687,-61.75066757202149
-66.24669647216737,-61.77709960937501
-66.2585754394525,-61.78226470947266
-66.26931762695251,-61.767951965332024
-66.28075408935486,-61.73551940917969
-66.29061889648375,-61.724250793457024
-66.30011749267517,-61.70772552490236
-66.31425476074159,-61.698375701904304
-66.32673645019473,-61.70271301269532
-66.33958435058535,-61.71231079101563
-66.35077667236268,-61.73563003540039
-66.3626174926752,-61.73701858520508
-66.3824920654291,-61.70077514648439
-66.3924484252924,-61.67204284667969
-66.40305328369082,-61.671226501464844
-66.41104125976504,-61.679695129394524
-66.41783142089787,-61.68977737426758
-66.42682647705021,-61.681514739990234
-66.43527221679629,-61.67784118652343
-66.44390869140567,-61.68930435180665
-66.45051574706974,-61.68425369262695
-66.45708465576115,-61.700435638427734
-66.4611206054682,-61.708473205566406
-66.467178344726,-61.708019256591804
-66.47117614746037,-61.7122688293457
-66.47625732421818,-61.757431030273445
-66.47389984130803,-61.78947830200196
-66.45906829833928,-61.84590911865235
-66.4487457275385,-61.844352722167955
-66.43611145019472,-61.85356140136719
-66.4241180419916,-61.86574935913086
-66.40737152099551,-61.859325408935554
-66.38891601562442,-61.86286163330079
-66.36296844482364,-61.87445449829101
-66.3316116333002,-61.889400482177734
-66.31160736083926,-61.917869567871094
-66.30164337158145,-61.95016098022461
-66.28633880615173,-61.96469497680665
-66.27194976806581,-61.97990417480469
-66.26808166503845,-61.98691940307618
-66.25994873046814,-61.991939544677734
-66.25537109374939,-61.98846817016602
-66.24310302734314,-61.9742088317871
-66.22936248779237,-61.96381378173828
-66.21422576904236,-61.96477890014649
-66.20302581787047,-61.96623992919922
-66.2000808715814,-61.973926544189446
-66.19875335693297,-61.99275588989257
-66.20070648193298,-62.005382537841804
-66.2033233642574,-62.02471923828124
-66.20727539062439,-62.0574836730957
-66.21639274568075,-62.09647731791316
-66.21278307964782,-62.150285225998964
-66.20148235652819,-62.16736632831097
-66.17842260920085,-62.198214313865215
-66.17775780167307,-62.23898048689788
-66.17777487095267,-62.2800400780036
-66.183731943124,-62.31209449825962
-66.19085908253997,-62.327025799761344
-66.18763127713424,-62.3548661004678
-66.18847656249937,-62.37187576293946
-66.188873291015,-62.38459777832031
-66.18743896484314,-62.39590454101563
-66.18769104484066,-62.41027331092363
-66.19179606416327,-62.44087237725065
-66.19715289790572,-62.461639798215664
-66.20147643638731,-62.46768972679469
-66.20506091306525,-62.47303656016955
-66.2054365740621,-62.489771178877504
-66.20857098413299,-62.5229933884202
-66.21569426800885,-62.54389756182733
-66.22733449817643,-62.54333832391468
-66.22995372989962,-62.56019714552277
-66.23306688165763,-62.57122250347421
-66.23716735839783,-62.58516311645508
-66.23950379895606,-62.589725395655854
-66.24055480956972,-62.594051361083984
-66.23840497707258,-62.59723837908771
-66.22597311317831,-62.60939817362906
-66.22269348244835,-62.61613145850687
-66.22165736606287,-62.630128797378866
-66.22830200195271,-62.67782211303711
-66.23513601878226,-62.71439836399504
-66.24010467529234,-62.73451232910157
-66.25413513183533,-62.75437545776366
-66.26566314697206,-62.75854492187501
-66.30203247070251,-62.76124572753906
-66.3117218017572,-62.760208129882805
-66.32291412353455,-62.7553596496582
-66.32711029052675,-62.74618911743163
-66.33762359619081,-62.727020263671875
-66.35545349121035,-62.717411041259766
-66.36541748046817,-62.71030426025391
-66.37283325195254,-62.67985534667969
-66.38088989257756,-62.656166076660156
-66.38535308837831,-62.64089965820311
-66.39111328124942,-62.58778381347656
-66.40283203124942,-62.57070922851562
-66.41336822509707,-62.558963775634766
-66.4292678833002,-62.53260803222656
-66.44990539550723,-62.53634262084961
-66.47769165039008,-62.519317626953125
-66.48168182372993,-62.52750778198243
-66.4846115112299,-62.560031890869155
-66.4916839599604,-62.62733840942383
-66.49606323242132,-62.652244567871094
-66.52096557617133,-62.71753692626954
-66.53134155273382,-62.730899810791016
-66.54470825195256,-62.736576080322266
-66.55290985107366,-62.73937225341798
-66.58380126953071,-62.73004150390624
-66.58673858642524,-62.71088790893555
-66.59027862548774,-62.6909523010254
-66.5919799804682,-62.66954040527344
-66.59308624267524,-62.64891052246094
-66.59513854980416,-62.63663864135742
-66.59626007080024,-62.61981582641602
-66.59278106689398,-62.59553527832032
-66.59055328369087,-62.57731628417968
-66.59101867675726,-62.55365753173828
-66.59335327148382,-62.5390739440918
-66.59510803222602,-62.52909088134766
-66.60170745849557,-62.516620635986335
-66.60750579833932,-62.52249145507812
-66.61272430419866,-62.5329704284668
-66.61647796630805,-62.551143646240234
-66.61989593505805,-62.56399154663086
-66.62386322021433,-62.5684242248535
-66.62841796874946,-62.5682487487793
-66.63543701171821,-62.57638549804688
-66.64360046386663,-62.5714912414551
-66.65657806396432,-62.5602912902832
-66.66139221191354,-62.55398559570313
-66.66067504882761,-62.5356559753418
-66.65592956542915,-62.50524902343751
-66.64532470703071,-62.46134567260743
-66.64519500732368,-62.442241668701165
-66.65209960937446,-62.43123245239258
-66.66119384765572,-62.43083190917967
-66.66127777099558,-62.44230270385743
-66.66527557372994,-62.45054244995118
-66.67474365234321,-62.459320068359375
-66.68018341064399,-62.45602416992187
-66.6884613037104,-62.456424713134766
-66.7017440795893,-62.464603424072266
-66.70283427349098,-62.4677313041964
-66.71137237548777,-62.49224472045899
-66.7157287597651,-62.509700775146484
-66.72326660156197,-62.55004882812501
-66.72338104247996,-62.56921768188475
-66.72684478759716,-62.589801788330085
-66.73892974853466,-62.58167266845703
-66.74981689453074,-62.575119018554666
-66.75983428955026,-62.57550811767579
-66.76905059814402,-62.5943717956543
-66.77337646484325,-62.60805130004882
-66.77738952636669,-62.62020492553712
-66.77350616455027,-62.631107330322266
-66.76993560790964,-62.643531799316406
-66.76631927490182,-62.64826965332031
-66.74241638183541,-62.66215133666992
-66.72817993164013,-62.66724014282227
-66.70948028564403,-62.68780517578124
-66.70352935790963,-62.71099090576172
-66.69541931152291,-62.72734069824219
-66.68427276611274,-62.743766784667976
-66.67526245117135,-62.763175964355476
-66.66803741455026,-62.776397705078125
-66.6584091186518,-62.79273986816407
-66.65418243408152,-62.79821014404297
-66.64784240722602,-62.80450439453126
-66.64084625244087,-62.800113677978516
-66.6326065063471,-62.78964614868164
-66.62321472167915,-62.792205810546896
-66.6101913452143,-62.79562377929688
-66.60233306884712,-62.801948547363274
-66.59967041015571,-62.818805694580085
-66.59671783447213,-62.83795547485352
-66.58676147460883,-62.84889221191406
-66.5661468505854,-62.85246658325195
-66.54124450683538,-62.84244918823243
-66.5188598632807,-62.855953216552734
-66.50135040283146,-62.87462615966797
-66.46665954589788,-62.92097854614258
-66.4640274047846,-62.9490966796875
-66.46438598632756,-62.96577453613282
-66.45715332031193,-62.978809356689446
-66.44928741455021,-62.985027313232415
-66.43505859374942,-62.989852905273445
-66.4275054931635,-62.997570037841804
-66.40998840331974,-63.019844055175795
-66.393203735351,-63.0904541015625
-66.38626098632756,-63.101139068603516
-66.36329650878848,-63.13016128540039
-66.35304260253848,-63.15444564819337
-66.34579467773376,-63.1673583984375
-66.33218383789003,-63.17882537841797
-66.32250213622987,-63.18722534179688
-66.31674957275331,-63.192562103271484
-66.3073730468744,-63.20244979858399
-66.30072021484315,-63.20703506469727
-66.29040527343689,-63.20111465454103
-66.27586364746033,-63.200511932373054
-66.26525115966736,-63.193099975585945
-66.25920104980408,-63.196922302246094
-66.25254821777283,-63.2052574157715
-66.25226593017517,-63.2187843322754
-66.25470733642517,-63.23078536987305
-66.25564575195251,-63.25031280517579
-66.25294494628847,-63.27062225341797
-66.25205993652283,-63.29241943359375
-66.25933837890564,-63.30214309692382
-66.2647933959955,-63.30662155151367
-66.2687530517572,-63.329910278320305
-66.2639236450189,-63.358497619628906
-66.26332092285097,-63.374286651611335
-66.2633285522455,-63.40059661865233
-66.26515197753845,-63.42464828491211
-66.27182006835876,-63.45021438598633
-66.27484130859315,-63.46525955200196
-66.2751464843744,-63.48180389404297
-66.2775650024408,-63.49384689331055
-66.28240203857362,-63.51041030883789
-66.29572296142518,-63.52023696899415
-66.3062973022455,-63.5654640197754
-66.3195800781244,-63.6054801940918
-66.32897186279237,-63.6070556640625
-66.3383789062494,-63.59732055664063
-66.34445190429629,-63.58227539062501
-66.35415649414004,-63.574039459228516
-66.36203765869084,-63.57181930541992
-66.3699188232416,-63.5696029663086
-66.37567138671817,-63.575679779052734
-66.38507080078067,-63.5696907043457
-66.3938674926752,-63.56444931030275
-66.3956756591791,-63.57353210449219
-66.39263153076114,-63.58863449096679
-66.38378143310487,-63.63920211791993
-66.37979125976506,-63.66863250732422
-66.38024902343692,-63.747215270996094
-66.38154602050723,-63.834129333496094
-66.38028717040957,-63.85072708129883
-66.37934875488223,-63.86128997802735
-66.37901306152285,-63.8711051940918
-66.38201141357364,-63.882495880126974
-66.38835906982364,-63.88790893554687
-66.39378356933535,-63.896331787109375
-66.39952850341739,-63.90249633789062
-66.40679168701114,-63.90491485595703
-66.41838836669864,-63.87942123413085
-66.4300994873041,-63.81225585937499
-66.43628692626896,-63.763126373291016
-66.44022369384707,-63.76394271850586
-66.43988037109317,-63.78136062622071
-66.4388656616205,-63.82224655151368
-66.44004821777285,-63.83211517333984
-66.44989013671818,-63.88609313964844
-66.46080017089788,-63.88782501220703
-66.47983551025332,-63.90793228149414
-66.49131011962834,-63.920318603515625
-66.49645996093696,-63.92346572875976
-66.50315093994087,-63.91525268554688
-66.51483154296821,-63.8668556213379
-66.52253723144477,-63.82138442993165
-66.53197479247991,-63.80785369873047
-66.54014587402285,-63.81483459472657
-66.54676055908149,-63.83321380615234
-66.55222320556585,-63.83406829833986
-66.56012725830024,-63.824306488037124
-66.57440185546818,-63.81616973876954
-66.58139038085883,-63.813236236572266
-66.58503723144476,-63.80872344970704
-66.58990478515571,-63.80270385742188
-66.5938796997065,-63.79209136962891
-66.596328735351,-63.7814521789551
-66.60057830810493,-63.779991149902344
-66.60417175292916,-63.798355102539055
-66.60839080810496,-63.80834197998047
-66.60652923583929,-63.82586288452149
-66.60429382324163,-63.86473846435547
-66.60053253173774,-63.903572082519524
-66.60381317138616,-63.92042541503906
-66.59489440917915,-63.95608139038087
-66.58390808105416,-63.973365783691406
-66.57142639160102,-63.986785888671875
-66.56562805175726,-63.99578475952148
-66.56465911865179,-64.01023101806642
-66.56733703613227,-64.02400970458984
-66.56697845458929,-64.0377197265625
-66.56631469726507,-64.04988861083984
-66.57172393798776,-64.06222534179688
-66.58287811279241,-64.07701110839844
-66.6007614135737,-64.07980346679688
-66.61170959472604,-64.07401275634766
-66.62387084960883,-64.06671905517578
-66.63053131103463,-64.06995391845703
-66.63256835937446,-64.08834838867188
-66.6315765380854,-64.10665130615234
-66.62784576415964,-64.12640380859375
-66.63263702392526,-64.13953399658203
-66.6371612548823,-64.14350128173828
-66.6413421630854,-64.15738677978516
-66.64794158935496,-64.172119140625
-66.65827941894479,-64.16709899902344
-66.66657257080027,-64.14747619628906
-66.66696166992135,-64.12989044189453
-66.67309570312449,-64.1147689819336
-66.68251037597602,-64.11275482177734
-66.68656158447213,-64.09066772460938
-66.68822479247993,-64.0562515258789
-66.69475555419871,-64.01966094970703
-66.70127868652293,-63.979217529296875
-66.70139312744087,-63.948570251464844
-66.70602416992133,-63.925682067871094
-66.71334838867136,-63.91280746459962
-66.72069549560494,-63.89225387573242
-66.72437286376902,-63.88005447387695
-66.73538208007761,-63.85110855102539
-66.7454605102534,-63.829029083251946
-66.75762939453074,-63.81771850585938
-66.76737976074169,-63.8017463684082
-66.78868865966747,-63.775169372558594
-66.79507446289014,-63.76911163330079
-66.80266571044872,-63.769222259521484
-66.80720520019482,-63.77313995361328
-66.81480407714794,-63.76940155029297
-66.82028198242138,-63.762550354003885
-66.82393646240185,-63.75798034667969
-66.8281936645503,-63.75264739990235
-66.83369445800732,-63.734226226806626
-66.83765411376905,-63.72734069824219
-66.83980560302685,-63.71503448486329
-66.84588623046825,-63.71125411987305
-66.85315704345653,-63.717514038085945
-66.86316680908153,-63.72227096557617
-66.87619781494092,-63.73093032836915
-66.894409179687,-63.73503494262696
-66.90228271484327,-63.7444190979004
-66.90344620025711,-63.74965085740904
-66.91400146484327,-63.79717636108399
-66.91855624089193,-63.81511445888074
-66.92662048339794,-63.84691238403319
-66.92534637451122,-63.86778259277344
-66.92287445068311,-63.882438659667976
-66.92374420165967,-63.89580535888671
-66.92429351806594,-63.91245651245117
-66.92523193359327,-63.92814636230468
-66.92565155029247,-63.93821716308594
-66.9292678833003,-63.96693801879883
-66.93011474609328,-63.98418045043946
-66.93135070800733,-63.99950027465821
-66.93199157714797,-64.00977325439453
-66.93451690673781,-64.02300262451172
-66.93447113037062,-64.03461456298828
-66.93455505371047,-64.05184173583984
-66.93497467040969,-64.05901336669922
-66.9378051757808,-64.07186889648438
-66.94071960449172,-64.10002899169922
-66.93894958496045,-64.1055908203125
-66.93543243408155,-64.10993957519531
-66.93064117431594,-64.11250305175781
-66.92861554591421,-64.11305430151519
-66.92615509033155,-64.11372375488281
-66.92241668701125,-64.11786651611328
-66.91744232177687,-64.12641906738281
-66.91438293456983,-64.13115692138672
-66.90927124023389,-64.13699340820312
-66.90704345703077,-64.14214324951173
-66.90643310546828,-64.15778350830078
-66.90396118164014,-64.16756439208984
-66.90203857421828,-64.17233276367189
-66.89929199218702,-64.17475128173828
-66.89405059814406,-64.17593383789062
-66.88957977294875,-64.17424011230469
-66.88223266601513,-64.1852035522461
-66.8777999877925,-64.20552062988281
-66.87577819824169,-64.21568298339844
-66.87397766113233,-64.22604370117188
-66.86917114257763,-64.23050689697266
-66.86429595947216,-64.2336196899414
-66.85812377929638,-64.23783111572266
-66.84651947021435,-64.2501449584961
-66.84205627441355,-64.26136016845703
-66.84025573730419,-64.27073669433594
-66.83924865722608,-64.28727722167969
-66.84009552001902,-64.2986831665039
-66.84538269042919,-64.314697265625
-66.85437011718702,-64.32237243652344
-66.86074829101513,-64.32127380371094
-66.86870574951124,-64.31155395507814
-66.87235260009716,-64.3099594116211
-66.876945495605,-64.31631469726562
-66.87865447997999,-64.32333374023438
-66.87996673583936,-64.331298828125
-66.88236236572219,-64.33699798583984
-66.89245605468702,-64.34957122802734
-66.89700317382761,-64.35072326660156
-66.90210723876902,-64.34783935546875
-66.90841674804639,-64.34635925292969
-66.91017913818311,-64.355712890625
-66.90814208984325,-64.36587524414062
-66.91307830810497,-64.3770980834961
-66.91415405273389,-64.3868179321289
-66.91152954101514,-64.39385986328125
-66.9062194824214,-64.40465545654297
-66.90451049804639,-64.41057586669922
-66.90173339843703,-64.41683197021484
-66.89905548095655,-64.41961669921875
-66.89609527587842,-64.41986846923828
-66.89280700683544,-64.42340087890625
-66.89159393310497,-64.43396759033203
-66.89427947998001,-64.4412384033203
-66.89532470703078,-64.4548110961914
-66.90123748779247,-64.46629333496094
-66.90300750732375,-64.4847412109375
-66.90262603759719,-64.50579071044922
-66.9021759033198,-64.51543426513672
-66.8910598754878,-64.53035736083984
-66.87828063964795,-64.54344940185545
-66.8691635131831,-64.54492950439453
-66.86112976074169,-64.54318237304688
-66.84630584716749,-64.53628540039062
-66.83828735351511,-64.5326156616211
-66.82797241210888,-64.53173065185548
-66.81473541259716,-64.5262680053711
-66.80526733398388,-64.52388763427734
-66.79865264892527,-64.52472686767578
-66.79400634765575,-64.52796173095702
-66.79035949706982,-64.52759552001953
-66.78565979003855,-64.52755737304688
-66.78178405761668,-64.52794647216797
-66.773803710937,-64.53948211669923
-66.77128601074168,-64.56107330322266
-66.76882934570261,-64.59400177001953
-66.77018737792918,-64.60426330566405
-66.77476501464793,-64.62967681884766
-66.77838897705027,-64.64102172851562
-66.78408813476511,-64.64843750000001
-66.79019165039014,-64.6449203491211
-66.8022232055659,-64.63093566894531
-66.80555725097607,-64.6316909790039
-66.8148651123042,-64.63430786132812
-66.82275390624949,-64.63529968261719
-66.82695770263621,-64.6407241821289
-66.82773590087841,-64.64789581298828
-66.82937622070264,-64.66879272460938
-66.83424377441357,-64.69488525390625
-66.83361816406203,-64.70565032958983
-66.8321990966792,-64.73736572265625
-66.83271026611278,-64.75627899169922
-66.83567047119091,-64.76416778564453
-66.84032440185499,-64.77812957763672
-66.8458480834956,-64.78868103027344
-66.84808349609327,-64.7926712036133
-66.85344696044872,-64.7872085571289
-66.85958099365185,-64.78082275390625
-66.86203765869091,-64.7859878540039
-66.86848449706983,-64.77826690673828
-66.87401580810497,-64.77164459228517
-66.87781524658155,-64.7627944946289
-66.87797546386669,-64.75353240966797
-66.8791961669917,-64.74394989013672
-66.88375091552685,-64.73609924316406
-66.88903045654249,-64.73118591308594
-66.9059524536128,-64.71514892578125
-66.91380310058547,-64.71095275878906
-66.91764068603467,-64.70633697509766
-66.93100738525342,-64.69741058349611
-66.94151306152295,-64.69432067871094
-66.95170593261672,-64.7007064819336
-66.96147155761672,-64.70378112792969
-66.96718597412062,-64.70216369628906
-66.97515106201125,-64.69446563720703
-66.98621368408156,-64.68829345703125
-66.9907608032222,-64.69766998291016
-66.99143218994094,-64.70838165283202
-66.99349212646436,-64.74188995361328
-66.99553680419876,-64.76724243164062
-66.99522399902298,-64.80120086669922
-66.9914703369136,-64.81339263916016
-66.99298858642531,-64.82881927490234
-66.99347686767533,-64.84981536865234
-66.99488067626906,-64.87688446044922
-66.9998931884761,-64.9001235961914
-67.00303649902297,-64.91935729980469
-67.00782012939406,-64.93424224853516
-67.01137542724564,-64.94342041015625
-67.01824188232375,-64.96253967285156
-67.02197265624953,-64.97581481933594
-67.02532958984328,-64.98188018798828
-67.03238677978469,-64.98976135253906
-67.03626251220658,-64.98944091796875
-67.0424194335933,-64.98209381103516
-67.04586791992142,-64.97221374511719
-67.04615020751908,-64.95938873291016
-67.04788970947219,-64.95249938964844
-67.05180358886672,-64.94926452636719
-67.0583648681636,-64.94620513916016
-67.0608291625972,-64.94325256347656
-67.0681762695308,-64.92291259765625
-67.06916046142531,-64.91596221923828
-67.0702285766597,-64.90746307373047
-67.07234954833939,-64.90058898925781
-67.07543182373003,-64.89591979980469
-67.07831573486283,-64.89630126953125
-67.08203124999953,-64.89713287353516
-67.08701324462845,-64.89258575439453
-67.09059906005814,-64.88346099853516
-67.09208679199173,-64.86386108398438
-67.08840179443314,-64.84374237060547
-67.08797454833939,-64.83319091796875
-67.08888244628862,-64.80127716064453
-67.08934020996047,-64.79253387451172
-67.09267425537065,-64.76056671142578
-67.09648895263626,-64.7332992553711
-67.10189056396439,-64.7238540649414
-67.10770416259722,-64.7187271118164
-67.11119842529251,-64.71932220458984
-67.11830902099565,-64.7222671508789
-67.128524780273,-64.70938873291016
-67.13569641113237,-64.69729614257812
-67.1445562502848,-64.68913992939338
-67.14550018310503,-64.68827056884766
-67.14813232421831,-64.69135284423828
-67.15164947509722,-64.70640563964844
-67.15723419189409,-64.72863006591797
-67.1661758422847,-64.74871063232422
-67.1701965332027,-64.77477264404297
-67.17482757568317,-64.80010223388672
-67.17731475830035,-64.82608795166014
-67.18128967285112,-64.85608673095703
-67.18855285644489,-64.85890197753906
-67.1952514648433,-64.85855102539062
-67.20072937011676,-64.88867950439455
-67.20136260986284,-64.91693878173828
-67.20314025878864,-64.95154571533203
-67.20683288574175,-64.97610473632812
-67.21307373046832,-64.9898681640625
-67.22062683105426,-64.99431610107422
-67.2298660278316,-64.98319244384766
-67.24570465087848,-64.92147064208984
-67.25019073486287,-64.8675765991211
-67.25822448730426,-64.85395050048828
-67.2603302001949,-64.82422637939455
-67.26185607910114,-64.79131317138672
-67.26630401611284,-64.7703628540039
-67.27776336669879,-64.74667358398438
-67.28597259521443,-64.74637603759766
-67.299293518066,-64.75346374511719
-67.31231689453085,-64.7589645385742
-67.31980895996054,-64.77123260498047
-67.32559967040973,-64.80310821533203
-67.32798767089801,-64.84108734130858
-67.33296966552692,-64.92261505126953
-67.33963775634727,-64.98458099365234
-67.35108947753865,-65.02326202392578
-67.35909271240195,-65.0427780151367
-67.36548614501912,-65.07009887695312
-67.36731719970663,-65.09708404541016
-67.36068725585895,-65.11869049072266
-67.35057830810507,-65.12501525878906
-67.34198760986285,-65.13146209716798
-67.33567810058553,-65.15068817138672
-67.3370132446285,-65.16657257080078
-67.34291076660115,-65.18280792236328
-67.3479003906246,-65.19819641113281
-67.36048889160116,-65.21420288085938
-67.36798858642537,-65.22270202636719
-67.38912200927693,-65.21098327636719
-67.39852905273396,-65.21331787109375
-67.40489196777304,-65.24073028564453
-67.40763854980429,-65.26469421386719
-67.40419769287071,-65.3213653564453
-67.39320373535115,-65.34810638427734
-67.37998962402305,-65.35802459716797
-67.35570526123004,-65.3772201538086
-67.34519958496051,-65.38970947265625
-67.33986663818317,-65.40186309814453
-67.33908843994098,-65.41441345214844
-67.33815765380818,-65.43878173828125
-67.34874725341756,-65.454345703125
-67.35522460937459,-65.46994018554688
-67.36190795898398,-65.50372314453125
-67.37694549560506,-65.52764892578125
-67.38831329345662,-65.53070831298828
-67.39486694335898,-65.51907348632812
-67.40417480468712,-65.50611114501953
-67.40946197509726,-65.50858306884766
-67.41509246826132,-65.49803161621092
-67.42037963867148,-65.48981475830077
-67.4269027709957,-65.4908218383789
-67.43261718749962,-65.49571228027345
-67.44066619873007,-65.49686431884766
-67.45297241210899,-65.50951385498047
-67.46290588378868,-65.50648498535156
-67.47247314453085,-65.4970703125
-67.47588348388632,-65.50374603271484
-67.47763061523399,-65.52017974853516
-67.47997283935507,-65.53787231445312
-67.48030853271445,-65.55696105957031
-67.48047637939415,-65.57722473144531
-67.48326110839805,-65.5953598022461
-67.48696899414024,-65.61240386962892
-67.49110412597618,-65.62115478515625
-67.49768829345665,-65.62896728515625
-67.51086425781212,-65.62313079833984
-67.51784515380821,-65.61388397216797
-67.52418518066368,-65.59661102294922
-67.52864074706991,-65.58352661132812
-67.53539276123007,-65.57940673828125
-67.5407180786129,-65.5799331665039
-67.54690551757774,-65.58332824707031
-67.5547332763668,-65.58966827392577
-67.57038879394493,-65.57008361816406
-67.57298278808555,-65.55917358398436
-67.57616424560507,-65.53874969482422
-67.5786361694332,-65.52503204345703
-67.58209991455041,-65.51698303222656
-67.59001159667932,-65.50656890869142
-67.59583282470665,-65.49275207519531
-67.59751892089805,-65.48094177246094
-67.59944152831996,-65.45118713378906
-67.60038757324182,-65.43730163574219
-67.6016998291012,-65.41905975341795
-67.60661315917932,-65.40433502197266
-67.61284637451135,-65.39291381835938
-67.62368774414024,-65.39069366455078
-67.62909698486291,-65.3959732055664
-67.63735198974572,-65.39391326904298
-67.64457702636682,-65.38816833496094
-67.6482315063473,-65.37689208984375
-67.65023803710899,-65.3626708984375
-67.65120697021449,-65.31034851074219
-67.65583038330041,-65.28113555908203
-67.66239166259729,-65.26728057861328
-67.6690063476559,-65.26223754882812
-67.67247009277308,-65.26493072509766
-67.67629241943322,-65.27606201171875
-67.67951965331996,-65.29876708984375
-67.68566894531213,-65.30610656738281
-67.69008636474574,-65.3185043334961
-67.69036102294886,-65.33296203613281
-67.6906890869137,-65.34340667724611
-67.69239044189418,-65.35317993164062
-67.69383239746058,-65.35931396484375
-67.71228027343714,-65.38140869140625
-67.71723175048793,-65.39910888671875
-67.72388458251918,-65.4374465942383
-67.72303009033165,-65.45623016357422
-67.72131347656214,-65.4701156616211
-67.72200012206994,-65.4870376586914
-67.72764587402308,-65.51969146728516
-67.73424530029261,-65.5383987426758
-67.73677825927699,-65.55310821533203
-67.73889160156214,-65.56536865234375
-67.74153900146449,-65.57205200195312
-67.75643920898402,-65.58477783203126
-67.7596817016598,-65.5818862915039
-67.7619323730465,-65.57325744628906
-67.77191162109341,-65.56820678710938
-67.78261566162075,-65.57610321044922
-67.78531646728482,-65.57878875732423
-67.794395446777,-65.57283782958984
-67.81070709228482,-65.55026245117188
-67.81276702880825,-65.5448226928711
-67.81473541259733,-65.53453063964845
-67.81786346435513,-65.5287857055664
-67.82470703124966,-65.52944946289062
-67.82949829101527,-65.53556060791016
-67.83620452880825,-65.53540802001953
-67.841758728027,-65.53070068359376
-67.84758758544888,-65.52763366699219
-67.85167694091763,-65.54054260253906
-67.86250305175747,-65.58402252197266
-67.86909484863246,-65.59195709228516
-67.88214111328094,-65.5960922241211
-67.8894119262692,-65.58832550048828
-67.90446472167936,-65.58010864257812
-67.91041564941374,-65.56896209716797
-67.91991424560516,-65.54357147216797
-67.92854309081999,-65.53711700439453
-67.94107818603484,-65.52293395996094
-67.94400787353484,-65.50942993164062
-67.94667816162077,-65.49224853515625
-67.94596099853482,-65.46622467041016
-67.94447326660125,-65.4291763305664
-67.94551849365203,-65.40696716308594
-67.9497909545895,-65.39479064941406
-67.95906066894499,-65.38548278808594
-67.9684371948239,-65.37902832031251
-67.97147369384733,-65.36833953857422
-67.97403717040984,-65.34623718261717
-67.97647857665982,-65.32127380371094
-67.98020172119111,-65.3037338256836
-67.98627471923794,-65.29328918457031
-67.99017333984342,-65.29850769042969
-68.00643920898405,-65.3515625
-68.02657318115202,-65.39895629882812
-68.0336990356442,-65.42526245117188
-68.03770446777311,-65.4573974609375
-68.04985046386689,-65.50663757324219
-68.06192779540983,-65.54898834228516
-68.06759643554656,-65.58013916015624
-68.07928466796844,-65.62702178955078
-68.08787536621065,-65.64464569091797
-68.09249877929658,-65.65206146240234
-68.09271240234345,-65.66883087158203
-68.0863265991208,-65.6885757446289
-68.08332824707,-65.69520568847656
-68.08154296874969,-65.70236206054688
-68.08229827880828,-65.71346282958984
-68.08739471435517,-65.71931457519531
-68.10133361816376,-65.71549224853516
-68.11254119873017,-65.73099517822266
-68.1192855834958,-65.74889373779297
-68.12297058105439,-65.75747680664062
-68.1370620727536,-65.74345397949219
-68.14430236816376,-65.72868347167969
-68.1521224975583,-65.69512176513672
-68.15392303466767,-65.66582489013672
-68.15270996093717,-65.62310028076172
-68.14806365966766,-65.56243896484375
-68.14572143554656,-65.53314208984375
-68.13996124267548,-65.4969711303711
-68.13812255859342,-65.48615264892578
-68.13766479492156,-65.47464752197266
-68.13903045654267,-65.45185852050783
-68.1375808715817,-65.43453979492188
-68.13404083251923,-65.41374969482422
-68.13253021240203,-65.40052032470703
-68.13370513915986,-65.39203643798828
-68.13754272460906,-65.36620330810547
-68.14566040039033,-65.33910369873047
-68.16197967529266,-65.31393432617189
-68.16760253906219,-65.3029556274414
-68.17416381835906,-65.2777099609375
-68.17411804199187,-65.26868438720705
-68.17166900634734,-65.256591796875
-68.15919494628876,-65.22767639160156
-68.15016937255827,-65.19048309326172
-68.14598083496064,-65.18358612060547
-68.10782623290984,-65.13225555419922
-68.1024627685544,-65.12080383300783
-68.0882873535153,-65.07804870605469
-68.07397460937469,-65.0475845336914
-68.05629730224578,-65.01731872558594
-68.04077911376919,-64.99947357177734
-68.03522491455047,-64.9913330078125
-68.03192901611297,-64.98539733886719
-68.02940368652311,-64.9795150756836
-68.0267868041989,-64.96671295166016
-68.02519989013639,-64.95764160156251
-68.02423095703092,-64.94780731201172
-68.0228042602536,-64.93753814697266
-68.02288818359342,-64.92940521240234
-68.02510833740202,-64.92060852050781
-68.02951049804655,-64.92213439941406
-68.03241729736297,-64.93658447265625
-68.03596496582,-64.94822692871094
-68.04090118408172,-64.9571304321289
-68.04553222656217,-64.95134735107422
-68.04927825927702,-64.9426498413086
-68.05531311035125,-64.94918823242188
-68.06161499023406,-64.95941925048828
-68.0745620727536,-64.99052429199217
-68.07909393310517,-64.99493408203125
-68.0833511352536,-64.99565124511719
-68.09117889404266,-64.99091339111328
-68.09811401367156,-64.96814727783203
-68.10562133789031,-64.93355560302734
-68.10779571533173,-64.91368865966798
-68.10612487792937,-64.89764404296875
-68.10313415527312,-64.8913116455078
-68.09999847412078,-64.8841552734375
-68.0987319946286,-64.87263488769531
-68.09696197509734,-64.8667984008789
-68.0917053222653,-64.85828399658203
-68.0775375366208,-64.85693359375
-68.07257080078094,-64.85008239746094
-68.07005310058562,-64.8421630859375
-68.07243347167937,-64.8321304321289
-68.07672882080047,-64.8287353515625
-68.08063507080048,-64.81879425048828
-68.0823745727536,-64.81156158447266
-68.08264923095672,-64.79811096191406
-68.08558654785125,-64.79340362548828
-68.09002685546844,-64.79082489013672
-68.09188037994153,-64.78825084156928
-68.10576629638642,-64.76895141601562
-68.11061096191376,-64.75577545166016
-68.1164321899411,-64.75245666503906
-68.11848449707,-64.76197814941408
-68.12145996093719,-64.77033996582031
-68.13008117675751,-64.77864837646484
-68.14402770996062,-64.7701187133789
-68.15220642089815,-64.77594757080078
-68.15409851074187,-64.78671264648438
-68.15941619873017,-64.78909301757812
-68.1653289794919,-64.7927474975586
-68.1708984374997,-64.80088806152344
-68.17423248290986,-64.81995391845703
-68.17423248290986,-64.837158203125
-68.17501068115205,-64.85237121582031
-68.17641448974581,-64.86476135253906
-68.17984008789033,-64.87359619140626
-68.18365478515594,-64.87385559082031
-68.19283294677705,-64.87037658691406
-68.20104217529267,-64.88939666748047
-68.20573425292939,-64.92501068115234
-68.20983886718722,-64.94212341308595
-68.2223434448239,-64.94259643554688
-68.22658538818331,-64.94536590576172
-68.22762298583957,-64.9643325805664
-68.2251663208005,-65.010986328125
-68.22688293457,-65.09492492675781
-68.21994018554659,-65.11573791503908
-68.21507263183564,-65.12890625
-68.21422576904264,-65.15019226074219
-68.2127151489255,-65.17634582519531
-68.21819305419892,-65.19075775146484
-68.2310791015622,-65.19798278808594
-68.23743438720675,-65.18905639648438
-68.24273681640594,-65.17839813232422
-68.25071716308562,-65.18769073486328
-68.26272583007781,-65.23148345947266
-68.262153625488,-65.25447845458984
-68.25442504882783,-65.28837585449219
-68.2517776489255,-65.30583190917969
-68.25897979736297,-65.32827758789062
-68.26911926269501,-65.33494567871095
-68.2776412963864,-65.33653259277345
-68.28926849365205,-65.35858917236328
-68.29866027832,-65.40067291259766
-68.30539703369111,-65.42274475097656
-68.30786895751923,-65.44401550292969
-68.31133270263643,-65.4822998046875
-68.31619262695284,-65.49555969238281
-68.34193420410129,-65.48815155029297
-68.35074615478487,-65.50264739990234
-68.35771942138643,-65.5062255859375
-68.36576080322239,-65.4871597290039
-68.37125396728486,-65.46410369873047
-68.37749481201145,-65.42994689941406
-68.38210296630831,-65.37946319580078
-68.38236999511692,-65.34555053710938
-68.38066101074189,-65.33546447753906
-68.37129974365206,-65.28911590576172
-68.36660003662082,-65.23493194580078
-68.36018371582003,-65.18187713623047
-68.36241912841768,-65.15973663330078
-68.36290740966768,-65.142822265625
-68.36120605468722,-65.08893585205078
-68.36440277099581,-65.07471466064455
-68.36836242675754,-65.07585144042969
-68.37080383300754,-65.06156158447264
-68.37281036376926,-65.04475402832033
-68.3745803833005,-65.0353775024414
-68.37858581542942,-65.01705932617188
-68.3862533569333,-65.01349639892578
-68.39183390747844,-65.01253942309707
-68.39466094970676,-65.01205444335938
-68.40208435058567,-64.98733520507814
-68.40781402587862,-64.97905731201172
-68.41640472412081,-64.98963928222655
-68.42235565185521,-65.00458526611328
-68.43360900878879,-65.02409362792969
-68.44017028808568,-65.03748321533203
-68.46329498290989,-65.07145690917969
-68.47612762451143,-65.10337829589844
-68.48443603515597,-65.12566375732422
-68.49105834960912,-65.16239166259764
-68.49719238281223,-65.17412567138673
-68.5069198608396,-65.19158935546875
-68.50844573974582,-65.20503997802734
-68.50740051269504,-65.21660614013672
-68.50861358642551,-65.23045349121094
-68.51235198974582,-65.2503433227539
-68.51800537109348,-65.25041961669922
-68.52529144287084,-65.25354766845703
-68.53124237060518,-65.29324340820312
-68.55097198486303,-65.34130859375
-68.56505584716771,-65.35135650634766
-68.59066772460913,-65.32946014404297
-68.6038970947263,-65.29635620117188
-68.60910797119115,-65.242431640625
-68.61225891113254,-65.20755004882812
-68.62110137939429,-65.19532775878906
-68.62727355957004,-65.17616271972656
-68.63353729248023,-65.16202545166016
-68.6427612304685,-65.15650939941406
-68.64807128906224,-65.1456298828125
-68.64888000488257,-65.05474090576172
-68.65087890624973,-64.99327850341797
-68.65863800048803,-64.98127746582031
-68.67294311523413,-64.95464324951172
-68.6753768920896,-64.94013214111328
-68.67842864990212,-64.8916702270508
-68.6855087280271,-64.86907196044922
-68.69204711914038,-64.83885955810547
-68.69622802734351,-64.7971420288086
-68.69533538818335,-64.77649688720703
-68.68469238281226,-64.73425292968751
-68.67783355712866,-64.71410369873047
-68.6700592041013,-64.69306945800783
-68.6662979125974,-64.68655395507812
-68.66622924804662,-64.67522430419922
-68.66637639432793,-64.67496965020054
-68.67583465576146,-64.6585922241211
-68.6835327148435,-64.65065002441406
-68.69130706787084,-64.65193939208984
-68.70511627197241,-64.64434814453124
-68.71533966064429,-64.62476348876953
-68.72639465332007,-64.59679412841795
-68.73313903808571,-64.59422302246094
-68.74335479736304,-64.59647369384766
-68.75701141357398,-64.58797454833984
-68.76683807373023,-64.58135223388672
-68.7792053222654,-64.56095123291016
-68.78164672851538,-64.54000091552734
-68.77794647216774,-64.52293395996094
-68.77104187011696,-64.50486755371094
-68.76641082763648,-64.4890365600586
-68.76776885986303,-64.46846008300781
-68.77104949951148,-64.45681762695312
-68.77237701415991,-64.44044494628905
-68.77673339843727,-64.42842864990234
-68.7771301269529,-64.41326904296875
-68.77539062499976,-64.39884948730469
-68.77405548095679,-64.39120483398438
-68.76725006103491,-64.38035583496094
-68.76418304443337,-64.38232421875
-68.75804901123021,-64.3862533569336
-68.75021362304665,-64.39347076416016
-68.74618530273415,-64.40296936035156
-68.73616790771459,-64.417236328125
-68.73294067382788,-64.42044830322266
-68.72928619384743,-64.41901397705078
-68.72964477539038,-64.41019439697266
-68.73478698730445,-64.39402770996095
-68.74190521240207,-64.37835693359376
-68.75720214843727,-64.34872436523438
-68.77269744873023,-64.30936431884766
-68.7815246582029,-64.2882308959961
-68.79216003417945,-64.24057006835936
-68.79421997070287,-64.22630310058594
-68.79656219482398,-64.2158432006836
-68.79927062988259,-64.19230651855469
-68.79950714111305,-64.1741714477539
-68.79881286621071,-64.15937805175781
-68.7951736450193,-64.15376281738281
-68.78922271728493,-64.15229034423828
-68.78432464599587,-64.15464782714844
-68.78034210205054,-64.15789031982422
-68.77621459960915,-64.15816497802734
-68.77331542968726,-64.15679931640625
-68.76840209960915,-64.16336822509766
-68.76059722900366,-64.16646575927734
-68.75444793701149,-64.17467498779297
-68.74891662597632,-64.18205261230469
-68.74220275878882,-64.18054962158203
-68.74101257324195,-64.17377471923828
-68.74487304687476,-64.13097381591797
-68.74786376953102,-64.10918426513672
-68.74899291992163,-64.0961685180664
-68.74797058105445,-64.08393096923828
-68.74648284912084,-64.0754623413086
-68.74529266357398,-64.06658935546875
-68.74149322509741,-64.06226348876953
-68.73397827148413,-64.06919097900392
-68.72723388671851,-64.07613372802734
-68.7079696655271,-64.1175537109375
-68.70037078857399,-64.14334869384766
-68.69587707519507,-64.15873718261719
-68.68177032470679,-64.23378753662111
-68.66976928710913,-64.2798843383789
-68.65798950195288,-64.31210327148438
-68.64749908447239,-64.33010101318361
-68.64076995849585,-64.3327407836914
-68.63227081298803,-64.32316589355469
-68.63108825683568,-64.31642150878906
-68.63308715820288,-64.28677368164062
-68.63820648193334,-64.21244049072266
-68.641662597656,-64.19120025634767
-68.64141845703101,-64.17904663085936
-68.63919067382785,-64.1664047241211
-68.63294982910129,-64.16116333007812
-68.62512207031223,-64.17051696777344
-68.61538696289038,-64.19485473632812
-68.59597778320288,-64.2589340209961
-68.58353424072241,-64.2743148803711
-68.57805633544896,-64.27117156982422
-68.57216644287082,-64.25924682617188
-68.57447814941382,-64.22510528564453
-68.58151245117162,-64.15979766845702
-68.57824707031226,-64.13922119140625
-68.56853485107396,-64.1251220703125
-68.55889129638645,-64.13272857666016
-68.54553985595676,-64.11310577392577
-68.51768493652315,-64.05890655517578
-68.51197052001928,-64.03751373291016
-68.49915313720676,-63.9955406188965
-68.49170684814428,-63.98577880859375
-68.4869995117185,-63.978588104248054
-68.486274719238,-63.9681739807129
-68.48920440673801,-63.959102630615234
-68.49045562744116,-63.95123291015624
-68.48944854736298,-63.930831909179695
-68.48735046386692,-63.91913986206054
-68.48281097412082,-63.90656661987305
-68.47766113281223,-63.89481353759766
-68.47539520263646,-63.886455535888665
-68.47955322265598,-63.873661041259766
-68.48034667968722,-63.86120986938476
-68.47796630859348,-63.83955001831054
-68.4748458862302,-63.80541610717774
-68.4731903076169,-63.794170379638665
-68.45636749267551,-63.743236541748054
-68.45333862304662,-63.73073959350585
-68.4533615112302,-63.716209411621094
-68.45308685302707,-63.69794464111328
-68.45342254638646,-63.68300247192383
-68.45161437988254,-63.66887283325196
-68.44342041015598,-63.63227081298828
-68.44543457031223,-63.60780715942384
-68.41913604736301,-63.422767639160156
-68.41821289062473,-63.40121841430664
-68.42232513427706,-63.36556625366211
-68.42230987548803,-63.342769622802734
-68.41674804687473,-63.261165618896484
-68.41748809814426,-63.24044036865235
-68.4189147949216,-63.174121856689474
-68.41529846191379,-63.11367416381837
-68.41551971435518,-63.07596588134766
-68.4141540527341,-63.01964187622071
-68.41409301757785,-62.99685287475586
-68.41848754882784,-62.93667221069337
-68.41986083984347,-62.89105224609374
-68.42016925009705,-62.88386671538999
