x,y
['x' => 436.234,'y' => 579.104 ]
['x' => 436.553,'y' => 578.935 ]
['x' => 436.761,'y' => 578.725 ]
['x' => 436.910,'y' => 578.294 ]
['x' => 436.907,'y' => 578.159 ]
['x' => 436.919,'y' => 578.055 ]
['x' => 436.922,'y' => 577.979 ]
['x' => 436.928,'y' => 577.911 ]
['x' => 436.933,'y' => 577.858 ]
['x' => 436.901,'y' => 577.810 ]
['x' => 436.698,'y' => 577.703 ]
['x' => 436.595,'y' => 577.697 ]
['x' => 436.450,'y' => 577.787 ]
['x' => 436.361,'y' => 577.802 ]
['x' => 436.145,'y' => 577.850 ]
['x' => 435.950,'y' => 577.952 ]
['x' => 435.848,'y' => 577.946 ]
['x' => 435.766,'y' => 577.904 ]
['x' => 435.721,'y' => 577.765 ]
['x' => 435.661,'y' => 577.726 ]
['x' => 435.679,'y' => 577.610 ]
['x' => 435.710,'y' => 577.511 ]
['x' => 435.789,'y' => 577.376 ]
['x' => 435.808,'y' => 577.309 ]
['x' => 435.796,'y' => 577.254 ]
['x' => 435.679,'y' => 577.106 ]
['x' => 435.630,'y' => 576.996 ]
['x' => 435.648,'y' => 576.929 ]
['x' => 435.691,'y' => 576.855 ]
['x' => 435.710,'y' => 576.787 ]
['x' => 435.691,'y' => 576.689 ]
['x' => 435.667,'y' => 576.591 ]
['x' => 435.667,'y' => 576.536 ]
['x' => 435.679,'y' => 576.462 ]
['x' => 435.587,'y' => 576.339 ]
['x' => 435.569,'y' => 576.296 ]
['x' => 435.587,'y' => 576.223 ]
['x' => 435.685,'y' => 576.100 ]
['x' => 435.667,'y' => 576.039 ]
['x' => 435.630,'y' => 576.008 ]
['x' => 435.624,'y' => 575.855 ]
['x' => 435.648,'y' => 575.812 ]
['x' => 435.759,'y' => 575.781 ]
['x' => 435.777,'y' => 575.726 ]
['x' => 435.740,'y' => 575.597 ]
['x' => 435.697,'y' => 575.523 ]
['x' => 435.734,'y' => 575.487 ]
['x' => 435.802,'y' => 575.511 ]
['x' => 435.839,'y' => 575.542 ]
['x' => 435.839,'y' => 575.480 ]
['x' => 435.777,'y' => 575.419 ]
['x' => 435.722,'y' => 575.192 ]
['x' => 435.710,'y' => 575.057 ]
['x' => 435.648,'y' => 574.701 ]
['x' => 435.562,'y' => 574.548 ]
['x' => 435.507,'y' => 574.542 ]
['x' => 435.501,'y' => 574.499 ]
['x' => 435.483,'y' => 574.400 ]
['x' => 435.440,'y' => 574.382 ]
['x' => 435.378,'y' => 574.222 ]
['x' => 435.378,'y' => 574.167 ]
['x' => 435.409,'y' => 574.118 ]
['x' => 435.427,'y' => 574.087 ]
['x' => 435.397,'y' => 573.952 ]
['x' => 435.513,'y' => 573.768 ]
['x' => 435.587,'y' => 573.351 ]
['x' => 435.673,'y' => 573.032 ]
['x' => 435.771,'y' => 573.026 ]
['x' => 435.826,'y' => 572.860 ]
['x' => 436.004,'y' => 572.799 ]
['x' => 436.047,'y' => 572.701 ]
['x' => 436.053,'y' => 572.535 ]
['x' => 436.078,'y' => 572.455 ]
['x' => 436.250,'y' => 572.326 ]
['x' => 436.464,'y' => 572.412 ]
['x' => 436.501,'y' => 572.461 ]
['x' => 436.507,'y' => 572.547 ]
['x' => 436.532,'y' => 572.676 ]
['x' => 436.569,'y' => 572.737 ]
['x' => 436.581,'y' => 572.768 ]
['x' => 436.649,'y' => 572.989 ]
['x' => 436.642,'y' => 573.087 ]
['x' => 436.599,'y' => 573.155 ]
['x' => 436.599,'y' => 573.277 ]
['x' => 436.593,'y' => 573.327 ]
['x' => 436.587,'y' => 573.480 ]
['x' => 436.581,'y' => 573.658 ]
['x' => 436.550,'y' => 573.768 ]
['x' => 436.532,'y' => 573.848 ]
['x' => 436.550,'y' => 574.130 ]
['x' => 436.581,'y' => 574.149 ]
['x' => 436.624,'y' => 574.130 ]
['x' => 436.679,'y' => 574.112 ]
['x' => 436.722,'y' => 574.216 ]
['x' => 436.747,'y' => 574.259 ]
['x' => 436.777,'y' => 574.327 ]
['x' => 436.777,'y' => 574.376 ]
['x' => 436.771,'y' => 574.505 ]
['x' => 436.814,'y' => 574.535 ]
['x' => 436.869,'y' => 574.584 ]
['x' => 436.876,'y' => 574.646 ]
['x' => 436.912,'y' => 574.695 ]
['x' => 436.937,'y' => 574.750 ]
['x' => 437.078,'y' => 574.719 ]
['x' => 437.113,'y' => 574.774 ]
['x' => 437.240,'y' => 574.730 ]
['x' => 437.356,'y' => 574.621 ]
['x' => 437.510,'y' => 574.672 ]
['x' => 437.573,'y' => 574.684 ]
['x' => 437.612,'y' => 574.736 ]
['x' => 437.676,'y' => 574.735 ]
['x' => 437.714,'y' => 574.685 ]
['x' => 437.778,'y' => 574.697 ]
['x' => 437.829,'y' => 574.723 ]
['x' => 437.893,'y' => 574.672 ]
['x' => 437.956,'y' => 574.672 ]
['x' => 437.982,'y' => 574.697 ]
['x' => 437.995,'y' => 574.736 ]
['x' => 438.058,'y' => 574.774 ]
['x' => 438.161,'y' => 574.774 ]
['x' => 438.275,'y' => 574.723 ]
['x' => 438.339,'y' => 574.748 ]
['x' => 438.378,'y' => 574.774 ]
['x' => 438.494,'y' => 574.806 ]
['x' => 438.669,'y' => 574.760 ]
['x' => 438.754,'y' => 574.641 ]
['x' => 438.958,'y' => 574.627 ]
['x' => 439.067,'y' => 574.608 ]
['x' => 439.105,'y' => 574.646 ]
['x' => 439.105,'y' => 574.697 ]
['x' => 438.952,'y' => 574.748 ]
['x' => 439.029,'y' => 574.799 ]
['x' => 439.092,'y' => 574.799 ]
['x' => 439.138,'y' => 574.876 ]
['x' => 439.131,'y' => 574.977 ]
['x' => 439.220,'y' => 575.056 ]
['x' => 439.156,'y' => 575.157 ]
['x' => 439.156,'y' => 575.259 ]
['x' => 439.194,'y' => 575.297 ]
['x' => 439.245,'y' => 575.348 ]
['x' => 439.233,'y' => 575.438 ]
['x' => 439.271,'y' => 575.476 ]
['x' => 439.322,'y' => 575.488 ]
['x' => 439.348,'y' => 575.514 ]
['x' => 439.335,'y' => 575.552 ]
['x' => 439.424,'y' => 575.616 ]
['x' => 439.463,'y' => 575.655 ]
['x' => 439.552,'y' => 575.693 ]
['x' => 439.590,'y' => 575.744 ]
['x' => 439.641,'y' => 575.782 ]
['x' => 439.718,'y' => 575.808 ]
['x' => 439.769,'y' => 575.897 ]
['x' => 439.807,'y' => 575.948 ]
['x' => 439.807,'y' => 575.999 ]
['x' => 439.833,'y' => 576.063 ]
['x' => 439.871,'y' => 576.101 ]
['x' => 439.948,'y' => 576.152 ]
['x' => 439.986,'y' => 576.191 ]
['x' => 440.037,'y' => 576.216 ]
['x' => 440.203,'y' => 576.152 ]
['x' => 440.568,'y' => 576.120 ]
['x' => 441.058,'y' => 575.910 ]
['x' => 441.109,'y' => 575.833 ]
['x' => 441.390,'y' => 575.667 ]
['x' => 441.428,'y' => 575.578 ]
['x' => 441.492,'y' => 575.552 ]
['x' => 441.492,'y' => 575.510 ]
['x' => 441.505,'y' => 575.418 ]
['x' => 441.568,'y' => 575.311 ]
['x' => 441.694,'y' => 575.205 ]
['x' => 441.753,'y' => 575.196 ]
['x' => 441.795,'y' => 575.137 ]
['x' => 441.841,'y' => 575.154 ]
['x' => 441.885,'y' => 575.204 ]
['x' => 441.904,'y' => 575.338 ]
['x' => 441.954,'y' => 575.515 ]
['x' => 442.028,'y' => 575.553 ]
['x' => 442.015,'y' => 575.591 ]
['x' => 442.047,'y' => 575.588 ]
['x' => 442.079,'y' => 575.604 ]
['x' => 442.117,'y' => 575.578 ]
['x' => 442.249,'y' => 575.545 ]
['x' => 442.325,'y' => 575.436 ]
['x' => 442.427,'y' => 575.320 ]
['x' => 442.515,'y' => 575.247 ]
['x' => 442.584,'y' => 575.254 ]
['x' => 442.617,'y' => 575.419 ]
['x' => 442.581,'y' => 575.487 ]
['x' => 442.562,'y' => 575.556 ]
['x' => 442.571,'y' => 575.636 ]
['x' => 442.662,'y' => 575.678 ]
['x' => 442.752,'y' => 575.612 ]
['x' => 442.845,'y' => 575.642 ]
['x' => 442.871,'y' => 575.680 ]
['x' => 442.883,'y' => 575.757 ]
['x' => 442.909,'y' => 575.782 ]
['x' => 442.934,'y' => 575.859 ]
['x' => 442.934,'y' => 575.923 ]
['x' => 442.883,'y' => 575.974 ]
['x' => 442.845,'y' => 575.961 ]
['x' => 442.794,'y' => 575.923 ]
['x' => 442.743,'y' => 575.923 ]
['x' => 442.730,'y' => 576.037 ]
['x' => 442.768,'y' => 576.063 ]
['x' => 442.794,'y' => 576.127 ]
['x' => 442.832,'y' => 576.178 ]
['x' => 442.819,'y' => 576.254 ]
['x' => 442.871,'y' => 576.293 ]
['x' => 442.909,'y' => 576.318 ]
['x' => 442.934,'y' => 576.420 ]
['x' => 442.973,'y' => 576.459 ]
['x' => 443.011,'y' => 576.459 ]
['x' => 443.049,'y' => 576.497 ]
['x' => 443.113,'y' => 576.446 ]
['x' => 443.278,'y' => 576.491 ]
['x' => 443.279,'y' => 576.895 ]
['x' => 443.480,'y' => 576.930 ]
['x' => 443.454,'y' => 577.145 ]
['x' => 443.526,'y' => 577.187 ]
['x' => 443.702,'y' => 577.068 ]
['x' => 443.647,'y' => 577.279 ]
['x' => 443.702,'y' => 577.354 ]
['x' => 443.886,'y' => 577.001 ]
['x' => 443.981,'y' => 576.905 ]
['x' => 444.045,'y' => 576.957 ]
['x' => 444.032,'y' => 577.071 ]
['x' => 444.185,'y' => 577.046 ]
['x' => 444.211,'y' => 577.097 ]
['x' => 444.300,'y' => 577.123 ]
['x' => 444.338,'y' => 577.148 ]
['x' => 444.338,'y' => 577.237 ]
['x' => 444.377,'y' => 577.276 ]
['x' => 444.415,'y' => 577.288 ]
['x' => 444.441,'y' => 577.365 ]
['x' => 444.568,'y' => 577.352 ]
['x' => 444.648,'y' => 577.472 ]
['x' => 444.734,'y' => 577.582 ]
['x' => 444.609,'y' => 577.681 ]
['x' => 444.535,'y' => 577.775 ]
['x' => 444.445,'y' => 577.846 ]
['x' => 444.509,'y' => 577.935 ]
['x' => 444.632,'y' => 578.017 ]
['x' => 444.798,'y' => 578.169 ]
['x' => 444.772,'y' => 578.309 ]
['x' => 444.696,'y' => 578.386 ]
['x' => 444.709,'y' => 578.437 ]
['x' => 444.772,'y' => 578.488 ]
['x' => 444.798,'y' => 578.526 ]
['x' => 444.798,'y' => 578.578 ]
['x' => 444.816,'y' => 578.629 ]
['x' => 444.862,'y' => 578.698 ]
['x' => 444.799,'y' => 578.803 ]
['x' => 444.927,'y' => 578.779 ]
['x' => 444.994,'y' => 578.647 ]
['x' => 445.097,'y' => 578.636 ]
['x' => 445.140,'y' => 578.770 ]
['x' => 445.156,'y' => 578.935 ]
['x' => 445.325,'y' => 578.935 ]
['x' => 445.396,'y' => 578.951 ]
['x' => 445.416,'y' => 579.009 ]
['x' => 445.392,'y' => 579.125 ]
['x' => 445.476,'y' => 579.183 ]
['x' => 445.589,'y' => 579.165 ]
['x' => 445.678,'y' => 579.090 ]
['x' => 445.712,'y' => 579.231 ]
['x' => 445.715,'y' => 579.314 ]
['x' => 445.793,'y' => 579.411 ]
['x' => 445.927,'y' => 579.334 ]
['x' => 446.087,'y' => 579.318 ]
['x' => 446.113,'y' => 579.420 ]
['x' => 446.151,'y' => 579.433 ]
['x' => 446.125,'y' => 579.471 ]
['x' => 446.151,'y' => 579.573 ]
['x' => 446.138,'y' => 579.650 ]
['x' => 446.202,'y' => 579.701 ]
['x' => 446.176,'y' => 579.854 ]
['x' => 446.189,'y' => 579.892 ]
['x' => 446.279,'y' => 579.918 ]
['x' => 446.291,'y' => 580.045 ]
['x' => 446.342,'y' => 580.084 ]
['x' => 446.342,'y' => 580.148 ]
['x' => 446.368,'y' => 580.173 ]
['x' => 446.393,'y' => 580.224 ]
['x' => 446.368,'y' => 580.314 ]
['x' => 446.419,'y' => 580.352 ]
['x' => 446.457,'y' => 580.428 ]
['x' => 446.495,'y' => 580.454 ]
['x' => 446.521,'y' => 580.492 ]
['x' => 446.547,'y' => 580.543 ]
['x' => 446.547,'y' => 580.581 ]
['x' => 446.585,'y' => 580.684 ]
['x' => 446.649,'y' => 580.786 ]
['x' => 446.700,'y' => 580.862 ]
['x' => 446.712,'y' => 580.913 ]
['x' => 446.738,'y' => 580.939 ]
['x' => 446.802,'y' => 580.926 ]
['x' => 446.840,'y' => 580.952 ]
['x' => 446.929,'y' => 581.028 ]
['x' => 446.968,'y' => 581.105 ]
['x' => 446.968,'y' => 581.169 ]
['x' => 447.095,'y' => 581.194 ]
['x' => 447.121,'y' => 581.233 ]
['x' => 447.185,'y' => 581.258 ]
['x' => 447.236,'y' => 581.322 ]
['x' => 447.274,'y' => 581.335 ]
['x' => 447.300,'y' => 581.373 ]
['x' => 447.427,'y' => 581.437 ]
['x' => 447.453,'y' => 581.488 ]
['x' => 447.657,'y' => 581.449 ]
['x' => 447.708,'y' => 581.500 ]
['x' => 447.772,'y' => 581.564 ]
['x' => 447.810,'y' => 581.590 ]
['x' => 447.963,'y' => 581.603 ]
['x' => 448.002,'y' => 581.628 ]
['x' => 448.040,'y' => 581.641 ]
['x' => 448.066,'y' => 581.679 ]
['x' => 448.053,'y' => 581.756 ]
['x' => 448.129,'y' => 581.743 ]
['x' => 448.155,'y' => 581.781 ]
['x' => 448.180,'y' => 581.820 ]
['x' => 448.231,'y' => 581.832 ]
['x' => 448.270,'y' => 581.883 ]
['x' => 448.499,'y' => 581.998 ]
['x' => 448.525,'y' => 582.024 ]
['x' => 448.538,'y' => 582.062 ]
['x' => 448.576,'y' => 582.151 ]
['x' => 448.614,'y' => 582.215 ]
['x' => 448.678,'y' => 582.292 ]
['x' => 448.742,'y' => 582.305 ]
['x' => 449.023,'y' => 582.190 ]
['x' => 449.087,'y' => 582.088 ]
['x' => 449.176,'y' => 582.100 ]
['x' => 449.380,'y' => 582.011 ]
['x' => 449.635,'y' => 581.769 ]
['x' => 449.805,'y' => 581.706 ]
['x' => 450.063,'y' => 581.577 ]
['x' => 450.443,'y' => 581.459 ]
['x' => 451.040,'y' => 581.373 ]
['x' => 451.078,'y' => 581.424 ]
['x' => 451.193,'y' => 581.488 ]
['x' => 451.244,'y' => 581.501 ]
['x' => 451.282,'y' => 581.539 ]
['x' => 451.525,'y' => 581.539 ]
['x' => 451.780,'y' => 581.386 ]
['x' => 451.980,'y' => 581.262 ]
['x' => 452.165,'y' => 581.060 ]
['x' => 452.222,'y' => 580.951 ]
['x' => 452.290,'y' => 580.952 ]
['x' => 452.469,'y' => 580.952 ]
['x' => 452.584,'y' => 580.913 ]
['x' => 452.610,'y' => 580.786 ]
['x' => 452.571,'y' => 580.773 ]
['x' => 452.546,'y' => 580.735 ]
['x' => 452.597,'y' => 580.658 ]
['x' => 452.584,'y' => 580.594 ]
['x' => 452.763,'y' => 580.556 ]
['x' => 452.801,'y' => 580.518 ]
['x' => 452.839,'y' => 580.518 ]
['x' => 452.865,'y' => 580.543 ]
['x' => 452.980,'y' => 580.518 ]
['x' => 452.992,'y' => 580.556 ]
['x' => 453.082,'y' => 580.569 ]
['x' => 453.107,'y' => 580.594 ]
['x' => 453.107,'y' => 580.633 ]
['x' => 453.133,'y' => 580.658 ]
['x' => 453.248,'y' => 580.696 ]
['x' => 453.324,'y' => 580.735 ]
['x' => 453.452,'y' => 580.735 ]
['x' => 453.516,'y' => 580.760 ]
['x' => 453.631,'y' => 580.773 ]
['x' => 453.694,'y' => 580.786 ]
['x' => 453.707,'y' => 580.875 ]
['x' => 453.758,'y' => 580.875 ]
['x' => 453.758,'y' => 580.811 ]
['x' => 453.797,'y' => 580.811 ]
['x' => 453.797,'y' => 580.735 ]
['x' => 453.860,'y' => 580.683 ]
['x' => 453.873,'y' => 580.824 ]
['x' => 453.937,'y' => 580.824 ]
['x' => 453.988,'y' => 580.888 ]
['x' => 454.065,'y' => 580.875 ]
['x' => 454.103,'y' => 580.901 ]
['x' => 454.141,'y' => 580.977 ]
['x' => 454.141,'y' => 581.015 ]
['x' => 454.167,'y' => 581.041 ]
['x' => 454.154,'y' => 581.271 ]
['x' => 454.205,'y' => 581.283 ]
['x' => 454.269,'y' => 581.194 ]
['x' => 454.358,'y' => 581.181 ]
['x' => 454.511,'y' => 580.990 ]
['x' => 454.511,'y' => 581.066 ]
['x' => 454.409,'y' => 581.169 ]
['x' => 454.499,'y' => 581.156 ]
['x' => 454.524,'y' => 581.118 ]
['x' => 454.550,'y' => 581.079 ]
['x' => 454.601,'y' => 581.105 ]
['x' => 454.575,'y' => 581.169 ]
['x' => 454.652,'y' => 581.207 ]
['x' => 454.754,'y' => 581.181 ]
['x' => 454.818,'y' => 581.079 ]
['x' => 454.933,'y' => 581.041 ]
['x' => 455.047,'y' => 580.952 ]
['x' => 455.073,'y' => 580.888 ]
['x' => 455.124,'y' => 580.888 ]
['x' => 455.086,'y' => 580.990 ]
['x' => 455.175,'y' => 581.003 ]
['x' => 455.252,'y' => 581.003 ]
['x' => 455.290,'y' => 581.003 ]
['x' => 455.571,'y' => 580.875 ]
['x' => 455.584,'y' => 581.003 ]
['x' => 455.635,'y' => 581.015 ]
['x' => 455.660,'y' => 580.964 ]
['x' => 455.698,'y' => 581.015 ]
['x' => 455.737,'y' => 581.003 ]
['x' => 455.711,'y' => 580.952 ]
['x' => 455.724,'y' => 580.913 ]
['x' => 455.775,'y' => 580.926 ]
['x' => 455.775,'y' => 580.964 ]
['x' => 455.801,'y' => 580.990 ]
['x' => 455.864,'y' => 580.939 ]
['x' => 455.852,'y' => 580.888 ]
['x' => 455.813,'y' => 580.875 ]
['x' => 455.813,'y' => 580.837 ]
['x' => 455.864,'y' => 580.850 ]
['x' => 455.890,'y' => 580.888 ]
['x' => 455.966,'y' => 580.888 ]
['x' => 456.107,'y' => 580.773 ]
['x' => 456.234,'y' => 580.722 ]
['x' => 456.273,'y' => 580.735 ]
['x' => 456.209,'y' => 580.811 ]
['x' => 456.375,'y' => 580.811 ]
['x' => 456.630,'y' => 580.722 ]
['x' => 456.719,'y' => 580.760 ]
['x' => 456.745,'y' => 580.786 ]
['x' => 456.783,'y' => 580.824 ]
['x' => 457.077,'y' => 580.722 ]
['x' => 457.256,'y' => 580.735 ]
['x' => 457.281,'y' => 580.709 ]
['x' => 457.268,'y' => 580.658 ]
['x' => 457.319,'y' => 580.607 ]
['x' => 457.485,'y' => 580.594 ]
['x' => 457.613,'y' => 580.505 ]
['x' => 457.715,'y' => 580.518 ]
['x' => 457.919,'y' => 580.416 ]
['x' => 458.034,'y' => 580.416 ]
['x' => 458.175,'y' => 580.301 ]
['x' => 458.481,'y' => 580.288 ]
['x' => 458.762,'y' => 580.007 ]
['x' => 458.877,'y' => 579.764 ]
['x' => 459.196,'y' => 579.611 ]
['x' => 459.247,'y' => 579.611 ]
['x' => 459.298,'y' => 579.701 ]
['x' => 459.374,'y' => 579.739 ]
['x' => 459.426,'y' => 579.739 ]
['x' => 459.477,'y' => 579.637 ]
['x' => 459.553,'y' => 579.611 ]
['x' => 459.553,'y' => 579.573 ]
['x' => 459.515,'y' => 579.548 ]
['x' => 459.528,'y' => 579.509 ]
['x' => 459.719,'y' => 579.522 ]
['x' => 459.783,'y' => 579.497 ]
['x' => 459.796,'y' => 579.535 ]
['x' => 459.770,'y' => 579.599 ]
['x' => 459.796,'y' => 579.662 ]
['x' => 459.977,'y' => 579.663 ]
['x' => 460.204,'y' => 579.650 ]
['x' => 460.230,'y' => 579.688 ]
['x' => 460.293,'y' => 579.688 ]
['x' => 460.489,'y' => 579.682 ]
['x' => 460.753,'y' => 579.586 ]
['x' => 460.753,'y' => 579.688 ]
['x' => 460.830,'y' => 579.688 ]
['x' => 460.881,'y' => 579.752 ]
['x' => 460.932,'y' => 579.790 ]
['x' => 460.970,'y' => 579.803 ]
['x' => 461.008,'y' => 579.841 ]
['x' => 461.123,'y' => 579.828 ]
['x' => 461.149,'y' => 579.880 ]
['x' => 461.225,'y' => 579.905 ]
['x' => 461.251,'y' => 579.956 ]
['x' => 461.353,'y' => 579.918 ]
['x' => 461.379,'y' => 579.956 ]
['x' => 461.404,'y' => 580.033 ]
['x' => 461.468,'y' => 580.020 ]
['x' => 461.557,'y' => 579.867 ]
['x' => 461.634,'y' => 579.867 ]
['x' => 461.672,'y' => 579.918 ]
['x' => 461.698,'y' => 579.943 ]
['x' => 461.736,'y' => 579.956 ]
['x' => 461.749,'y' => 579.994 ]
['x' => 461.812,'y' => 580.071 ]
['x' => 461.953,'y' => 580.058 ]
['x' => 461.978,'y' => 580.096 ]
['x' => 462.029,'y' => 580.097 ]
['x' => 462.131,'y' => 580.033 ]
['x' => 462.374,'y' => 580.020 ]
['x' => 462.387,'y' => 580.122 ]
['x' => 462.456,'y' => 580.204 ]
['x' => 462.652,'y' => 580.217 ]
['x' => 462.848,'y' => 580.195 ]
['x' => 463.020,'y' => 580.192 ]
['x' => 463.076,'y' => 580.122 ]
['x' => 463.178,'y' => 580.033 ]
['x' => 463.280,'y' => 580.020 ]
['x' => 463.382,'y' => 579.943 ]
['x' => 463.459,'y' => 579.943 ]
['x' => 463.446,'y' => 579.880 ]
['x' => 463.497,'y' => 579.867 ]
['x' => 463.536,'y' => 579.892 ]
['x' => 463.561,'y' => 579.918 ]
['x' => 463.459,'y' => 580.020 ]
['x' => 463.472,'y' => 580.058 ]
['x' => 463.650,'y' => 580.045 ]
['x' => 463.577,'y' => 580.292 ]
['x' => 463.599,'y' => 580.326 ]
['x' => 463.638,'y' => 580.326 ]
['x' => 463.638,'y' => 580.288 ]
['x' => 463.676,'y' => 580.314 ]
['x' => 463.727,'y' => 580.186 ]
['x' => 463.829,'y' => 580.084 ]
['x' => 463.842,'y' => 580.122 ]
['x' => 464.046,'y' => 580.122 ]
['x' => 464.072,'y' => 580.071 ]
['x' => 464.008,'y' => 580.045 ]
['x' => 464.123,'y' => 580.007 ]
['x' => 464.212,'y' => 579.879 ]
['x' => 464.263,'y' => 579.892 ]
['x' => 464.301,'y' => 579.918 ]
['x' => 464.314,'y' => 579.879 ]
['x' => 464.518,'y' => 579.777 ]
['x' => 464.582,'y' => 579.790 ]
['x' => 464.620,'y' => 579.828 ]
['x' => 464.761,'y' => 579.816 ]
['x' => 464.799,'y' => 579.828 ]
['x' => 464.825,'y' => 579.892 ]
['x' => 464.837,'y' => 579.943 ]
['x' => 464.863,'y' => 579.969 ]
['x' => 464.901,'y' => 579.969 ]
['x' => 464.927,'y' => 579.854 ]
['x' => 464.901,'y' => 579.816 ]
['x' => 464.889,'y' => 579.752 ]
['x' => 464.940,'y' => 579.701 ]
['x' => 465.054,'y' => 579.650 ]
['x' => 465.131,'y' => 579.675 ]
['x' => 465.246,'y' => 579.662 ]
['x' => 465.310,'y' => 579.611 ]
['x' => 465.374,'y' => 579.484 ]
['x' => 465.399,'y' => 579.535 ]
['x' => 465.412,'y' => 579.445 ]
['x' => 465.552,'y' => 579.369 ]
['x' => 465.552,'y' => 579.280 ]
['x' => 465.680,'y' => 579.305 ]
['x' => 465.680,'y' => 579.229 ]
['x' => 465.759,'y' => 579.329 ]
['x' => 465.912,'y' => 579.252 ]
['x' => 465.988,'y' => 579.278 ]
['x' => 466.132,'y' => 579.131 ]
['x' => 466.119,'y' => 579.041 ]
['x' => 466.196,'y' => 578.965 ]
['x' => 466.196,'y' => 578.926 ]
['x' => 466.327,'y' => 578.786 ]
['x' => 466.516,'y' => 578.543 ]
['x' => 466.542,'y' => 578.416 ]
['x' => 466.580,'y' => 578.466 ]
['x' => 466.631,'y' => 578.454 ]
['x' => 466.695,'y' => 578.326 ]
['x' => 466.835,'y' => 578.173 ]
['x' => 466.925,'y' => 578.173 ]
['x' => 466.912,'y' => 578.058 ]
['x' => 467.014,'y' => 578.083 ]
['x' => 467.033,'y' => 578.016 ]
['x' => 467.250,'y' => 577.824 ]
['x' => 467.288,'y' => 577.850 ]
['x' => 467.275,'y' => 577.965 ]
['x' => 467.416,'y' => 577.939 ]
['x' => 467.429,'y' => 577.990 ]
['x' => 467.467,'y' => 578.003 ]
['x' => 467.505,'y' => 577.965 ]
['x' => 467.518,'y' => 578.003 ]
['x' => 467.582,'y' => 578.016 ]
['x' => 467.607,'y' => 578.042 ]
['x' => 467.661,'y' => 578.111 ]
['x' => 467.944,'y' => 578.028 ]
['x' => 467.891,'y' => 577.884 ]
['x' => 467.888,'y' => 577.761 ]
['x' => 467.965,'y' => 577.773 ]
['x' => 467.990,'y' => 577.710 ]
['x' => 468.080,'y' => 577.671 ]
['x' => 468.207,'y' => 577.671 ]
['x' => 468.233,'y' => 577.709 ]
['x' => 468.220,'y' => 577.812 ]
['x' => 468.156,'y' => 577.863 ]
['x' => 468.169,'y' => 577.927 ]
['x' => 468.105,'y' => 578.016 ]
['x' => 468.182,'y' => 578.016 ]
['x' => 468.309,'y' => 577.901 ]
['x' => 468.411,'y' => 577.722 ]
['x' => 468.514,'y' => 577.697 ]
['x' => 468.616,'y' => 577.595 ]
['x' => 468.616,'y' => 577.531 ]
['x' => 468.679,'y' => 577.505 ]
['x' => 468.782,'y' => 577.288 ]
['x' => 468.922,'y' => 577.288 ]
['x' => 468.999,'y' => 577.148 ]
['x' => 469.139,'y' => 577.059 ]
['x' => 469.216,'y' => 577.059 ]
['x' => 469.254,'y' => 577.097 ]
['x' => 469.369,'y' => 577.110 ]
['x' => 469.433,'y' => 576.880 ]
['x' => 469.650,'y' => 576.752 ]
['x' => 469.764,'y' => 576.561 ]
['x' => 469.803,'y' => 576.586 ]
['x' => 469.803,'y' => 576.637 ]
['x' => 469.841,'y' => 576.663 ]
['x' => 469.905,'y' => 576.650 ]
['x' => 469.942,'y' => 576.569 ]
['x' => 469.981,'y' => 576.612 ]
['x' => 470.020,'y' => 576.599 ]
['x' => 470.020,'y' => 576.484 ]
['x' => 470.058,'y' => 576.459 ]
['x' => 470.045,'y' => 576.395 ]
['x' => 470.020,'y' => 576.357 ]
['x' => 470.020,'y' => 576.293 ]
['x' => 470.058,'y' => 576.229 ]
['x' => 470.313,'y' => 576.191 ]
['x' => 470.390,'y' => 576.152 ]
['x' => 470.415,'y' => 576.101 ]
['x' => 470.390,'y' => 576.076 ]
['x' => 470.505,'y' => 575.974 ]
['x' => 470.505,'y' => 576.050 ]
['x' => 470.466,'y' => 576.140 ]
['x' => 470.518,'y' => 576.178 ]
['x' => 470.518,'y' => 576.216 ]
['x' => 470.479,'y' => 576.229 ]
['x' => 470.479,'y' => 576.446 ]
['x' => 470.390,'y' => 576.535 ]
['x' => 470.415,'y' => 576.586 ]
['x' => 470.415,'y' => 576.663 ]
['x' => 470.339,'y' => 576.701 ]
['x' => 470.339,'y' => 576.778 ]
['x' => 470.428,'y' => 576.854 ]
['x' => 470.403,'y' => 576.982 ]
['x' => 470.581,'y' => 576.956 ]
['x' => 470.530,'y' => 577.059 ]
['x' => 470.543,'y' => 577.122 ]
['x' => 470.581,'y' => 577.122 ]
['x' => 470.594,'y' => 577.084 ]
['x' => 470.632,'y' => 577.084 ]
['x' => 470.645,'y' => 577.122 ]
['x' => 470.683,'y' => 577.122 ]
['x' => 470.786,'y' => 577.084 ]
['x' => 470.862,'y' => 577.084 ]
['x' => 470.951,'y' => 577.033 ]
['x' => 471.028,'y' => 577.046 ]
['x' => 471.054,'y' => 577.084 ]
['x' => 471.105,'y' => 577.084 ]
['x' => 471.168,'y' => 577.046 ]
['x' => 471.169,'y' => 576.944 ]
['x' => 471.207,'y' => 576.956 ]
['x' => 471.258,'y' => 576.995 ]
['x' => 471.283,'y' => 577.033 ]
['x' => 471.385,'y' => 577.059 ]
['x' => 471.411,'y' => 577.084 ]
['x' => 471.436,'y' => 577.110 ]
['x' => 471.475,'y' => 577.122 ]
['x' => 471.526,'y' => 577.148 ]
['x' => 471.551,'y' => 577.186 ]
['x' => 471.717,'y' => 577.237 ]
['x' => 471.960,'y' => 577.263 ]
['x' => 471.998,'y' => 577.276 ]
['x' => 472.139,'y' => 577.276 ]
['x' => 472.177,'y' => 577.301 ]
['x' => 472.202,'y' => 577.276 ]
['x' => 472.343,'y' => 577.288 ]
['x' => 472.636,'y' => 577.122 ]
['x' => 472.764,'y' => 577.148 ]
['x' => 472.904,'y' => 577.071 ]
['x' => 472.981,'y' => 577.084 ]
['x' => 473.032,'y' => 577.007 ]
['x' => 473.122,'y' => 577.033 ]
['x' => 473.160,'y' => 577.033 ]
['x' => 473.555,'y' => 576.637 ]
['x' => 473.632,'y' => 576.650 ]
['x' => 473.657,'y' => 576.676 ]
['x' => 473.747,'y' => 576.676 ]
['x' => 473.772,'y' => 576.625 ]
['x' => 473.925,'y' => 576.535 ]
['x' => 473.989,'y' => 576.382 ]
['x' => 473.989,'y' => 576.293 ]
['x' => 474.066,'y' => 576.216 ]
['x' => 474.168,'y' => 576.203 ]
['x' => 474.219,'y' => 576.267 ]
['x' => 474.296,'y' => 576.267 ]
['x' => 474.308,'y' => 576.152 ]
['x' => 474.602,'y' => 575.859 ]
['x' => 474.896,'y' => 575.897 ]
['x' => 474.972,'y' => 575.859 ]
['x' => 474.934,'y' => 575.757 ]
['x' => 474.960,'y' => 575.591 ]
['x' => 475.113,'y' => 575.438 ]
['x' => 475.151,'y' => 575.323 ]
['x' => 475.164,'y' => 575.067 ]
['x' => 475.113,'y' => 574.991 ]
['x' => 475.100,'y' => 574.914 ]
['x' => 475.074,'y' => 574.889 ]
['x' => 475.057,'y' => 574.796 ]
['x' => 475.205,'y' => 574.807 ]
['x' => 475.266,'y' => 574.729 ]
['x' => 475.351,'y' => 574.651 ]
['x' => 475.508,'y' => 574.570 ]
['x' => 475.559,'y' => 574.519 ]
['x' => 475.547,'y' => 574.455 ]
['x' => 475.483,'y' => 574.378 ]
['x' => 475.444,'y' => 574.340 ]
['x' => 475.495,'y' => 574.263 ]
['x' => 475.495,'y' => 574.199 ]
['x' => 475.572,'y' => 574.200 ]
['x' => 475.547,'y' => 574.365 ]
['x' => 475.572,'y' => 574.391 ]
['x' => 475.649,'y' => 574.404 ]
['x' => 475.700,'y' => 574.416 ]
['x' => 475.713,'y' => 574.467 ]
['x' => 475.751,'y' => 574.519 ]
['x' => 475.789,'y' => 574.544 ]
['x' => 475.776,'y' => 574.633 ]
['x' => 475.815,'y' => 574.672 ]
['x' => 475.853,'y' => 574.723 ]
['x' => 476.274,'y' => 574.748 ]
['x' => 476.300,'y' => 574.787 ]
['x' => 476.274,'y' => 574.850 ]
['x' => 476.427,'y' => 574.838 ]
['x' => 476.516,'y' => 574.774 ]
['x' => 476.606,'y' => 574.787 ]
['x' => 476.721,'y' => 574.646 ]
['x' => 476.708,'y' => 574.570 ]
['x' => 476.670,'y' => 574.557 ]
['x' => 476.695,'y' => 574.506 ]
['x' => 476.785,'y' => 574.531 ]
['x' => 476.810,'y' => 574.416 ]
['x' => 476.848,'y' => 574.416 ]
['x' => 476.848,'y' => 574.467 ]
['x' => 476.887,'y' => 574.480 ]
['x' => 476.912,'y' => 574.378 ]
['x' => 476.963,'y' => 574.327 ]
['x' => 477.002,'y' => 574.327 ]
['x' => 477.027,'y' => 574.365 ]
['x' => 477.101,'y' => 574.292 ]
['x' => 477.129,'y' => 574.314 ]
['x' => 477.193,'y' => 574.314 ]
['x' => 477.308,'y' => 574.148 ]
['x' => 477.346,'y' => 574.008 ]
['x' => 477.474,'y' => 573.957 ]
['x' => 477.487,'y' => 573.880 ]
['x' => 477.611,'y' => 573.757 ]
['x' => 477.665,'y' => 573.612 ]
['x' => 477.691,'y' => 573.587 ]
['x' => 477.729,'y' => 573.599 ]
['x' => 477.831,'y' => 573.561 ]
['x' => 477.882,'y' => 573.510 ]
['x' => 477.985,'y' => 573.476 ]
['x' => 478.061,'y' => 573.466 ]
['x' => 478.163,'y' => 573.478 ]
['x' => 478.253,'y' => 573.510 ]
['x' => 478.304,'y' => 573.587 ]
['x' => 478.329,'y' => 573.612 ]
['x' => 478.393,'y' => 573.612 ]
['x' => 478.418,'y' => 573.574 ]
['x' => 478.495,'y' => 573.574 ]
['x' => 478.603,'y' => 573.542 ]
['x' => 478.642,'y' => 573.581 ]
['x' => 478.693,'y' => 573.619 ]
['x' => 478.744,'y' => 573.657 ]
['x' => 478.782,'y' => 573.734 ]
['x' => 478.795,'y' => 573.875 ]
['x' => 478.808,'y' => 573.913 ]
['x' => 478.801,'y' => 574.161 ]
['x' => 478.878,'y' => 574.365 ]
['x' => 478.929,'y' => 574.416 ]
['x' => 479.044,'y' => 574.416 ]
['x' => 479.082,'y' => 574.442 ]
['x' => 479.095,'y' => 574.480 ]
['x' => 479.133,'y' => 574.519 ]
['x' => 479.159,'y' => 574.570 ]
['x' => 479.171,'y' => 574.659 ]
['x' => 479.197,'y' => 574.684 ]
['x' => 479.286,'y' => 574.710 ]
['x' => 479.312,'y' => 574.748 ]
['x' => 479.414,'y' => 574.723 ]
['x' => 479.542,'y' => 574.748 ]
['x' => 479.516,'y' => 575.221 ]
['x' => 479.554,'y' => 575.259 ]
['x' => 479.657,'y' => 575.259 ]
['x' => 479.784,'y' => 575.297 ]
['x' => 479.861,'y' => 575.374 ]
['x' => 479.886,'y' => 575.438 ]
['x' => 479.925,'y' => 575.463 ]
['x' => 479.925,'y' => 575.680 ]
['x' => 479.950,'y' => 575.718 ]
['x' => 479.988,'y' => 575.757 ]
['x' => 480.027,'y' => 575.769 ]
['x' => 480.040,'y' => 575.821 ]
['x' => 480.078,'y' => 575.859 ]
['x' => 480.154,'y' => 575.871 ]
['x' => 480.180,'y' => 575.910 ]
['x' => 480.359,'y' => 575.923 ]
['x' => 480.410,'y' => 575.961 ]
['x' => 480.435,'y' => 575.999 ]
['x' => 480.652,'y' => 576.012 ]
['x' => 480.780,'y' => 575.935 ]
['x' => 480.856,'y' => 575.961 ]
['x' => 480.920,'y' => 575.935 ]
['x' => 481.112,'y' => 575.948 ]
['x' => 481.227,'y' => 575.974 ]
['x' => 481.290,'y' => 575.986 ]
['x' => 481.431,'y' => 575.897 ]
['x' => 481.520,'y' => 575.910 ]
['x' => 481.686,'y' => 575.744 ]
['x' => 481.839,'y' => 575.718 ]
['x' => 481.980,'y' => 575.604 ]
['x' => 482.069,'y' => 575.438 ]
['x' => 482.095,'y' => 575.297 ]
['x' => 482.171,'y' => 575.221 ]
['x' => 482.171,'y' => 575.093 ]
['x' => 482.209,'y' => 575.042 ]
['x' => 482.388,'y' => 574.965 ]
['x' => 482.567,'y' => 574.991 ]
['x' => 482.631,'y' => 574.901 ]
['x' => 482.656,'y' => 574.736 ]
['x' => 482.707,'y' => 574.685 ]
['x' => 482.975,'y' => 574.672 ]
['x' => 483.039,'y' => 574.633 ]
['x' => 483.090,'y' => 574.506 ]
['x' => 483.090,'y' => 574.416 ]
['x' => 483.154,'y' => 574.314 ]
['x' => 483.141,'y' => 574.238 ]
['x' => 483.192,'y' => 574.174 ]
['x' => 483.179,'y' => 574.136 ]
['x' => 483.154,'y' => 574.097 ]
['x' => 483.052,'y' => 574.008 ]
['x' => 482.979,'y' => 574.037 ]
['x' => 482.879,'y' => 574.012 ]
['x' => 482.733,'y' => 574.021 ]
['x' => 482.835,'y' => 573.880 ]
['x' => 482.797,'y' => 573.855 ]
['x' => 482.720,'y' => 573.842 ]
['x' => 482.643,'y' => 573.791 ]
['x' => 482.554,'y' => 573.778 ]
['x' => 482.580,'y' => 573.689 ]
['x' => 482.669,'y' => 573.587 ]
['x' => 482.852,'y' => 573.383 ]
['x' => 483.090,'y' => 573.025 ]
['x' => 483.103,'y' => 572.923 ]
['x' => 483.167,'y' => 572.821 ]
['x' => 483.231,'y' => 572.808 ]
['x' => 483.345,'y' => 572.706 ]
['x' => 483.333,'y' => 572.591 ]
['x' => 483.422,'y' => 572.489 ]
['x' => 483.435,'y' => 572.323 ]
['x' => 483.473,'y' => 572.272 ]
['x' => 483.460,'y' => 572.132 ]
['x' => 483.499,'y' => 572.093 ]
['x' => 483.448,'y' => 571.991 ]
['x' => 483.448,'y' => 571.940 ]
['x' => 483.499,'y' => 571.876 ]
['x' => 483.486,'y' => 571.672 ]
['x' => 483.524,'y' => 571.608 ]
['x' => 483.533,'y' => 571.545 ]
['x' => 483.435,'y' => 571.571 ]
['x' => 483.374,'y' => 571.581 ]
['x' => 483.316,'y' => 571.612 ]
['x' => 483.256,'y' => 571.623 ]
['x' => 483.186,'y' => 571.664 ]
['x' => 483.063,'y' => 571.702 ]
['x' => 483.019,'y' => 571.700 ]
['x' => 482.913,'y' => 571.726 ]
['x' => 482.862,'y' => 571.709 ]
['x' => 482.805,'y' => 571.709 ]
['x' => 482.763,'y' => 571.668 ]
['x' => 482.717,'y' => 571.636 ]
['x' => 482.603,'y' => 571.668 ]
['x' => 482.549,'y' => 571.703 ]
['x' => 482.503,'y' => 571.703 ]
['x' => 482.457,'y' => 571.749 ]
['x' => 482.257,'y' => 571.797 ]
['x' => 482.181,'y' => 571.841 ]
['x' => 481.981,'y' => 571.941 ]
['x' => 481.906,'y' => 571.978 ]
['x' => 481.860,'y' => 572.024 ]
['x' => 481.814,'y' => 572.024 ]
['x' => 481.768,'y' => 572.070 ]
['x' => 481.676,'y' => 572.116 ]
['x' => 481.630,'y' => 572.162 ]
['x' => 481.584,'y' => 572.162 ]
['x' => 481.538,'y' => 572.208 ]
['x' => 481.499,'y' => 572.177 ]
['x' => 481.470,'y' => 572.150 ]
['x' => 481.407,'y' => 572.119 ]
['x' => 481.322,'y' => 572.152 ]
['x' => 481.290,'y' => 572.128 ]
['x' => 481.174,'y' => 572.079 ]
['x' => 481.146,'y' => 572.060 ]
['x' => 481.098,'y' => 572.011 ]
['x' => 481.102,'y' => 571.972 ]
['x' => 481.124,'y' => 571.887 ]
['x' => 481.124,'y' => 571.841 ]
['x' => 481.124,'y' => 571.795 ]
['x' => 481.124,'y' => 571.749 ]
['x' => 481.170,'y' => 571.703 ]
['x' => 481.216,'y' => 571.703 ]
['x' => 481.262,'y' => 571.657 ]
['x' => 481.308,'y' => 571.657 ]
['x' => 481.354,'y' => 571.611 ]
['x' => 481.457,'y' => 571.557 ]
['x' => 481.572,'y' => 571.481 ]
['x' => 481.617,'y' => 571.446 ]
['x' => 481.713,'y' => 571.336 ]
['x' => 481.755,'y' => 571.280 ]
['x' => 481.784,'y' => 571.241 ]
['x' => 481.830,'y' => 571.187 ]
['x' => 481.900,'y' => 571.120 ]
['x' => 481.998,'y' => 571.105 ]
['x' => 482.054,'y' => 571.060 ]
['x' => 482.049,'y' => 570.995 ]
['x' => 482.006,'y' => 570.962 ]
['x' => 481.859,'y' => 570.895 ]
['x' => 481.840,'y' => 570.835 ]
['x' => 481.846,'y' => 570.765 ]
['x' => 481.830,'y' => 570.706 ]
['x' => 481.830,'y' => 570.621 ]
['x' => 481.863,'y' => 570.518 ]
['x' => 481.948,'y' => 570.437 ]
['x' => 482.049,'y' => 570.403 ]
['x' => 482.161,'y' => 570.413 ]
['x' => 482.258,'y' => 570.417 ]
['x' => 482.307,'y' => 570.409 ]
['x' => 482.376,'y' => 570.416 ]
['x' => 482.517,'y' => 570.464 ]
['x' => 482.630,'y' => 570.482 ]
['x' => 482.728,'y' => 570.488 ]
['x' => 482.791,'y' => 570.493 ]
['x' => 482.847,'y' => 570.456 ]
['x' => 482.951,'y' => 570.473 ]
['x' => 483.036,'y' => 570.559 ]
['x' => 483.192,'y' => 570.140 ]
['x' => 483.282,'y' => 569.987 ]
['x' => 483.243,'y' => 569.962 ]
['x' => 483.278,'y' => 569.881 ]
['x' => 483.231,'y' => 569.834 ]
['x' => 483.218,'y' => 569.745 ]
['x' => 483.192,'y' => 569.719 ]
['x' => 483.205,'y' => 569.617 ]
['x' => 483.167,'y' => 569.579 ]
['x' => 483.154,'y' => 569.515 ]
['x' => 483.192,'y' => 569.515 ]
['x' => 483.243,'y' => 569.528 ]
['x' => 483.256,'y' => 569.464 ]
['x' => 483.294,'y' => 569.464 ]
['x' => 483.294,'y' => 569.528 ]
['x' => 483.371,'y' => 569.541 ]
['x' => 483.396,'y' => 569.387 ]
['x' => 483.396,'y' => 569.336 ]
['x' => 483.358,'y' => 569.285 ]
['x' => 483.358,'y' => 569.234 ]
['x' => 483.524,'y' => 568.966 ]
['x' => 483.511,'y' => 568.928 ]
['x' => 483.384,'y' => 568.979 ]
['x' => 483.448,'y' => 568.890 ]
['x' => 483.448,'y' => 568.775 ]
['x' => 483.486,'y' => 568.698 ]
['x' => 483.396,'y' => 568.698 ]
['x' => 483.473,'y' => 568.660 ]
['x' => 483.473,'y' => 568.596 ]
['x' => 483.422,'y' => 568.596 ]
['x' => 483.422,'y' => 568.558 ]
['x' => 483.282,'y' => 568.558 ]
['x' => 483.256,'y' => 568.405 ]
['x' => 483.282,'y' => 568.162 ]
['x' => 483.399,'y' => 567.890 ]
['x' => 483.224,'y' => 567.760 ]
['x' => 483.292,'y' => 567.568 ]
['x' => 483.439,'y' => 567.455 ]
['x' => 483.496,'y' => 567.421 ]
['x' => 483.552,'y' => 567.353 ]
['x' => 483.552,'y' => 567.297 ]
['x' => 483.518,'y' => 567.240 ]
['x' => 483.597,'y' => 567.082 ]
['x' => 483.611,'y' => 566.936 ]
['x' => 483.533,'y' => 566.635 ]
['x' => 483.617,'y' => 566.502 ]
['x' => 483.699,'y' => 566.357 ]
['x' => 483.749,'y' => 566.214 ]
['x' => 483.733,'y' => 565.940 ]
['x' => 483.722,'y' => 565.849 ]
['x' => 483.597,'y' => 565.747 ]
['x' => 483.530,'y' => 565.713 ]
['x' => 483.388,'y' => 565.766 ]
['x' => 483.174,'y' => 565.773 ]
['x' => 483.033,'y' => 565.718 ]
['x' => 482.779,'y' => 565.644 ]
['x' => 482.607,'y' => 565.554 ]
['x' => 482.489,'y' => 565.326 ]
['x' => 482.076,'y' => 564.941 ]
['x' => 481.850,'y' => 564.693 ]
['x' => 481.692,'y' => 564.348 ]
['x' => 481.680,'y' => 564.206 ]
['x' => 481.760,'y' => 564.110 ]
['x' => 481.861,'y' => 564.054 ]
['x' => 482.020,'y' => 564.025 ]
['x' => 482.314,'y' => 564.031 ]
['x' => 482.500,'y' => 564.065 ]
['x' => 482.664,'y' => 564.076 ]
['x' => 482.772,'y' => 564.116 ]
['x' => 482.902,'y' => 564.178 ]
['x' => 483.026,'y' => 564.218 ]
['x' => 483.094,'y' => 564.246 ]
['x' => 483.151,'y' => 564.274 ]
['x' => 483.224,'y' => 564.280 ]
['x' => 483.524,'y' => 564.444 ]
['x' => 484.000,'y' => 564.640 ]
['x' => 484.175,'y' => 564.712 ]
['x' => 484.413,'y' => 564.764 ]
['x' => 484.511,'y' => 564.691 ]
['x' => 484.627,'y' => 564.483 ]
['x' => 484.706,'y' => 564.319 ]
['x' => 484.808,'y' => 564.184 ]
['x' => 485.022,'y' => 563.986 ]
['x' => 485.096,'y' => 563.974 ]
['x' => 485.158,'y' => 564.150 ]
['x' => 485.107,'y' => 564.348 ]
['x' => 485.051,'y' => 564.772 ]
['x' => 485.040,'y' => 564.851 ]
['x' => 485.011,'y' => 565.145 ]
['x' => 484.994,'y' => 565.286 ]
['x' => 485.017,'y' => 565.552 ]
['x' => 485.028,'y' => 565.688 ]
['x' => 485.056,'y' => 565.891 ]
['x' => 485.090,'y' => 566.005 ]
['x' => 485.124,'y' => 566.039 ]
['x' => 485.209,'y' => 566.135 ]
['x' => 485.237,'y' => 566.350 ]
['x' => 485.294,'y' => 566.451 ]
['x' => 485.428,'y' => 566.627 ]
['x' => 485.599,'y' => 566.700 ]
['x' => 485.775,'y' => 566.858 ]
['x' => 485.796,'y' => 566.988 ]
['x' => 485.873,'y' => 567.026 ]
['x' => 485.873,'y' => 567.077 ]
['x' => 485.937,'y' => 567.154 ]
['x' => 486.000,'y' => 567.166 ]
['x' => 486.026,'y' => 567.192 ]
['x' => 486.064,'y' => 567.281 ]
['x' => 486.141,'y' => 567.281 ]
['x' => 486.179,'y' => 567.358 ]
['x' => 486.294,'y' => 567.371 ]
['x' => 486.319,'y' => 567.409 ]
['x' => 486.396,'y' => 567.422 ]
['x' => 486.549,'y' => 567.383 ]
['x' => 486.562,'y' => 567.422 ]
['x' => 486.651,'y' => 567.434 ]
['x' => 486.753,'y' => 567.358 ]
['x' => 486.817,'y' => 567.371 ]
['x' => 486.855,'y' => 567.307 ]
['x' => 486.958,'y' => 567.269 ]
['x' => 487.021,'y' => 567.192 ]
['x' => 487.251,'y' => 567.192 ]
['x' => 487.532,'y' => 567.026 ]
['x' => 487.647,'y' => 567.013 ]
['x' => 487.813,'y' => 566.784 ]
['x' => 487.928,'y' => 566.732 ]
['x' => 488.055,'y' => 566.605 ]
['x' => 488.119,'y' => 566.605 ]
['x' => 488.145,'y' => 566.630 ]
['x' => 488.208,'y' => 566.528 ]
['x' => 488.362,'y' => 566.464 ]
['x' => 488.438,'y' => 566.464 ]
['x' => 488.464,'y' => 566.503 ]
['x' => 488.515,'y' => 566.516 ]
['x' => 488.540,'y' => 566.541 ]
['x' => 488.706,'y' => 566.464 ]
['x' => 488.745,'y' => 566.426 ]
['x' => 488.745,'y' => 566.349 ]
['x' => 488.923,'y' => 566.222 ]
['x' => 488.923,'y' => 566.184 ]
['x' => 488.872,'y' => 566.145 ]
['x' => 488.847,'y' => 566.094 ]
['x' => 488.872,'y' => 565.992 ]
['x' => 488.911,'y' => 566.018 ]
['x' => 488.911,'y' => 566.069 ]
['x' => 488.949,'y' => 566.133 ]
['x' => 488.974,'y' => 566.171 ]
['x' => 489.000,'y' => 566.260 ]
['x' => 489.051,'y' => 566.298 ]
['x' => 489.089,'y' => 566.324 ]
['x' => 489.153,'y' => 566.273 ]
['x' => 489.153,'y' => 566.184 ]
['x' => 489.281,'y' => 566.145 ]
['x' => 489.281,'y' => 566.260 ]
['x' => 489.242,'y' => 566.235 ]
['x' => 489.204,'y' => 566.235 ]
['x' => 489.204,'y' => 566.286 ]
['x' => 489.230,'y' => 566.311 ]
['x' => 489.242,'y' => 566.388 ]
['x' => 489.268,'y' => 566.452 ]
['x' => 489.319,'y' => 566.490 ]
['x' => 489.434,'y' => 566.452 ]
['x' => 489.434,'y' => 566.579 ]
['x' => 489.498,'y' => 566.554 ]
['x' => 489.523,'y' => 566.477 ]
['x' => 489.600,'y' => 566.477 ]
['x' => 489.510,'y' => 566.630 ]
['x' => 489.523,'y' => 566.835 ]
['x' => 489.498,'y' => 566.935 ]
['x' => 489.794,'y' => 566.820 ]
['x' => 490.147,'y' => 566.910 ]
['x' => 490.318,'y' => 566.927 ]
['x' => 490.370,'y' => 566.909 ]
['x' => 490.441,'y' => 566.969 ]
['x' => 490.504,'y' => 566.977 ]
['x' => 490.686,'y' => 566.876 ]
['x' => 490.754,'y' => 566.689 ]
['x' => 490.769,'y' => 566.499 ]
['x' => 490.862,'y' => 566.447 ]
['x' => 490.974,'y' => 566.495 ]
['x' => 491.033,'y' => 566.596 ]
['x' => 491.030,'y' => 566.712 ]
['x' => 491.052,'y' => 566.906 ]
['x' => 491.019,'y' => 567.085 ]
['x' => 490.985,'y' => 567.196 ]
['x' => 490.836,'y' => 567.364 ]
['x' => 490.567,'y' => 567.502 ]
['x' => 490.381,'y' => 567.655 ]
['x' => 490.266,'y' => 567.729 ]
['x' => 490.228,'y' => 567.815 ]
['x' => 490.303,'y' => 567.860 ]
['x' => 490.463,'y' => 567.864 ]
['x' => 490.657,'y' => 567.856 ]
['x' => 490.787,'y' => 567.987 ]
['x' => 490.780,'y' => 568.225 ]
['x' => 490.750,'y' => 568.356 ]
['x' => 490.664,'y' => 568.400 ]
['x' => 490.590,'y' => 568.352 ]
['x' => 490.512,'y' => 568.303 ]
['x' => 490.411,'y' => 568.281 ]
['x' => 490.191,'y' => 568.330 ]
['x' => 489.833,'y' => 568.475 ]
['x' => 489.449,'y' => 568.542 ]
['x' => 489.248,'y' => 568.546 ]
['x' => 489.155,'y' => 568.568 ]
['x' => 489.089,'y' => 568.596 ]
['x' => 488.783,'y' => 568.979 ]
['x' => 488.745,'y' => 569.119 ]
['x' => 488.591,'y' => 569.285 ]
['x' => 488.591,'y' => 569.400 ]
['x' => 488.617,'y' => 569.426 ]
['x' => 488.643,'y' => 569.502 ]
['x' => 488.642,'y' => 569.604 ]
['x' => 488.464,'y' => 569.783 ]
['x' => 488.477,'y' => 569.860 ]
['x' => 488.438,'y' => 569.923 ]
['x' => 488.426,'y' => 570.115 ]
['x' => 488.425,'y' => 570.230 ]
['x' => 488.502,'y' => 570.294 ]
['x' => 488.540,'y' => 570.370 ]
['x' => 488.540,'y' => 570.409 ]
['x' => 488.566,'y' => 570.434 ]
['x' => 488.566,'y' => 570.830 ]
['x' => 488.681,'y' => 570.906 ]
['x' => 488.719,'y' => 570.919 ]
['x' => 488.783,'y' => 570.970 ]
['x' => 488.859,'y' => 571.021 ]
['x' => 488.911,'y' => 571.085 ]
['x' => 488.936,'y' => 571.123 ]
['x' => 489.013,'y' => 571.213 ]
['x' => 489.051,'y' => 571.238 ]
['x' => 489.089,'y' => 571.264 ]
['x' => 489.102,'y' => 571.404 ]
['x' => 489.268,'y' => 571.430 ]
['x' => 489.306,'y' => 571.455 ]
['x' => 489.383,'y' => 571.506 ]
['x' => 489.421,'y' => 571.545 ]
['x' => 489.434,'y' => 571.596 ]
['x' => 489.472,'y' => 571.621 ]
['x' => 489.740,'y' => 571.634 ]
['x' => 489.791,'y' => 571.595 ]
['x' => 490.008,'y' => 571.608 ]
['x' => 490.123,'y' => 571.634 ]
['x' => 490.149,'y' => 571.672 ]
['x' => 490.251,'y' => 571.672 ]
['x' => 490.302,'y' => 571.685 ]
['x' => 490.366,'y' => 571.621 ]
['x' => 490.544,'y' => 571.634 ]
['x' => 490.672,'y' => 571.570 ]
['x' => 490.787,'y' => 571.557 ]
['x' => 491.004,'y' => 571.391 ]
['x' => 491.183,'y' => 571.391 ]
['x' => 491.323,'y' => 571.276 ]
['x' => 491.412,'y' => 571.238 ]
['x' => 491.451,'y' => 571.238 ]
['x' => 491.476,'y' => 571.264 ]
['x' => 491.706,'y' => 571.111 ]
['x' => 491.821,'y' => 571.111 ]
['x' => 491.987,'y' => 570.919 ]
['x' => 492.280,'y' => 570.766 ]
['x' => 492.395,'y' => 570.587 ]
['x' => 492.497,'y' => 570.536 ]
['x' => 492.638,'y' => 570.357 ]
['x' => 492.791,'y' => 570.306 ]
['x' => 493.046,'y' => 570.102 ]
['x' => 493.084,'y' => 570.115 ]
['x' => 493.212,'y' => 570.166 ]
['x' => 493.238,'y' => 570.204 ]
['x' => 493.289,'y' => 570.230 ]
['x' => 493.493,'y' => 570.243 ]
['x' => 493.531,'y' => 570.243 ]
['x' => 493.557,'y' => 570.281 ]
['x' => 493.646,'y' => 570.294 ]
['x' => 493.799,'y' => 570.255 ]
['x' => 493.901,'y' => 570.192 ]
['x' => 493.978,'y' => 570.064 ]
['x' => 493.965,'y' => 569.962 ]
['x' => 493.914,'y' => 569.783 ]
['x' => 493.889,'y' => 569.758 ]
['x' => 493.863,'y' => 569.643 ]
['x' => 493.812,'y' => 569.604 ]
['x' => 493.774,'y' => 569.579 ]
['x' => 493.735,'y' => 569.566 ]
['x' => 493.697,'y' => 569.528 ]
['x' => 493.710,'y' => 569.451 ]
['x' => 493.684,'y' => 569.426 ]
['x' => 493.684,'y' => 569.387 ]
['x' => 493.620,'y' => 569.324 ]
['x' => 493.518,'y' => 569.311 ]
['x' => 493.493,'y' => 569.285 ]
['x' => 493.442,'y' => 569.158 ]
['x' => 493.544,'y' => 569.170 ]
['x' => 493.544,'y' => 569.132 ]
['x' => 493.506,'y' => 569.119 ]
['x' => 493.429,'y' => 569.043 ]
['x' => 493.378,'y' => 568.941 ]
['x' => 493.212,'y' => 568.915 ]
['x' => 493.123,'y' => 568.928 ]
['x' => 493.123,'y' => 568.775 ]
['x' => 493.092,'y' => 568.765 ]
['x' => 492.960,'y' => 568.787 ]
['x' => 492.850,'y' => 568.868 ]
['x' => 492.638,'y' => 568.934 ]
['x' => 492.499,'y' => 568.970 ]
['x' => 492.419,'y' => 568.985 ]
['x' => 492.360,'y' => 568.941 ]
['x' => 492.397,'y' => 568.875 ]
['x' => 492.375,'y' => 568.765 ]
['x' => 492.287,'y' => 568.700 ]
['x' => 492.221,'y' => 568.626 ]
['x' => 492.214,'y' => 568.509 ]
['x' => 492.316,'y' => 568.363 ]
['x' => 492.411,'y' => 568.239 ]
['x' => 492.441,'y' => 568.085 ]
['x' => 492.580,'y' => 567.975 ]
['x' => 492.951,'y' => 567.830 ]
['x' => 492.931,'y' => 567.741 ]
['x' => 492.944,'y' => 567.652 ]
['x' => 493.238,'y' => 567.294 ]
['x' => 493.352,'y' => 567.256 ]
['x' => 493.334,'y' => 567.203 ]
['x' => 493.442,'y' => 567.013 ]
['x' => 493.352,'y' => 567.077 ]
['x' => 493.352,'y' => 567.000 ]
['x' => 493.416,'y' => 566.937 ]
['x' => 493.416,'y' => 566.873 ]
['x' => 493.391,'y' => 566.835 ]
['x' => 493.608,'y' => 566.835 ]
['x' => 493.672,'y' => 566.796 ]
['x' => 493.774,'y' => 566.592 ]
['x' => 493.774,'y' => 566.375 ]
['x' => 493.723,'y' => 566.324 ]
['x' => 493.735,'y' => 566.247 ]
['x' => 493.697,'y' => 566.209 ]
['x' => 493.697,'y' => 566.145 ]
['x' => 493.633,'y' => 566.094 ]
['x' => 493.633,'y' => 566.018 ]
['x' => 493.569,'y' => 566.005 ]
['x' => 493.557,'y' => 566.043 ]
['x' => 493.518,'y' => 566.043 ]
['x' => 493.557,'y' => 565.903 ]
['x' => 493.365,'y' => 565.801 ]
['x' => 493.250,'y' => 565.686 ]
['x' => 493.199,'y' => 565.673 ]
['x' => 493.165,'y' => 565.620 ]
['x' => 493.032,'y' => 565.596 ]
['x' => 492.909,'y' => 565.570 ]
['x' => 492.703,'y' => 565.531 ]
['x' => 492.515,'y' => 565.458 ]
['x' => 492.469,'y' => 565.452 ]
['x' => 492.355,'y' => 565.432 ]
['x' => 492.257,'y' => 565.377 ]
['x' => 492.189,'y' => 565.360 ]
['x' => 492.145,'y' => 565.327 ]
['x' => 492.044,'y' => 565.272 ]
['x' => 491.968,'y' => 565.272 ]
['x' => 491.904,'y' => 565.301 ]
['x' => 491.812,'y' => 565.344 ]
['x' => 491.696,'y' => 565.401 ]
['x' => 491.641,'y' => 565.375 ]
['x' => 491.637,'y' => 565.336 ]
['x' => 491.615,'y' => 565.305 ]
['x' => 491.519,'y' => 565.281 ]
['x' => 491.354,'y' => 565.270 ]
['x' => 491.243,'y' => 565.231 ]
['x' => 491.162,'y' => 565.185 ]
['x' => 491.151,'y' => 565.108 ]
['x' => 491.170,'y' => 565.040 ]
['x' => 491.238,'y' => 564.985 ]
['x' => 491.297,'y' => 564.933 ]
['x' => 491.414,'y' => 564.874 ]
['x' => 491.462,'y' => 564.867 ]
['x' => 491.600,'y' => 564.909 ]
['x' => 491.663,'y' => 564.911 ]
['x' => 491.744,'y' => 564.970 ]
['x' => 491.816,'y' => 564.983 ]
['x' => 492.009,'y' => 564.869 ]
['x' => 492.066,'y' => 564.812 ]
['x' => 492.123,'y' => 564.760 ]
['x' => 492.167,'y' => 564.709 ]
['x' => 492.198,'y' => 564.657 ]
['x' => 492.257,'y' => 564.630 ]
['x' => 492.303,'y' => 564.624 ]
['x' => 492.441,'y' => 564.705 ]
['x' => 492.584,'y' => 564.742 ]
['x' => 492.752,'y' => 564.871 ]
['x' => 492.834,'y' => 564.910 ]
['x' => 492.914,'y' => 564.940 ]
['x' => 493.037,'y' => 565.029 ]
['x' => 493.161,'y' => 565.060 ]
['x' => 493.174,'y' => 564.997 ]
['x' => 493.365,'y' => 564.741 ]
['x' => 493.467,'y' => 564.665 ]
['x' => 493.531,'y' => 564.665 ]
['x' => 493.569,'y' => 564.677 ]
['x' => 493.582,'y' => 564.716 ]
['x' => 493.672,'y' => 564.716 ]
['x' => 493.723,'y' => 564.907 ]
['x' => 493.748,'y' => 564.933 ]
['x' => 493.799,'y' => 564.958 ]
['x' => 494.003,'y' => 564.831 ]
['x' => 494.118,'y' => 564.677 ]
['x' => 494.144,'y' => 564.588 ]
['x' => 494.093,'y' => 564.537 ]
['x' => 494.105,'y' => 564.371 ]
['x' => 494.093,'y' => 564.333 ]
['x' => 494.042,'y' => 564.282 ]
['x' => 494.093,'y' => 564.103 ]
['x' => 494.054,'y' => 564.078 ]
['x' => 494.029,'y' => 563.899 ]
['x' => 494.157,'y' => 563.784 ]
['x' => 494.118,'y' => 563.720 ]
['x' => 494.118,'y' => 563.669 ]
['x' => 494.271,'y' => 563.541 ]
['x' => 494.233,'y' => 563.312 ]
['x' => 494.182,'y' => 563.184 ]
['x' => 494.195,'y' => 563.056 ]
['x' => 494.271,'y' => 562.929 ]
['x' => 494.271,'y' => 562.852 ]
['x' => 494.233,'y' => 562.814 ]
['x' => 494.233,'y' => 562.648 ]
['x' => 494.335,'y' => 562.635 ]
['x' => 494.348,'y' => 562.533 ]
['x' => 494.399,'y' => 562.508 ]
['x' => 494.374,'y' => 562.444 ]
['x' => 494.335,'y' => 562.431 ]
['x' => 494.297,'y' => 562.380 ]
['x' => 494.259,'y' => 562.367 ]
['x' => 494.233,'y' => 562.239 ]
['x' => 494.297,'y' => 562.112 ]
['x' => 494.399,'y' => 562.061 ]
['x' => 494.437,'y' => 561.984 ]
['x' => 494.552,'y' => 561.908 ]
['x' => 494.591,'y' => 561.997 ]
['x' => 494.642,'y' => 562.035 ]
['x' => 494.591,'y' => 562.291 ]
['x' => 494.539,'y' => 562.380 ]
['x' => 494.616,'y' => 562.380 ]
['x' => 494.616,'y' => 562.418 ]
['x' => 494.552,'y' => 562.508 ]
['x' => 494.591,'y' => 562.508 ]
['x' => 494.654,'y' => 562.559 ]
['x' => 494.705,'y' => 562.597 ]
['x' => 494.769,'y' => 562.686 ]
['x' => 494.820,'y' => 562.673 ]
['x' => 494.910,'y' => 562.571 ]
['x' => 494.897,'y' => 562.444 ]
['x' => 494.948,'y' => 562.456 ]
['x' => 494.999,'y' => 562.482 ]
['x' => 495.037,'y' => 562.482 ]
['x' => 495.037,'y' => 562.380 ]
['x' => 495.088,'y' => 562.329 ]
['x' => 495.063,'y' => 562.239 ]
['x' => 495.178,'y' => 562.125 ]
['x' => 495.275,'y' => 562.077 ]
['x' => 495.238,'y' => 561.939 ]
['x' => 495.207,'y' => 561.809 ]
['x' => 495.210,'y' => 561.657 ]
['x' => 495.269,'y' => 561.490 ]
['x' => 495.377,'y' => 561.879 ]
['x' => 495.451,'y' => 561.989 ]
['x' => 495.486,'y' => 562.062 ]
['x' => 495.522,'y' => 562.099 ]
['x' => 495.447,'y' => 562.236 ]
['x' => 495.328,'y' => 562.330 ]
['x' => 495.341,'y' => 562.427 ]
['x' => 495.539,'y' => 562.347 ]
['x' => 495.663,'y' => 562.209 ]
['x' => 495.701,'y' => 561.895 ]
['x' => 495.777,'y' => 561.905 ]
['x' => 495.856,'y' => 562.001 ]
['x' => 495.974,'y' => 561.988 ]
['x' => 496.020,'y' => 561.844 ]
['x' => 496.084,'y' => 561.882 ]
['x' => 496.097,'y' => 561.920 ]
['x' => 496.314,'y' => 561.971 ]
['x' => 496.314,'y' => 562.035 ]
['x' => 496.250,'y' => 562.048 ]
['x' => 496.199,'y' => 562.010 ]
['x' => 496.097,'y' => 562.061 ]
['x' => 496.097,'y' => 562.112 ]
['x' => 495.922,'y' => 562.239 ]
['x' => 495.917,'y' => 562.353 ]
['x' => 495.984,'y' => 562.415 ]
['x' => 496.113,'y' => 562.421 ]
['x' => 496.196,'y' => 562.475 ]
['x' => 496.132,'y' => 562.635 ]
['x' => 496.073,'y' => 562.799 ]
['x' => 495.995,'y' => 562.916 ]
['x' => 495.867,'y' => 562.890 ]
['x' => 495.841,'y' => 562.916 ]
['x' => 495.854,'y' => 563.018 ]
['x' => 495.803,'y' => 563.044 ]
['x' => 495.803,'y' => 563.146 ]
['x' => 495.918,'y' => 563.299 ]
['x' => 495.905,'y' => 563.503 ]
['x' => 495.765,'y' => 563.618 ]
['x' => 495.790,'y' => 563.656 ]
['x' => 495.778,'y' => 563.746 ]
['x' => 495.663,'y' => 563.784 ]
['x' => 495.612,'y' => 563.848 ]
['x' => 495.446,'y' => 563.937 ]
['x' => 495.344,'y' => 563.937 ]
['x' => 495.305,'y' => 564.039 ]
['x' => 495.305,'y' => 564.103 ]
['x' => 495.548,'y' => 564.128 ]
['x' => 495.637,'y' => 564.078 ]
['x' => 495.714,'y' => 564.244 ]
['x' => 495.829,'y' => 564.180 ]
['x' => 495.892,'y' => 564.295 ]
['x' => 495.931,'y' => 564.473 ]
['x' => 496.148,'y' => 564.346 ]
['x' => 496.097,'y' => 564.550 ]
['x' => 496.122,'y' => 564.652 ]
['x' => 496.046,'y' => 564.882 ]
['x' => 496.071,'y' => 564.933 ]
['x' => 496.186,'y' => 564.945 ]
['x' => 496.263,'y' => 564.882 ]
['x' => 496.237,'y' => 564.971 ]
['x' => 496.275,'y' => 565.086 ]
['x' => 496.378,'y' => 565.035 ]
['x' => 496.378,'y' => 564.933 ]
['x' => 496.454,'y' => 564.856 ]
['x' => 496.454,'y' => 564.805 ]
['x' => 496.505,'y' => 564.792 ]
['x' => 496.492,'y' => 564.933 ]
['x' => 496.416,'y' => 565.035 ]
['x' => 496.416,'y' => 565.086 ]
['x' => 496.441,'y' => 565.111 ]
['x' => 496.505,'y' => 565.150 ]
['x' => 496.569,'y' => 565.150 ]
['x' => 496.633,'y' => 565.201 ]
['x' => 496.850,'y' => 565.162 ]
['x' => 496.888,'y' => 565.201 ]
['x' => 496.939,'y' => 565.201 ]
['x' => 496.977,'y' => 565.214 ]
['x' => 497.041,'y' => 565.124 ]
['x' => 497.105,'y' => 565.137 ]
['x' => 497.297,'y' => 565.035 ]
['x' => 497.335,'y' => 565.073 ]
['x' => 497.386,'y' => 565.111 ]
['x' => 497.462,'y' => 565.175 ]
['x' => 497.514,'y' => 565.226 ]
['x' => 497.526,'y' => 565.265 ]
['x' => 497.565,'y' => 565.277 ]
['x' => 497.702,'y' => 565.193 ]
['x' => 497.794,'y' => 565.137 ]
['x' => 497.923,'y' => 565.172 ]
['x' => 497.833,'y' => 565.048 ]
['x' => 497.871,'y' => 564.958 ]
['x' => 498.037,'y' => 564.958 ]
['x' => 498.288,'y' => 565.014 ]
['x' => 498.245,'y' => 564.914 ]
['x' => 498.203,'y' => 564.856 ]
['x' => 498.254,'y' => 564.856 ]
['x' => 498.356,'y' => 564.885 ]
['x' => 498.318,'y' => 564.780 ]
['x' => 498.292,'y' => 564.716 ]
['x' => 498.356,'y' => 564.690 ]
['x' => 498.394,'y' => 564.754 ]
['x' => 498.496,'y' => 564.741 ]
['x' => 498.573,'y' => 564.792 ]
['x' => 498.611,'y' => 564.818 ]
['x' => 498.611,'y' => 564.882 ]
['x' => 498.637,'y' => 564.907 ]
['x' => 498.701,'y' => 564.869 ]
['x' => 498.828,'y' => 564.882 ]
['x' => 498.770,'y' => 564.939 ]
['x' => 498.684,'y' => 564.978 ]
['x' => 498.616,'y' => 564.989 ]
['x' => 498.530,'y' => 565.038 ]
['x' => 498.558,'y' => 565.081 ]
['x' => 498.633,'y' => 565.107 ]
['x' => 498.640,'y' => 565.150 ]
['x' => 498.551,'y' => 565.228 ]
['x' => 498.535,'y' => 565.272 ]
['x' => 498.415,'y' => 565.347 ]
['x' => 498.416,'y' => 565.300 ]
['x' => 498.439,'y' => 565.220 ]
['x' => 498.418,'y' => 565.181 ]
['x' => 498.291,'y' => 565.273 ]
['x' => 498.276,'y' => 565.364 ]
['x' => 498.187,'y' => 565.355 ]
['x' => 498.108,'y' => 565.423 ]
['x' => 498.070,'y' => 565.527 ]
['x' => 498.069,'y' => 565.561 ]
['x' => 498.108,'y' => 565.580 ]
['x' => 498.068,'y' => 565.629 ]
['x' => 498.073,'y' => 565.696 ]
['x' => 498.126,'y' => 565.750 ]
['x' => 497.982,'y' => 565.791 ]
['x' => 497.892,'y' => 565.859 ]
['x' => 497.896,'y' => 565.916 ]
['x' => 497.914,'y' => 566.023 ]
['x' => 497.914,'y' => 566.125 ]
['x' => 497.921,'y' => 566.159 ]
['x' => 497.973,'y' => 566.171 ]
['x' => 497.999,'y' => 566.196 ]
['x' => 497.858,'y' => 566.319 ]
['x' => 497.488,'y' => 566.720 ]
['x' => 497.437,'y' => 566.835 ]
['x' => 497.437,'y' => 567.026 ]
['x' => 497.488,'y' => 567.090 ]
['x' => 497.539,'y' => 567.218 ]
['x' => 497.565,'y' => 567.256 ]
['x' => 497.603,'y' => 567.307 ]
['x' => 497.654,'y' => 567.383 ]
['x' => 497.705,'y' => 567.409 ]
['x' => 497.769,'y' => 567.498 ]
['x' => 497.807,'y' => 567.511 ]
['x' => 497.845,'y' => 567.562 ]
['x' => 497.909,'y' => 567.588 ]
['x' => 497.922,'y' => 567.651 ]
['x' => 497.948,'y' => 567.677 ]
['x' => 497.986,'y' => 567.690 ]
['x' => 498.011,'y' => 567.728 ]
['x' => 498.062,'y' => 567.741 ]
['x' => 498.101,'y' => 567.805 ]
['x' => 498.152,'y' => 567.856 ]
['x' => 498.190,'y' => 567.868 ]
['x' => 498.216,'y' => 567.945 ]
['x' => 498.318,'y' => 568.098 ]
['x' => 498.407,'y' => 568.149 ]
['x' => 498.445,'y' => 568.200 ]
['x' => 498.496,'y' => 568.226 ]
['x' => 498.560,'y' => 568.264 ]
['x' => 498.586,'y' => 568.315 ]
['x' => 498.624,'y' => 568.328 ]
['x' => 498.637,'y' => 568.379 ]
['x' => 498.764,'y' => 568.519 ]
['x' => 498.803,'y' => 568.532 ]
['x' => 498.892,'y' => 568.596 ]
['x' => 498.918,'y' => 568.634 ]
['x' => 498.969,'y' => 568.647 ]
['x' => 498.981,'y' => 568.698 ]
['x' => 499.045,'y' => 568.762 ]
['x' => 499.109,'y' => 568.775 ]
['x' => 499.173,'y' => 568.749 ]
['x' => 499.211,'y' => 568.787 ]
['x' => 499.275,'y' => 568.813 ]
['x' => 499.352,'y' => 568.851 ]
['x' => 499.415,'y' => 568.839 ]
['x' => 499.466,'y' => 568.902 ]
['x' => 499.505,'y' => 568.928 ]
['x' => 499.543,'y' => 568.953 ]
['x' => 499.607,'y' => 568.979 ]
['x' => 499.671,'y' => 569.056 ]
['x' => 499.747,'y' => 569.068 ]
['x' => 499.786,'y' => 569.145 ]
['x' => 499.811,'y' => 569.183 ]
['x' => 499.888,'y' => 569.196 ]
['x' => 499.939,'y' => 569.221 ]
['x' => 500.041,'y' => 569.221 ]
['x' => 500.092,'y' => 569.273 ]
['x' => 500.322,'y' => 569.311 ]
['x' => 500.437,'y' => 569.362 ]
['x' => 500.500,'y' => 569.387 ]
['x' => 500.590,'y' => 569.375 ]
['x' => 500.615,'y' => 569.400 ]
['x' => 500.743,'y' => 569.426 ]
['x' => 500.781,'y' => 569.438 ]
['x' => 500.960,'y' => 569.464 ]
['x' => 500.998,'y' => 569.477 ]
['x' => 501.075,'y' => 569.515 ]
['x' => 501.113,'y' => 569.528 ]
['x' => 501.202,'y' => 569.528 ]
['x' => 501.330,'y' => 569.566 ]
['x' => 501.585,'y' => 569.553 ]
['x' => 501.636,'y' => 569.579 ]
['x' => 501.713,'y' => 569.592 ]
['x' => 501.853,'y' => 569.515 ]
['x' => 501.955,'y' => 569.515 ]
['x' => 502.058,'y' => 569.477 ]
['x' => 502.083,'y' => 569.502 ]
['x' => 502.147,'y' => 569.502 ]
['x' => 502.568,'y' => 569.311 ]
['x' => 502.645,'y' => 569.311 ]
['x' => 502.798,'y' => 569.119 ]
['x' => 502.900,'y' => 569.068 ]
['x' => 502.938,'y' => 568.979 ]
['x' => 503.245,'y' => 568.800 ]
['x' => 503.436,'y' => 568.736 ]
['x' => 503.832,'y' => 568.290 ]
['x' => 504.100,'y' => 568.149 ]
['x' => 504.164,'y' => 568.022 ]
['x' => 504.278,'y' => 567.907 ]
['x' => 504.432,'y' => 567.881 ]
['x' => 504.534,'y' => 567.805 ]
['x' => 504.674,'y' => 567.830 ]
['x' => 504.738,'y' => 567.779 ]
['x' => 504.917,'y' => 567.728 ]
['x' => 504.980,'y' => 567.754 ]
['x' => 505.070,'y' => 567.766 ]
['x' => 505.210,'y' => 567.485 ]
['x' => 505.210,'y' => 567.383 ]
['x' => 505.274,'y' => 567.281 ]
['x' => 505.261,'y' => 567.205 ]
['x' => 505.351,'y' => 567.103 ]
['x' => 505.415,'y' => 567.128 ]
['x' => 505.415,'y' => 566.962 ]
['x' => 505.453,'y' => 566.924 ]
['x' => 505.491,'y' => 566.924 ]
['x' => 505.529,'y' => 566.962 ]
['x' => 505.581,'y' => 567.103 ]
['x' => 505.759,'y' => 567.115 ]
['x' => 505.785,'y' => 567.166 ]
['x' => 505.823,'y' => 567.166 ]
['x' => 505.861,'y' => 567.205 ]
['x' => 505.912,'y' => 567.179 ]
['x' => 505.976,'y' => 567.192 ]
['x' => 506.027,'y' => 567.230 ]
['x' => 506.053,'y' => 567.256 ]
['x' => 506.078,'y' => 567.358 ]
['x' => 506.155,'y' => 567.307 ]
['x' => 506.282,'y' => 567.294 ]
['x' => 506.397,'y' => 567.294 ]
['x' => 506.436,'y' => 567.332 ]
['x' => 506.474,'y' => 567.332 ]
['x' => 506.525,'y' => 567.294 ]
['x' => 506.640,'y' => 567.307 ]
['x' => 506.704,'y' => 567.268 ]
['x' => 506.870,'y' => 567.294 ]
['x' => 507.058,'y' => 567.212 ]
['x' => 507.216,'y' => 567.169 ]
['x' => 507.332,'y' => 567.094 ]
['x' => 507.469,'y' => 567.064 ]
['x' => 507.675,'y' => 566.983 ]
['x' => 508.133,'y' => 566.911 ]
['x' => 508.261,'y' => 566.847 ]
['x' => 508.423,'y' => 566.730 ]
['x' => 508.554,'y' => 566.681 ]
['x' => 508.783,'y' => 566.492 ]
['x' => 508.924,'y' => 566.391 ]
['x' => 509.001,'y' => 566.362 ]
['x' => 509.116,'y' => 566.286 ]
['x' => 509.256,'y' => 566.247 ]
['x' => 509.333,'y' => 566.158 ]
['x' => 509.550,'y' => 566.094 ]
['x' => 509.652,'y' => 565.954 ]
['x' => 509.793,'y' => 565.916 ]
['x' => 509.856,'y' => 565.839 ]
['x' => 510.214,'y' => 565.673 ]
['x' => 510.341,'y' => 565.545 ]
['x' => 510.467,'y' => 565.359 ]
['x' => 510.597,'y' => 565.175 ]
['x' => 510.737,'y' => 565.137 ]
['x' => 510.806,'y' => 565.086 ]
['x' => 511.031,'y' => 564.920 ]
['x' => 511.120,'y' => 564.741 ]
['x' => 511.299,'y' => 564.588 ]
['x' => 511.419,'y' => 564.407 ]
['x' => 511.494,'y' => 564.223 ]
['x' => 511.805,'y' => 563.963 ]
['x' => 511.856,'y' => 563.835 ]
['x' => 511.984,'y' => 563.720 ]
['x' => 511.997,'y' => 563.618 ]
['x' => 512.444,'y' => 563.098 ]
['x' => 512.770,'y' => 563.038 ]
['x' => 513.129,'y' => 562.769 ]
['x' => 513.499,'y' => 562.608 ]
['x' => 513.512,'y' => 562.570 ]
['x' => 513.680,'y' => 562.429 ]
['x' => 513.826,'y' => 562.384 ]
['x' => 514.201,'y' => 561.842 ]
['x' => 514.303,'y' => 561.727 ]
['x' => 514.541,'y' => 561.589 ]
['x' => 514.758,'y' => 561.474 ]
['x' => 514.847,'y' => 561.397 ]
['x' => 514.885,'y' => 561.308 ]
['x' => 515.035,'y' => 561.235 ]
['x' => 515.345,'y' => 561.129 ]
['x' => 515.447,'y' => 561.001 ]
['x' => 515.613,'y' => 560.874 ]
['x' => 515.651,'y' => 560.887 ]
['x' => 515.715,'y' => 560.784 ]
['x' => 515.804,'y' => 560.772 ]
['x' => 515.919,'y' => 560.657 ]
['x' => 515.907,'y' => 560.414 ]
['x' => 515.970,'y' => 560.248 ]
['x' => 515.958,'y' => 560.095 ]
['x' => 516.009,'y' => 560.019 ]
['x' => 515.947,'y' => 559.815 ]
['x' => 516.049,'y' => 559.713 ]
['x' => 516.088,'y' => 559.573 ]
['x' => 516.351,'y' => 559.304 ]
['x' => 516.407,'y' => 559.203 ]
['x' => 516.501,'y' => 559.024 ]
['x' => 516.762,'y' => 558.826 ]
['x' => 516.850,'y' => 558.606 ]
['x' => 517.008,'y' => 558.576 ]
['x' => 517.055,'y' => 558.410 ]
['x' => 517.057,'y' => 558.314 ]
['x' => 517.075,'y' => 558.225 ]
['x' => 517.120,'y' => 558.131 ]
['x' => 517.171,'y' => 557.990 ]
['x' => 517.274,'y' => 557.901 ]
['x' => 517.322,'y' => 557.819 ]
['x' => 517.414,'y' => 557.735 ]
['x' => 517.489,'y' => 557.623 ]
['x' => 517.555,'y' => 557.327 ]
['x' => 517.655,'y' => 557.210 ]
['x' => 517.770,'y' => 557.070 ]
['x' => 517.774,'y' => 556.959 ]
['x' => 517.884,'y' => 556.825 ]
['x' => 517.998,'y' => 556.636 ]
['x' => 518.105,'y' => 556.524 ]
['x' => 518.219,'y' => 556.498 ]
['x' => 518.232,'y' => 556.345 ]
['x' => 518.491,'y' => 555.609 ]
['x' => 518.708,'y' => 555.227 ]
['x' => 518.772,'y' => 555.175 ]
['x' => 518.772,'y' => 555.048 ]
['x' => 518.900,'y' => 554.818 ]
['x' => 519.038,'y' => 554.577 ]
['x' => 518.983,'y' => 554.147 ]
['x' => 518.983,'y' => 554.007 ]
['x' => 519.021,'y' => 553.943 ]
['x' => 518.995,'y' => 553.879 ]
['x' => 519.021,'y' => 553.445 ]
['x' => 518.983,'y' => 553.407 ]
['x' => 518.970,'y' => 552.909 ]
['x' => 519.008,'y' => 552.807 ]
['x' => 519.098,'y' => 552.730 ]
['x' => 519.225,'y' => 552.347 ]
['x' => 519.072,'y' => 552.194 ]
['x' => 519.072,'y' => 552.066 ]
['x' => 518.995,'y' => 551.977 ]
['x' => 518.995,'y' => 551.875 ]
['x' => 518.919,'y' => 551.722 ]
['x' => 518.942,'y' => 551.665 ]
['x' => 518.881,'y' => 551.543 ]
['x' => 518.817,'y' => 551.467 ]
['x' => 518.817,'y' => 551.301 ]
['x' => 518.727,'y' => 551.135 ]
['x' => 518.778,'y' => 551.007 ]
['x' => 518.855,'y' => 550.994 ]
['x' => 518.932,'y' => 550.905 ]
['x' => 518.944,'y' => 550.739 ]
['x' => 518.893,'y' => 550.688 ]
['x' => 518.830,'y' => 550.688 ]
['x' => 518.779,'y' => 550.726 ]
['x' => 518.625,'y' => 550.713 ]
['x' => 518.536,'y' => 550.548 ]
['x' => 518.460,'y' => 550.471 ]
['x' => 518.447,'y' => 550.420 ]
['x' => 518.396,'y' => 550.356 ]
['x' => 518.281,'y' => 550.267 ]
['x' => 518.255,'y' => 550.216 ]
['x' => 518.230,'y' => 550.050 ]
['x' => 518.268,'y' => 549.999 ]
['x' => 518.217,'y' => 549.973 ]
['x' => 518.191,'y' => 549.935 ]
['x' => 518.153,'y' => 549.756 ]
['x' => 518.166,'y' => 549.629 ]
['x' => 518.230,'y' => 549.501 ]
['x' => 518.191,'y' => 549.258 ]
['x' => 518.127,'y' => 549.182 ]
['x' => 518.089,'y' => 549.144 ]
['x' => 518.115,'y' => 549.067 ]
['x' => 518.089,'y' => 548.990 ]
['x' => 518.038,'y' => 548.965 ]
['x' => 518.013,'y' => 548.914 ]
['x' => 517.898,'y' => 548.812 ]
['x' => 517.885,'y' => 548.595 ]
['x' => 517.847,'y' => 548.582 ]
['x' => 517.808,'y' => 548.544 ]
['x' => 517.770,'y' => 548.442 ]
['x' => 517.770,'y' => 548.365 ]
['x' => 517.821,'y' => 548.288 ]
['x' => 517.923,'y' => 548.288 ]
['x' => 517.936,'y' => 548.237 ]
['x' => 518.013,'y' => 548.225 ]
['x' => 517.987,'y' => 548.161 ]
['x' => 518.013,'y' => 548.122 ]
['x' => 517.962,'y' => 548.071 ]
['x' => 517.847,'y' => 548.046 ]
['x' => 517.783,'y' => 547.982 ]
['x' => 517.770,'y' => 547.918 ]
['x' => 517.732,'y' => 547.880 ]
['x' => 517.694,'y' => 547.854 ]
['x' => 517.630,'y' => 547.842 ]
['x' => 517.553,'y' => 547.765 ]
['x' => 517.540,'y' => 547.535 ]
['x' => 517.502,'y' => 547.484 ]
['x' => 517.527,'y' => 547.331 ]
['x' => 517.489,'y' => 547.293 ]
['x' => 517.489,'y' => 547.178 ]
['x' => 517.464,'y' => 547.139 ]
['x' => 517.489,'y' => 547.076 ]
['x' => 517.642,'y' => 546.948 ]
['x' => 517.655,'y' => 546.782 ]
['x' => 517.796,'y' => 546.782 ]
['x' => 517.821,'y' => 546.706 ]
['x' => 517.911,'y' => 546.680 ]
['x' => 518.051,'y' => 546.565 ]
['x' => 518.064,'y' => 546.514 ]
['x' => 518.038,'y' => 546.476 ]
['x' => 518.076,'y' => 546.412 ]
['x' => 518.217,'y' => 546.323 ]
['x' => 518.281,'y' => 546.016 ]
['x' => 518.396,'y' => 545.889 ]
['x' => 518.485,'y' => 545.633 ]
['x' => 518.600,'y' => 545.455 ]
['x' => 518.587,'y' => 545.289 ]
['x' => 518.587,'y' => 545.225 ]
['x' => 518.613,'y' => 545.110 ]
['x' => 518.664,'y' => 545.059 ]
['x' => 518.663,'y' => 544.982 ]
['x' => 518.638,'y' => 544.880 ]
['x' => 518.600,'y' => 544.817 ]
['x' => 518.561,'y' => 544.791 ]
['x' => 518.536,'y' => 544.727 ]
['x' => 518.536,'y' => 544.306 ]
['x' => 518.536,'y' => 544.166 ]
['x' => 518.574,'y' => 544.115 ]
['x' => 518.587,'y' => 543.987 ]
['x' => 518.613,'y' => 543.910 ]
['x' => 518.624,'y' => 543.842 ]
['x' => 518.587,'y' => 543.795 ]
['x' => 518.561,'y' => 543.719 ]
['x' => 518.536,'y' => 543.668 ]
['x' => 518.498,'y' => 543.438 ]
['x' => 518.459,'y' => 543.412 ]
['x' => 518.485,'y' => 543.374 ]
['x' => 518.459,'y' => 543.259 ]
['x' => 518.510,'y' => 543.055 ]
['x' => 518.434,'y' => 542.940 ]
['x' => 518.447,'y' => 542.813 ]
['x' => 518.319,'y' => 542.608 ]
['x' => 518.306,'y' => 542.557 ]
['x' => 518.268,'y' => 542.519 ]
['x' => 518.204,'y' => 542.506 ]
['x' => 518.153,'y' => 542.430 ]
['x' => 518.115,'y' => 542.404 ]
['x' => 518.102,'y' => 542.327 ]
['x' => 518.038,'y' => 542.264 ]
['x' => 518.051,'y' => 542.187 ]
['x' => 518.025,'y' => 542.162 ]
['x' => 517.962,'y' => 542.174 ]
['x' => 517.872,'y' => 542.085 ]
['x' => 517.796,'y' => 542.162 ]
['x' => 517.719,'y' => 542.149 ]
['x' => 517.694,'y' => 542.123 ]
['x' => 517.681,'y' => 542.072 ]
['x' => 517.630,'y' => 542.021 ]
['x' => 517.451,'y' => 542.059 ]
['x' => 517.451,'y' => 541.996 ]
['x' => 517.540,'y' => 541.906 ]
['x' => 517.528,'y' => 541.868 ]
['x' => 517.464,'y' => 541.855 ]
['x' => 517.400,'y' => 541.919 ]
['x' => 517.349,'y' => 541.919 ]
['x' => 517.323,'y' => 541.868 ]
['x' => 517.285,'y' => 541.868 ]
['x' => 517.247,'y' => 541.945 ]
['x' => 517.196,'y' => 541.957 ]
['x' => 517.145,'y' => 541.894 ]
['x' => 517.119,'y' => 541.868 ]
['x' => 517.157,'y' => 541.664 ]
['x' => 517.132,'y' => 541.638 ]
['x' => 517.068,'y' => 541.625 ]
['x' => 517.068,'y' => 541.562 ]
['x' => 517.017,'y' => 541.511 ]
['x' => 516.877,'y' => 541.498 ]
['x' => 516.736,'y' => 541.574 ]
['x' => 516.749,'y' => 541.740 ]
['x' => 516.698,'y' => 541.817 ]
['x' => 516.634,'y' => 541.843 ]
['x' => 516.609,'y' => 541.919 ]
['x' => 516.545,'y' => 541.919 ]
['x' => 516.468,'y' => 541.855 ]
['x' => 516.455,'y' => 541.970 ]
['x' => 516.379,'y' => 542.098 ]
['x' => 516.251,'y' => 542.136 ]
['x' => 516.213,'y' => 542.251 ]
['x' => 515.996,'y' => 542.455 ]
['x' => 516.009,'y' => 542.493 ]
['x' => 516.072,'y' => 542.493 ]
['x' => 516.021,'y' => 542.634 ]
['x' => 516.034,'y' => 542.672 ]
['x' => 516.073,'y' => 542.685 ]
['x' => 516.085,'y' => 542.736 ]
['x' => 516.098,'y' => 542.800 ]
['x' => 515.983,'y' => 542.927 ]
['x' => 516.021,'y' => 543.004 ]
['x' => 515.958,'y' => 543.042 ]
['x' => 515.970,'y' => 543.157 ]
['x' => 515.932,'y' => 543.195 ]
['x' => 515.894,'y' => 543.196 ]
['x' => 515.856,'y' => 543.170 ]
['x' => 515.843,'y' => 543.132 ]
['x' => 515.792,'y' => 543.132 ]
['x' => 515.664,'y' => 543.234 ]
['x' => 515.587,'y' => 543.221 ]
['x' => 515.525,'y' => 543.325 ]
['x' => 515.518,'y' => 543.384 ]
['x' => 515.526,'y' => 543.513 ]
['x' => 515.431,'y' => 543.741 ]
['x' => 515.554,'y' => 544.061 ]
['x' => 515.500,'y' => 544.233 ]
['x' => 515.437,'y' => 544.518 ]
['x' => 515.350,'y' => 544.612 ]
['x' => 515.185,'y' => 544.643 ]
['x' => 515.128,'y' => 544.778 ]
['x' => 515.211,'y' => 545.043 ]
['x' => 515.369,'y' => 545.420 ]
['x' => 515.374,'y' => 545.740 ]
['x' => 515.260,'y' => 545.915 ]
['x' => 515.256,'y' => 546.122 ]
['x' => 515.307,'y' => 546.255 ]
['x' => 515.319,'y' => 546.390 ]
['x' => 515.030,'y' => 546.607 ]
['x' => 514.985,'y' => 546.580 ]
['x' => 514.895,'y' => 546.562 ]
['x' => 514.832,'y' => 546.562 ]
['x' => 514.778,'y' => 546.517 ]
['x' => 514.705,'y' => 546.508 ]
['x' => 514.633,'y' => 546.444 ]
['x' => 514.561,'y' => 546.408 ]
['x' => 514.408,'y' => 546.318 ]
['x' => 514.381,'y' => 546.219 ]
['x' => 514.344,'y' => 546.101 ]
['x' => 514.305,'y' => 545.799 ]
['x' => 514.433,'y' => 544.661 ]
['x' => 514.523,'y' => 544.605 ]
['x' => 514.604,'y' => 544.433 ]
['x' => 514.589,'y' => 544.183 ]
['x' => 514.486,'y' => 544.128 ]
['x' => 514.376,'y' => 544.212 ]
['x' => 514.286,'y' => 544.378 ]
['x' => 514.101,'y' => 544.504 ]
['x' => 514.065,'y' => 544.449 ]
['x' => 513.840,'y' => 544.394 ]
['x' => 513.609,'y' => 544.255 ]
['x' => 513.469,'y' => 544.025 ]
['x' => 513.415,'y' => 543.772 ]
['x' => 513.353,'y' => 543.520 ]
['x' => 513.456,'y' => 543.393 ]
['x' => 513.624,'y' => 543.327 ]
['x' => 513.642,'y' => 543.238 ]
['x' => 513.649,'y' => 543.113 ]
['x' => 513.834,'y' => 543.139 ]
['x' => 513.870,'y' => 543.033 ]
['x' => 513.910,'y' => 542.833 ]
['x' => 513.949,'y' => 542.855 ]
['x' => 513.928,'y' => 542.749 ]
['x' => 513.877,'y' => 542.723 ]
['x' => 513.890,'y' => 542.659 ]
['x' => 513.800,'y' => 542.698 ]
['x' => 513.800,'y' => 542.634 ]
['x' => 513.749,'y' => 542.634 ]
['x' => 513.583,'y' => 542.761 ]
['x' => 513.520,'y' => 542.749 ]
['x' => 513.494,'y' => 542.723 ]
['x' => 513.520,'y' => 542.634 ]
['x' => 513.622,'y' => 542.532 ]
['x' => 513.622,'y' => 542.481 ]
['x' => 513.596,'y' => 542.455 ]
['x' => 513.558,'y' => 542.430 ]
['x' => 513.520,'y' => 542.417 ]
['x' => 513.520,'y' => 542.366 ]
['x' => 513.469,'y' => 542.327 ]
['x' => 513.091,'y' => 542.416 ]
['x' => 512.924,'y' => 542.541 ]
['x' => 512.759,'y' => 542.888 ]
['x' => 512.666,'y' => 543.197 ]
['x' => 512.618,'y' => 543.355 ]
['x' => 512.288,'y' => 543.955 ]
['x' => 512.109,'y' => 544.217 ]
['x' => 512.070,'y' => 544.371 ]
['x' => 511.928,'y' => 544.485 ]
['x' => 511.751,'y' => 544.533 ]
['x' => 511.696,'y' => 544.382 ]
['x' => 511.696,'y' => 544.217 ]
['x' => 511.861,'y' => 543.887 ]
['x' => 511.889,'y' => 543.735 ]
['x' => 511.903,'y' => 543.680 ]
['x' => 511.751,'y' => 543.625 ]
['x' => 511.586,'y' => 543.556 ]
['x' => 511.517,'y' => 543.488 ]
['x' => 511.517,'y' => 543.391 ]
['x' => 511.600,'y' => 543.212 ]
['x' => 511.614,'y' => 543.144 ]
['x' => 511.518,'y' => 543.116 ]
['x' => 510.830,'y' => 543.144 ]
['x' => 510.458,'y' => 543.240 ]
['x' => 510.114,'y' => 543.240 ]
['x' => 509.426,'y' => 543.515 ]
['x' => 508.904,'y' => 543.708 ]
['x' => 508.711,'y' => 543.763 ]
['x' => 508.601,'y' => 543.732 ]
['x' => 508.567,'y' => 543.622 ]
['x' => 508.629,'y' => 543.457 ]
['x' => 508.814,'y' => 543.257 ]
['x' => 509.179,'y' => 543.003 ]
['x' => 509.344,'y' => 542.913 ]
['x' => 509.502,'y' => 542.783 ]
['x' => 509.585,'y' => 542.666 ]
['x' => 509.708,'y' => 542.528 ]
['x' => 509.550,'y' => 542.480 ]
['x' => 509.124,'y' => 542.260 ]
['x' => 508.634,'y' => 542.042 ]
['x' => 508.142,'y' => 541.832 ]
['x' => 507.981,'y' => 541.749 ]
['x' => 508.063,'y' => 541.584 ]
['x' => 508.550,'y' => 541.660 ]
['x' => 508.895,'y' => 541.721 ]
['x' => 509.300,'y' => 541.788 ]
['x' => 509.807,'y' => 541.845 ]
['x' => 510.525,'y' => 541.811 ]
['x' => 511.002,'y' => 541.771 ]
['x' => 511.641,'y' => 541.558 ]
['x' => 512.020,'y' => 541.338 ]
['x' => 512.343,'y' => 541.111 ]
['x' => 512.412,'y' => 541.042 ]
['x' => 512.391,'y' => 540.953 ]
['x' => 512.384,'y' => 540.912 ]
['x' => 512.494,'y' => 540.967 ]
['x' => 512.501,'y' => 540.905 ]
['x' => 512.453,'y' => 540.829 ]
['x' => 512.425,'y' => 540.774 ]
['x' => 512.480,'y' => 540.691 ]
['x' => 512.529,'y' => 540.678 ]
['x' => 512.625,'y' => 540.753 ]
['x' => 512.747,'y' => 540.796 ]
['x' => 512.941,'y' => 540.735 ]
['x' => 513.266,'y' => 540.615 ]
['x' => 513.463,'y' => 540.500 ]
['x' => 513.655,'y' => 540.663 ]
['x' => 513.785,'y' => 540.923 ]
['x' => 513.726,'y' => 541.076 ]
['x' => 513.531,'y' => 541.377 ]
['x' => 513.506,'y' => 541.803 ]
['x' => 514.115,'y' => 541.443 ]
['x' => 514.145,'y' => 541.463 ]
['x' => 514.195,'y' => 541.413 ]
['x' => 514.233,'y' => 541.413 ]
['x' => 514.259,'y' => 541.451 ]
['x' => 514.336,'y' => 541.438 ]
['x' => 514.417,'y' => 541.403 ]
['x' => 514.482,'y' => 541.281 ]
['x' => 514.550,'y' => 541.194 ]
['x' => 514.549,'y' => 541.125 ]
['x' => 514.476,'y' => 541.061 ]
['x' => 514.429,'y' => 540.929 ]
['x' => 514.426,'y' => 540.793 ]
['x' => 514.324,'y' => 540.691 ]
['x' => 514.286,'y' => 540.665 ]
['x' => 514.196,'y' => 540.627 ]
['x' => 514.145,'y' => 540.614 ]
['x' => 514.039,'y' => 540.556 ]
['x' => 513.794,'y' => 540.561 ]
['x' => 513.592,'y' => 540.304 ]
['x' => 513.298,'y' => 540.212 ]
['x' => 513.252,'y' => 540.230 ]
['x' => 513.031,'y' => 540.212 ]
['x' => 512.995,'y' => 540.166 ]
['x' => 512.939,'y' => 540.138 ]
['x' => 512.894,'y' => 540.092 ]
['x' => 512.894,'y' => 540.028 ]
['x' => 512.967,'y' => 539.936 ]
['x' => 513.151,'y' => 539.578 ]
['x' => 513.151,'y' => 539.504 ]
['x' => 513.077,'y' => 539.440 ]
['x' => 513.151,'y' => 539.348 ]
['x' => 513.215,'y' => 539.054 ]
['x' => 513.325,'y' => 538.935 ]
['x' => 513.408,'y' => 538.861 ]
['x' => 513.481,'y' => 538.898 ]
['x' => 513.564,'y' => 538.990 ]
['x' => 513.592,'y' => 539.063 ]
['x' => 513.601,'y' => 539.174 ]
['x' => 513.619,'y' => 539.284 ]
['x' => 513.656,'y' => 539.330 ]
['x' => 513.812,'y' => 539.330 ]
['x' => 513.987,'y' => 539.266 ]
['x' => 514.143,'y' => 538.870 ]
['x' => 514.189,'y' => 538.806 ]
['x' => 514.253,'y' => 538.668 ]
['x' => 514.400,'y' => 538.577 ]
['x' => 514.520,'y' => 538.595 ]
['x' => 514.575,'y' => 538.650 ]
['x' => 514.520,'y' => 538.742 ]
['x' => 514.565,'y' => 538.779 ]
['x' => 514.707,'y' => 538.741 ]
['x' => 514.873,'y' => 538.626 ]
['x' => 514.898,'y' => 538.434 ]
['x' => 515.000,'y' => 538.256 ]
['x' => 514.975,'y' => 538.192 ]
['x' => 514.937,'y' => 538.192 ]
['x' => 514.937,'y' => 538.103 ]
['x' => 514.936,'y' => 538.064 ]
['x' => 514.885,'y' => 538.039 ]
['x' => 515.013,'y' => 537.847 ]
['x' => 515.000,'y' => 537.720 ]
['x' => 514.936,'y' => 537.733 ]
['x' => 514.936,'y' => 537.681 ]
['x' => 515.000,'y' => 537.567 ]
['x' => 514.988,'y' => 537.452 ]
['x' => 515.026,'y' => 537.452 ]
['x' => 515.064,'y' => 537.375 ]
['x' => 515.013,'y' => 537.350 ]
['x' => 515.000,'y' => 537.299 ]
['x' => 514.949,'y' => 537.350 ]
['x' => 514.898,'y' => 537.324 ]
['x' => 514.860,'y' => 537.324 ]
['x' => 514.860,'y' => 537.158 ]
['x' => 515.000,'y' => 536.877 ]
['x' => 514.975,'y' => 536.801 ]
['x' => 514.962,'y' => 536.686 ]
['x' => 515.000,'y' => 536.545 ]
['x' => 514.949,'y' => 536.533 ]
['x' => 514.924,'y' => 536.507 ]
['x' => 514.924,'y' => 536.456 ]
['x' => 514.834,'y' => 536.443 ]
['x' => 514.771,'y' => 536.379 ]
['x' => 514.745,'y' => 536.265 ]
['x' => 514.783,'y' => 536.252 ]
['x' => 514.822,'y' => 536.303 ]
['x' => 514.873,'y' => 536.303 ]
['x' => 514.898,'y' => 536.265 ]
['x' => 514.860,'y' => 536.214 ]
['x' => 514.822,'y' => 536.201 ]
['x' => 514.822,'y' => 536.150 ]
['x' => 515.026,'y' => 536.150 ]
['x' => 515.135,'y' => 536.041 ]
['x' => 515.153,'y' => 535.940 ]
['x' => 515.153,'y' => 535.848 ]
['x' => 515.089,'y' => 535.747 ]
['x' => 514.997,'y' => 535.674 ]
['x' => 514.896,'y' => 535.600 ]
['x' => 514.813,'y' => 535.527 ]
['x' => 514.685,'y' => 535.508 ]
['x' => 514.464,'y' => 535.563 ]
['x' => 514.317,'y' => 535.573 ]
['x' => 514.143,'y' => 535.536 ]
['x' => 514.014,'y' => 535.545 ]
['x' => 513.959,'y' => 535.637 ]
['x' => 513.886,'y' => 535.692 ]
['x' => 513.757,'y' => 535.591 ]
['x' => 513.665,'y' => 535.545 ]
['x' => 513.592,'y' => 535.527 ]
['x' => 513.610,'y' => 535.462 ]
['x' => 513.665,'y' => 535.398 ]
['x' => 513.757,'y' => 535.334 ]
['x' => 513.867,'y' => 535.288 ]
['x' => 513.904,'y' => 535.306 ]
['x' => 513.978,'y' => 535.325 ]
['x' => 514.106,'y' => 535.334 ]
['x' => 514.161,'y' => 535.251 ]
['x' => 514.244,'y' => 535.214 ]
['x' => 514.363,'y' => 535.150 ]
['x' => 514.648,'y' => 535.125 ]
['x' => 514.887,'y' => 535.104 ]
['x' => 515.062,'y' => 535.178 ]
['x' => 515.304,'y' => 535.363 ]
['x' => 515.399,'y' => 535.476 ]
['x' => 515.424,'y' => 535.422 ]
['x' => 515.255,'y' => 535.192 ]
['x' => 515.243,'y' => 535.129 ]
['x' => 515.188,'y' => 535.069 ]
['x' => 515.211,'y' => 534.907 ]
['x' => 515.183,'y' => 534.785 ]
['x' => 515.230,'y' => 534.580 ]
['x' => 515.345,'y' => 534.439 ]
['x' => 515.281,'y' => 534.401 ]
['x' => 515.243,'y' => 534.363 ]
['x' => 515.205,'y' => 534.337 ]
['x' => 515.128,'y' => 534.324 ]
['x' => 515.102,'y' => 534.299 ]
['x' => 515.001,'y' => 534.262 ]
['x' => 514.941,'y' => 534.161 ]
['x' => 514.918,'y' => 534.056 ]
['x' => 515.039,'y' => 533.967 ]
['x' => 515.026,'y' => 533.890 ]
['x' => 515.115,'y' => 533.839 ]
['x' => 515.166,'y' => 533.852 ]
['x' => 515.192,'y' => 533.878 ]
['x' => 515.243,'y' => 533.865 ]
['x' => 515.332,'y' => 533.814 ]
['x' => 515.447,'y' => 533.673 ]
['x' => 515.498,'y' => 533.661 ]
['x' => 515.587,'y' => 533.533 ]
['x' => 515.626,'y' => 533.520 ]
['x' => 515.651,'y' => 533.546 ]
['x' => 515.690,'y' => 533.546 ]
['x' => 515.792,'y' => 533.495 ]
['x' => 515.983,'y' => 533.316 ]
['x' => 515.983,'y' => 533.278 ]
['x' => 515.945,'y' => 533.265 ]
['x' => 515.970,'y' => 533.086 ]
['x' => 516.085,'y' => 533.086 ]
['x' => 516.111,'y' => 532.984 ]
['x' => 516.187,'y' => 532.920 ]
['x' => 516.175,'y' => 532.754 ]
['x' => 516.238,'y' => 532.640 ]
['x' => 516.187,'y' => 532.550 ]
['x' => 516.213,'y' => 532.333 ]
['x' => 516.149,'y' => 532.269 ]
['x' => 516.175,'y' => 532.180 ]
['x' => 516.136,'y' => 532.142 ]
['x' => 516.124,'y' => 532.001 ]
['x' => 516.098,'y' => 531.976 ]
['x' => 516.034,'y' => 531.938 ]
['x' => 516.021,'y' => 531.899 ]
['x' => 515.983,'y' => 531.887 ]
['x' => 515.932,'y' => 531.836 ]
['x' => 515.919,'y' => 531.772 ]
['x' => 515.843,'y' => 531.708 ]
['x' => 515.907,'y' => 531.606 ]
['x' => 515.843,'y' => 531.427 ]
['x' => 515.945,'y' => 531.350 ]
['x' => 515.945,'y' => 531.287 ]
['x' => 515.856,'y' => 531.146 ]
['x' => 515.779,'y' => 531.172 ]
['x' => 515.779,'y' => 531.248 ]
['x' => 515.843,'y' => 531.274 ]
['x' => 515.804,'y' => 531.350 ]
['x' => 515.753,'y' => 531.363 ]
['x' => 515.702,'y' => 531.312 ]
['x' => 515.639,'y' => 531.274 ]
['x' => 515.498,'y' => 531.325 ]
['x' => 515.422,'y' => 531.248 ]
['x' => 515.460,'y' => 531.146 ]
['x' => 515.396,'y' => 531.133 ]
['x' => 515.370,'y' => 531.172 ]
['x' => 515.332,'y' => 531.146 ]
['x' => 515.294,'y' => 531.146 ]
['x' => 515.166,'y' => 531.197 ]
['x' => 515.039,'y' => 531.325 ]
['x' => 514.975,'y' => 531.440 ]
['x' => 514.975,'y' => 531.580 ]
['x' => 514.942,'y' => 531.632 ]
['x' => 514.915,'y' => 531.870 ]
['x' => 514.960,'y' => 532.008 ]
['x' => 514.897,'y' => 532.265 ]
['x' => 514.873,'y' => 532.399 ]
['x' => 514.892,'y' => 532.668 ]
['x' => 514.841,'y' => 532.844 ]
['x' => 514.766,'y' => 532.905 ]
['x' => 514.698,'y' => 532.918 ]
['x' => 514.600,'y' => 532.926 ]
['x' => 514.461,'y' => 532.892 ]
['x' => 514.406,'y' => 532.861 ]
['x' => 514.338,'y' => 532.755 ]
['x' => 514.305,'y' => 532.664 ]
['x' => 514.289,'y' => 532.608 ]
['x' => 514.255,'y' => 532.520 ]
['x' => 514.285,'y' => 532.435 ]
['x' => 514.246,'y' => 532.167 ]
['x' => 514.281,'y' => 532.045 ]
['x' => 514.308,'y' => 531.880 ]
['x' => 514.316,'y' => 531.625 ]
['x' => 514.311,'y' => 531.593 ]
['x' => 514.362,'y' => 531.465 ]
['x' => 514.324,'y' => 531.401 ]
['x' => 514.338,'y' => 531.316 ]
['x' => 514.324,'y' => 531.229 ]
['x' => 514.245,'y' => 531.216 ]
['x' => 514.196,'y' => 531.146 ]
['x' => 514.234,'y' => 531.108 ]
['x' => 514.260,'y' => 530.980 ]
['x' => 514.222,'y' => 530.968 ]
['x' => 514.234,'y' => 530.891 ]
['x' => 514.196,'y' => 530.840 ]
['x' => 514.183,'y' => 530.763 ]
['x' => 514.120,'y' => 530.699 ]
['x' => 514.120,'y' => 530.648 ]
['x' => 514.171,'y' => 530.648 ]
['x' => 514.204,'y' => 530.593 ]
['x' => 514.158,'y' => 530.572 ]
['x' => 514.132,'y' => 530.534 ]
['x' => 514.094,'y' => 530.534 ]
['x' => 514.081,'y' => 530.495 ]
['x' => 514.030,'y' => 530.457 ]
['x' => 514.030,'y' => 530.406 ]
['x' => 514.061,'y' => 530.356 ]
['x' => 514.085,'y' => 530.280 ]
['x' => 514.081,'y' => 530.189 ]
['x' => 514.120,'y' => 530.163 ]
['x' => 514.196,'y' => 530.112 ]
['x' => 514.276,'y' => 530.090 ]
['x' => 514.218,'y' => 530.072 ]
['x' => 514.115,'y' => 530.008 ]
['x' => 513.981,'y' => 529.930 ]
['x' => 513.892,'y' => 529.895 ]
['x' => 513.829,'y' => 529.898 ]
['x' => 513.776,'y' => 529.951 ]
['x' => 513.708,'y' => 530.033 ]
['x' => 513.691,'y' => 530.093 ]
['x' => 513.669,'y' => 530.189 ]
['x' => 513.616,'y' => 530.256 ]
['x' => 513.503,'y' => 530.305 ]
['x' => 513.414,'y' => 530.330 ]
['x' => 513.312,'y' => 530.288 ]
['x' => 513.305,'y' => 530.231 ]
['x' => 513.393,'y' => 530.051 ]
['x' => 513.322,'y' => 529.976 ]
['x' => 513.273,'y' => 529.859 ]
['x' => 513.356,'y' => 529.680 ]
['x' => 513.530,'y' => 529.520 ]
['x' => 513.595,'y' => 529.463 ]
['x' => 513.698,'y' => 529.360 ]
['x' => 513.917,'y' => 529.311 ]
['x' => 514.002,'y' => 529.244 ]
['x' => 513.991,'y' => 529.173 ]
['x' => 513.896,'y' => 529.098 ]
['x' => 513.768,'y' => 528.706 ]
['x' => 513.730,'y' => 528.387 ]
['x' => 513.637,'y' => 528.199 ]
['x' => 513.525,'y' => 527.973 ]
['x' => 513.483,'y' => 527.864 ]
['x' => 513.459,'y' => 527.726 ]
['x' => 513.458,'y' => 527.623 ]
['x' => 513.486,'y' => 527.517 ]
['x' => 513.532,'y' => 527.446 ]
['x' => 513.584,'y' => 527.357 ]
['x' => 513.723,'y' => 527.325 ]
['x' => 513.851,'y' => 527.398 ]
['x' => 513.893,'y' => 527.683 ]
['x' => 514.077,'y' => 528.033 ]
['x' => 514.183,'y' => 528.100 ]
['x' => 514.321,'y' => 528.076 ]
['x' => 514.352,'y' => 527.991 ]
['x' => 514.317,'y' => 527.796 ]
['x' => 514.423,'y' => 527.665 ]
['x' => 514.618,'y' => 527.569 ]
['x' => 514.781,'y' => 527.492 ]
['x' => 514.919,'y' => 527.492 ]
['x' => 515.004,'y' => 527.584 ]
['x' => 515.167,'y' => 527.824 ]
['x' => 515.312,'y' => 527.877 ]
['x' => 515.256,'y' => 528.045 ]
['x' => 515.281,'y' => 528.134 ]
['x' => 515.345,'y' => 528.134 ]
['x' => 515.370,'y' => 528.070 ]
['x' => 515.485,'y' => 528.070 ]
['x' => 515.524,'y' => 528.147 ]
['x' => 515.549,'y' => 528.172 ]
['x' => 515.498,'y' => 528.236 ]
['x' => 515.524,'y' => 528.313 ]
['x' => 515.587,'y' => 528.338 ]
['x' => 515.638,'y' => 528.364 ]
['x' => 515.702,'y' => 528.376 ]
['x' => 515.728,'y' => 528.313 ]
['x' => 515.817,'y' => 528.249 ]
['x' => 515.792,'y' => 528.108 ]
['x' => 515.894,'y' => 527.981 ]
['x' => 516.032,'y' => 527.591 ]
['x' => 516.095,'y' => 527.556 ]
['x' => 516.172,'y' => 527.500 ]
['x' => 516.264,'y' => 527.419 ]
['x' => 516.488,'y' => 526.917 ]
['x' => 516.539,'y' => 526.690 ]
['x' => 516.685,'y' => 526.538 ]
['x' => 516.770,'y' => 526.414 ]
['x' => 516.833,'y' => 526.371 ]
['x' => 516.915,'y' => 526.360 ]
['x' => 517.068,'y' => 526.155 ]
['x' => 517.208,'y' => 526.066 ]
['x' => 517.313,'y' => 525.835 ]
['x' => 517.400,'y' => 525.811 ]
['x' => 517.496,'y' => 525.757 ]
['x' => 517.436,'y' => 525.730 ]
['x' => 517.398,'y' => 525.628 ]
['x' => 517.387,'y' => 525.517 ]
['x' => 517.477,'y' => 525.466 ]
['x' => 517.630,'y' => 525.441 ]
['x' => 517.836,'y' => 525.382 ]
['x' => 517.836,'y' => 525.306 ]
['x' => 517.760,'y' => 525.255 ]
['x' => 517.721,'y' => 525.191 ]
['x' => 517.683,'y' => 525.178 ]
['x' => 517.683,'y' => 525.127 ]
['x' => 517.760,'y' => 524.998 ]
['x' => 517.780,'y' => 524.802 ]
['x' => 517.878,'y' => 524.589 ]
['x' => 517.878,'y' => 524.436 ]
['x' => 517.853,'y' => 524.410 ]
['x' => 517.764,'y' => 524.410 ]
['x' => 517.738,'y' => 524.372 ]
['x' => 517.700,'y' => 524.359 ]
['x' => 517.655,'y' => 524.062 ]
['x' => 517.630,'y' => 524.011 ]
['x' => 517.681,'y' => 523.883 ]
['x' => 517.630,'y' => 523.858 ]
['x' => 517.617,'y' => 523.807 ]
['x' => 517.643,'y' => 523.769 ]
['x' => 517.757,'y' => 523.769 ]
['x' => 517.860,'y' => 523.718 ]
['x' => 517.847,'y' => 523.679 ]
['x' => 517.783,'y' => 523.654 ]
['x' => 517.831,'y' => 523.630 ]
['x' => 517.859,'y' => 523.615 ]
['x' => 517.949,'y' => 523.603 ]
['x' => 518.038,'y' => 523.666 ]
['x' => 518.089,'y' => 523.564 ]
['x' => 518.140,'y' => 523.552 ]
['x' => 518.102,'y' => 523.488 ]
['x' => 518.153,'y' => 523.462 ]
['x' => 518.102,'y' => 523.449 ]
['x' => 518.076,'y' => 523.424 ]
['x' => 518.000,'y' => 523.398 ]
['x' => 517.910,'y' => 523.322 ]
['x' => 517.898,'y' => 523.284 ]
['x' => 517.783,'y' => 523.245 ]
['x' => 517.757,'y' => 523.220 ]
['x' => 517.770,'y' => 523.092 ]
['x' => 517.821,'y' => 523.028 ]
['x' => 517.821,'y' => 522.901 ]
['x' => 517.808,'y' => 522.850 ]
['x' => 517.668,'y' => 522.824 ]
['x' => 517.668,'y' => 522.709 ]
['x' => 517.770,'y' => 522.696 ]
['x' => 517.834,'y' => 522.658 ]
['x' => 517.923,'y' => 522.747 ]
['x' => 517.974,'y' => 522.671 ]
['x' => 518.051,'y' => 522.658 ]
['x' => 518.051,'y' => 522.620 ]
['x' => 518.013,'y' => 522.594 ]
['x' => 517.954,'y' => 522.634 ]
['x' => 517.885,'y' => 522.633 ]
['x' => 517.859,'y' => 522.569 ]
['x' => 517.783,'y' => 522.518 ]
['x' => 517.757,'y' => 522.467 ]
['x' => 517.815,'y' => 522.398 ]
['x' => 517.770,'y' => 522.364 ]
['x' => 517.770,'y' => 522.326 ]
['x' => 517.910,'y' => 522.262 ]
['x' => 517.860,'y' => 522.096 ]
['x' => 517.847,'y' => 522.033 ]
['x' => 517.834,'y' => 521.994 ]
['x' => 517.923,'y' => 521.892 ]
['x' => 517.923,'y' => 521.828 ]
['x' => 517.870,'y' => 521.767 ]
['x' => 517.813,'y' => 521.759 ]
['x' => 517.771,'y' => 521.771 ]
['x' => 517.731,'y' => 521.784 ]
['x' => 517.672,'y' => 521.797 ]
['x' => 517.626,'y' => 521.782 ]
['x' => 517.601,'y' => 521.754 ]
['x' => 517.574,'y' => 521.735 ]
['x' => 517.517,'y' => 521.740 ]
['x' => 517.471,'y' => 521.763 ]
['x' => 517.401,'y' => 521.769 ]
['x' => 517.355,'y' => 521.765 ]
['x' => 517.325,'y' => 521.742 ]
['x' => 517.304,'y' => 521.719 ]
['x' => 517.286,'y' => 521.673 ]
['x' => 517.302,'y' => 521.616 ]
['x' => 517.325,'y' => 521.569 ]
['x' => 517.378,'y' => 521.548 ]
['x' => 517.517,'y' => 521.508 ]
['x' => 517.555,'y' => 521.466 ]
['x' => 517.546,'y' => 521.414 ]
['x' => 517.504,'y' => 521.357 ]
['x' => 517.445,'y' => 521.294 ]
['x' => 517.340,'y' => 521.210 ]
['x' => 517.298,'y' => 521.153 ]
['x' => 517.277,'y' => 521.073 ]
['x' => 517.271,'y' => 520.962 ]
['x' => 517.279,'y' => 520.893 ]
['x' => 517.307,'y' => 520.851 ]
['x' => 517.351,'y' => 520.808 ]
['x' => 517.393,'y' => 520.769 ]
['x' => 517.431,'y' => 520.783 ]
['x' => 517.515,'y' => 520.802 ]
['x' => 517.569,'y' => 520.781 ]
['x' => 517.613,'y' => 520.760 ]
['x' => 517.642,'y' => 520.789 ]
['x' => 517.683,'y' => 520.796 ]
['x' => 517.725,'y' => 520.758 ]
['x' => 517.808,'y' => 520.639 ]
['x' => 517.923,'y' => 520.590 ]
['x' => 517.962,'y' => 520.514 ]
['x' => 517.936,'y' => 520.463 ]
['x' => 517.987,'y' => 520.386 ]
['x' => 517.872,'y' => 520.399 ]
['x' => 517.872,'y' => 520.322 ]
['x' => 517.962,'y' => 520.258 ]
['x' => 518.025,'y' => 520.297 ]
['x' => 518.076,'y' => 520.297 ]
['x' => 518.076,'y' => 520.207 ]
['x' => 518.242,'y' => 520.220 ]
['x' => 518.281,'y' => 520.207 ]
['x' => 518.319,'y' => 520.207 ]
['x' => 518.357,'y' => 520.118 ]
['x' => 518.421,'y' => 520.093 ]
['x' => 518.447,'y' => 520.029 ]
['x' => 518.625,'y' => 519.863 ]
['x' => 518.613,'y' => 519.773 ]
['x' => 518.651,'y' => 519.684 ]
['x' => 518.638,'y' => 519.633 ]
['x' => 518.587,'y' => 519.582 ]
['x' => 518.587,'y' => 519.493 ]
['x' => 518.664,'y' => 519.378 ]
['x' => 518.804,'y' => 519.288 ]
['x' => 518.842,'y' => 519.071 ]
['x' => 518.995,'y' => 518.905 ]
['x' => 519.021,'y' => 518.816 ]
['x' => 519.072,'y' => 518.829 ]
['x' => 519.098,'y' => 518.803 ]
['x' => 519.072,'y' => 518.714 ]
['x' => 519.149,'y' => 518.663 ]
['x' => 519.136,'y' => 518.548 ]
['x' => 519.174,'y' => 518.510 ]
['x' => 519.205,'y' => 518.334 ]
['x' => 519.327,'y' => 518.127 ]
['x' => 519.302,'y' => 517.961 ]
['x' => 519.353,'y' => 517.910 ]
['x' => 519.340,'y' => 517.655 ]
['x' => 519.404,'y' => 517.616 ]
['x' => 519.404,'y' => 517.565 ]
['x' => 519.289,'y' => 517.527 ]
['x' => 519.251,'y' => 517.514 ]
['x' => 519.276,'y' => 517.425 ]
['x' => 519.279,'y' => 517.336 ]
['x' => 519.327,'y' => 517.208 ]
['x' => 519.327,'y' => 517.144 ]
['x' => 519.289,'y' => 517.118 ]
['x' => 519.315,'y' => 517.004 ]
['x' => 519.340,'y' => 516.978 ]
['x' => 519.391,'y' => 516.991 ]
['x' => 519.401,'y' => 516.930 ]
['x' => 519.493,'y' => 516.876 ]
['x' => 519.391,'y' => 516.825 ]
['x' => 519.455,'y' => 516.621 ]
['x' => 519.429,'y' => 516.531 ]
['x' => 519.353,'y' => 516.524 ]
['x' => 519.289,'y' => 516.455 ]
['x' => 519.238,'y' => 516.416 ]
['x' => 519.212,'y' => 516.391 ]
['x' => 519.251,'y' => 516.276 ]
['x' => 519.327,'y' => 516.238 ]
['x' => 519.366,'y' => 516.174 ]
['x' => 519.366,'y' => 515.868 ]
['x' => 519.429,'y' => 515.791 ]
['x' => 519.417,'y' => 515.536 ]
['x' => 519.455,'y' => 515.472 ]
['x' => 519.429,'y' => 515.446 ]
['x' => 519.429,'y' => 515.370 ]
['x' => 519.353,'y' => 515.357 ]
['x' => 519.378,'y' => 515.280 ]
['x' => 519.429,'y' => 515.217 ]
['x' => 519.570,'y' => 515.229 ]
['x' => 519.608,'y' => 515.178 ]
['x' => 519.621,'y' => 515.038 ]
['x' => 519.723,'y' => 514.961 ]
['x' => 519.787,'y' => 514.961 ]
['x' => 519.940,'y' => 514.744 ]
['x' => 519.978,'y' => 514.744 ]
['x' => 519.991,'y' => 514.783 ]
['x' => 520.029,'y' => 514.795 ]
['x' => 520.080,'y' => 514.821 ]
['x' => 520.119,'y' => 514.808 ]
['x' => 520.170,'y' => 514.732 ]
['x' => 520.208,'y' => 514.744 ]
['x' => 520.272,'y' => 514.744 ]
['x' => 520.272,'y' => 514.783 ]
['x' => 520.310,'y' => 514.783 ]
['x' => 520.489,'y' => 514.629 ]
['x' => 520.527,'y' => 514.553 ]
['x' => 520.617,'y' => 514.553 ]
['x' => 520.655,'y' => 514.515 ]
['x' => 520.821,'y' => 514.489 ]
['x' => 520.872,'y' => 514.425 ]
['x' => 520.961,'y' => 514.425 ]
['x' => 521.063,'y' => 514.361 ]
['x' => 521.153,'y' => 514.374 ]
['x' => 521.229,'y' => 514.259 ]
['x' => 521.318,'y' => 514.259 ]
['x' => 521.344,'y' => 514.221 ]
['x' => 521.446,'y' => 514.234 ]
['x' => 521.510,'y' => 514.157 ]
['x' => 521.663,'y' => 514.144 ]
['x' => 521.722,'y' => 514.081 ]
['x' => 521.778,'y' => 513.825 ]
['x' => 521.906,'y' => 513.736 ]
['x' => 522.021,'y' => 513.545 ]
['x' => 522.123,'y' => 513.532 ]
['x' => 522.327,'y' => 513.289 ]
['x' => 522.467,'y' => 513.213 ]
['x' => 522.480,'y' => 512.996 ]
['x' => 522.735,'y' => 512.842 ]
['x' => 522.761,'y' => 512.728 ]
['x' => 522.888,'y' => 512.638 ]
['x' => 522.837,'y' => 512.383 ]
['x' => 523.003,'y' => 512.204 ]
['x' => 523.029,'y' => 511.949 ]
['x' => 523.003,'y' => 511.872 ]
['x' => 523.067,'y' => 511.834 ]
['x' => 523.080,'y' => 511.745 ]
['x' => 523.156,'y' => 511.655 ]
['x' => 523.118,'y' => 511.579 ]
['x' => 523.105,'y' => 511.451 ]
['x' => 523.029,'y' => 511.349 ]
['x' => 523.029,'y' => 511.298 ]
['x' => 523.093,'y' => 511.298 ]
['x' => 523.208,'y' => 511.119 ]
['x' => 523.297,'y' => 511.056 ]
['x' => 523.310,'y' => 510.953 ]
['x' => 523.386,'y' => 510.839 ]
['x' => 523.374,'y' => 510.724 ]
['x' => 523.463,'y' => 510.609 ]
['x' => 523.450,'y' => 510.519 ]
['x' => 523.335,'y' => 510.354 ]
['x' => 523.386,'y' => 510.290 ]
['x' => 523.472,'y' => 509.949 ]
['x' => 523.548,'y' => 509.834 ]
['x' => 523.617,'y' => 509.698 ]
['x' => 523.462,'y' => 509.613 ]
['x' => 523.536,'y' => 509.526 ]
['x' => 523.601,'y' => 509.426 ]
['x' => 523.604,'y' => 509.313 ]
['x' => 523.615,'y' => 509.166 ]
['x' => 523.565,'y' => 509.115 ]
['x' => 523.540,'y' => 508.860 ]
['x' => 523.539,'y' => 508.771 ]
['x' => 523.591,'y' => 508.707 ]
['x' => 523.555,'y' => 508.636 ]
['x' => 523.591,'y' => 508.541 ]
['x' => 523.552,'y' => 508.515 ]
['x' => 523.488,'y' => 508.477 ]
['x' => 523.514,'y' => 508.401 ]
['x' => 523.488,'y' => 508.273 ]
['x' => 523.578,'y' => 508.145 ]
['x' => 523.591,'y' => 508.056 ]
['x' => 523.583,'y' => 508.025 ]
['x' => 523.557,'y' => 507.948 ]
['x' => 523.596,'y' => 507.884 ]
['x' => 523.693,'y' => 507.801 ]
['x' => 523.693,'y' => 507.686 ]
['x' => 523.603,'y' => 507.622 ]
['x' => 523.560,'y' => 507.521 ]
['x' => 523.527,'y' => 507.252 ]
['x' => 523.527,'y' => 507.124 ]
['x' => 523.514,'y' => 506.894 ]
['x' => 523.574,'y' => 506.796 ]
['x' => 523.578,'y' => 506.716 ]
['x' => 523.638,'y' => 506.656 ]
['x' => 523.689,'y' => 506.528 ]
['x' => 523.782,'y' => 506.307 ]
['x' => 523.829,'y' => 506.260 ]
['x' => 523.814,'y' => 506.073 ]
['x' => 523.871,'y' => 505.950 ]
['x' => 523.902,'y' => 505.765 ]
['x' => 524.118,'y' => 505.393 ]
['x' => 524.073,'y' => 505.320 ]
['x' => 524.137,'y' => 505.179 ]
['x' => 524.137,'y' => 505.065 ]
['x' => 524.201,'y' => 505.013 ]
['x' => 524.229,'y' => 504.878 ]
['x' => 524.318,'y' => 504.827 ]
['x' => 524.356,'y' => 504.699 ]
['x' => 524.420,'y' => 504.661 ]
['x' => 524.483,'y' => 504.521 ]
['x' => 524.484,'y' => 504.420 ]
['x' => 524.501,'y' => 504.255 ]
['x' => 524.561,'y' => 504.163 ]
['x' => 524.614,'y' => 503.967 ]
['x' => 524.714,'y' => 503.678 ]
['x' => 524.768,'y' => 503.466 ]
['x' => 524.753,'y' => 503.352 ]
['x' => 524.746,'y' => 503.107 ]
['x' => 524.771,'y' => 502.941 ]
['x' => 524.822,'y' => 502.890 ]
['x' => 524.809,'y' => 502.609 ]
['x' => 524.873,'y' => 502.468 ]
['x' => 524.866,'y' => 502.209 ]
['x' => 524.880,'y' => 501.955 ]
['x' => 524.880,'y' => 501.775 ]
['x' => 524.955,'y' => 501.571 ]
['x' => 524.955,'y' => 501.482 ]
['x' => 524.993,'y' => 501.456 ]
['x' => 525.032,'y' => 501.194 ]
['x' => 524.942,'y' => 501.079 ]
['x' => 524.942,'y' => 501.003 ]
['x' => 524.955,'y' => 500.939 ]
['x' => 525.134,'y' => 500.798 ]
['x' => 525.144,'y' => 500.714 ]
['x' => 525.274,'y' => 500.576 ]
['x' => 525.287,'y' => 500.499 ]
['x' => 525.249,'y' => 500.397 ]
['x' => 525.287,'y' => 500.346 ]
['x' => 525.287,'y' => 500.257 ]
['x' => 525.351,'y' => 500.167 ]
['x' => 525.379,'y' => 500.065 ]
['x' => 525.415,'y' => 499.925 ]
['x' => 525.491,'y' => 499.861 ]
['x' => 525.478,'y' => 499.784 ]
['x' => 525.464,'y' => 499.727 ]
['x' => 525.515,'y' => 499.561 ]
['x' => 525.480,'y' => 499.460 ]
['x' => 525.519,'y' => 499.323 ]
['x' => 525.575,'y' => 499.123 ]
['x' => 525.658,'y' => 498.930 ]
['x' => 525.700,'y' => 498.688 ]
['x' => 525.595,'y' => 498.547 ]
['x' => 525.658,'y' => 498.496 ]
['x' => 525.722,'y' => 498.496 ]
['x' => 525.786,'y' => 498.560 ]
['x' => 525.837,'y' => 498.496 ]
['x' => 525.952,'y' => 498.470 ]
['x' => 526.041,'y' => 498.253 ]
['x' => 526.091,'y' => 498.148 ]
['x' => 526.085,'y' => 497.994 ]
['x' => 525.977,'y' => 497.934 ]
['x' => 525.977,'y' => 497.883 ]
['x' => 526.016,'y' => 497.870 ]
['x' => 526.041,'y' => 497.896 ]
['x' => 526.105,'y' => 497.896 ]
['x' => 526.182,'y' => 497.858 ]
['x' => 526.207,'y' => 497.755 ]
['x' => 526.297,'y' => 497.717 ]
['x' => 526.399,'y' => 497.513 ]
['x' => 526.526,'y' => 497.436 ]
['x' => 526.514,'y' => 497.360 ]
['x' => 526.641,'y' => 497.245 ]
['x' => 526.692,'y' => 497.092 ]
['x' => 526.718,'y' => 496.849 ]
['x' => 526.707,'y' => 496.787 ]
['x' => 526.769,'y' => 496.476 ]
['x' => 526.720,'y' => 496.446 ]
['x' => 526.733,'y' => 496.331 ]
['x' => 526.694,'y' => 496.293 ]
['x' => 526.720,'y' => 496.203 ]
['x' => 526.707,'y' => 496.165 ]
['x' => 526.658,'y' => 496.070 ]
['x' => 526.585,'y' => 496.009 ]
['x' => 526.547,'y' => 495.885 ]
['x' => 526.488,'y' => 495.611 ]
['x' => 526.565,'y' => 495.420 ]
['x' => 526.590,'y' => 495.203 ]
['x' => 526.807,'y' => 494.896 ]
['x' => 526.793,'y' => 494.734 ]
['x' => 526.959,'y' => 494.454 ]
['x' => 526.972,'y' => 494.313 ]
['x' => 527.036,'y' => 494.262 ]
['x' => 527.036,'y' => 494.058 ]
['x' => 527.074,'y' => 493.969 ]
['x' => 527.036,'y' => 493.943 ]
['x' => 527.036,'y' => 493.892 ]
['x' => 527.125,'y' => 493.777 ]
['x' => 527.176,'y' => 493.611 ]
['x' => 527.227,'y' => 493.586 ]
['x' => 527.312,'y' => 493.357 ]
['x' => 527.316,'y' => 493.199 ]
['x' => 527.330,'y' => 493.007 ]
['x' => 527.267,'y' => 492.905 ]
['x' => 527.292,'y' => 492.790 ]
['x' => 527.269,'y' => 492.743 ]
['x' => 527.305,'y' => 492.497 ]
['x' => 527.305,'y' => 492.420 ]
['x' => 527.286,'y' => 492.341 ]
['x' => 527.209,'y' => 492.207 ]
['x' => 527.203,'y' => 492.101 ]
['x' => 527.177,'y' => 492.063 ]
['x' => 527.254,'y' => 491.884 ]
['x' => 527.216,'y' => 491.871 ]
['x' => 527.215,'y' => 491.565 ]
['x' => 527.292,'y' => 491.488 ]
['x' => 527.318,'y' => 491.348 ]
['x' => 527.535,'y' => 491.131 ]
['x' => 527.611,'y' => 491.118 ]
['x' => 527.662,'y' => 491.029 ]
['x' => 527.752,'y' => 490.990 ]
['x' => 527.752,'y' => 490.888 ]
['x' => 527.841,'y' => 490.773 ]
['x' => 527.854,'y' => 490.671 ]
['x' => 527.930,'y' => 490.608 ]
['x' => 527.918,'y' => 490.518 ]
['x' => 528.058,'y' => 490.301 ]
['x' => 528.084,'y' => 489.969 ]
['x' => 528.032,'y' => 489.893 ]
['x' => 528.032,'y' => 489.829 ]
['x' => 528.084,'y' => 489.765 ]
['x' => 528.198,'y' => 489.714 ]
['x' => 528.198,'y' => 489.625 ]
['x' => 528.296,'y' => 489.386 ]
['x' => 528.441,'y' => 489.255 ]
['x' => 528.556,'y' => 489.101 ]
['x' => 528.658,'y' => 489.089 ]
['x' => 528.683,'y' => 488.999 ]
['x' => 528.722,'y' => 488.986 ]
['x' => 528.824,'y' => 488.821 ]
['x' => 529.041,'y' => 488.731 ]
['x' => 529.322,'y' => 488.514 ]
['x' => 529.513,'y' => 488.514 ]
['x' => 529.628,'y' => 488.527 ]
['x' => 529.653,'y' => 488.552 ]
['x' => 529.704,'y' => 488.552 ]
['x' => 529.756,'y' => 488.604 ]
['x' => 530.014,'y' => 488.647 ]
['x' => 530.279,'y' => 488.489 ]
['x' => 530.458,'y' => 488.361 ]
['x' => 530.585,'y' => 488.208 ]
['x' => 530.649,'y' => 488.055 ]
['x' => 530.694,'y' => 487.924 ]
['x' => 530.815,'y' => 487.782 ]
['x' => 530.854,'y' => 487.443 ]
['x' => 530.856,'y' => 487.094 ]
['x' => 530.734,'y' => 486.890 ]
['x' => 530.670,'y' => 486.839 ]
['x' => 530.619,'y' => 486.763 ]
['x' => 530.581,'y' => 486.737 ]
['x' => 530.542,'y' => 486.712 ]
['x' => 530.491,'y' => 486.699 ]
['x' => 530.402,'y' => 486.686 ]
['x' => 530.338,'y' => 486.673 ]
['x' => 530.210,'y' => 486.661 ]
['x' => 530.172,'y' => 486.661 ]
['x' => 530.147,'y' => 486.635 ]
['x' => 530.108,'y' => 486.635 ]
['x' => 530.083,'y' => 486.597 ]
['x' => 530.032,'y' => 486.597 ]
['x' => 529.993,'y' => 486.558 ]
['x' => 529.942,'y' => 486.533 ]
['x' => 529.904,'y' => 486.533 ]
['x' => 529.713,'y' => 486.367 ]
['x' => 529.661,'y' => 486.252 ]
['x' => 529.623,'y' => 486.239 ]
['x' => 529.585,'y' => 486.214 ]
['x' => 529.559,'y' => 486.176 ]
['x' => 529.419,'y' => 486.188 ]
['x' => 529.393,'y' => 486.163 ]
['x' => 529.304,'y' => 486.163 ]
['x' => 529.266,'y' => 486.188 ]
['x' => 528.908,'y' => 486.188 ]
['x' => 528.845,'y' => 486.176 ]
['x' => 528.691,'y' => 486.176 ]
['x' => 528.615,'y' => 486.125 ]
['x' => 528.513,'y' => 486.099 ]
['x' => 528.474,'y' => 486.086 ]
['x' => 528.423,'y' => 486.086 ]
['x' => 528.385,'y' => 486.048 ]
['x' => 528.245,'y' => 486.048 ]
['x' => 528.206,'y' => 485.997 ]
['x' => 528.014,'y' => 485.996 ]
['x' => 527.905,'y' => 485.961 ]
['x' => 527.742,'y' => 485.950 ]
['x' => 527.716,'y' => 485.925 ]
['x' => 527.678,'y' => 485.925 ]
['x' => 527.640,'y' => 485.899 ]
['x' => 527.550,'y' => 485.874 ]
['x' => 527.512,'y' => 485.836 ]
['x' => 527.435,'y' => 485.810 ]
['x' => 527.410,'y' => 485.785 ]
['x' => 527.346,'y' => 485.772 ]
['x' => 527.257,'y' => 485.708 ]
['x' => 527.218,'y' => 485.670 ]
['x' => 527.167,'y' => 485.657 ]
['x' => 527.142,'y' => 485.619 ]
['x' => 527.091,'y' => 485.606 ]
['x' => 527.014,'y' => 485.568 ]
['x' => 526.976,'y' => 485.529 ]
['x' => 526.937,'y' => 485.517 ]
['x' => 526.899,'y' => 485.466 ]
['x' => 526.810,'y' => 485.453 ]
['x' => 526.708,'y' => 485.325 ]
['x' => 526.593,'y' => 485.312 ]
['x' => 526.542,'y' => 485.287 ]
['x' => 526.478,'y' => 485.223 ]
['x' => 526.465,'y' => 485.172 ]
['x' => 526.363,'y' => 485.083 ]
['x' => 526.274,'y' => 484.917 ]
['x' => 526.184,'y' => 484.904 ]
['x' => 526.146,'y' => 484.853 ]
['x' => 526.069,'y' => 484.827 ]
['x' => 526.006,'y' => 484.764 ]
['x' => 526.006,'y' => 484.725 ]
['x' => 525.916,'y' => 484.636 ]
['x' => 525.878,'y' => 484.610 ]
['x' => 525.776,'y' => 484.483 ]
['x' => 525.715,'y' => 484.409 ]
['x' => 525.674,'y' => 484.381 ]
['x' => 525.635,'y' => 484.317 ]
['x' => 525.533,'y' => 484.266 ]
['x' => 525.482,'y' => 484.240 ]
['x' => 525.444,'y' => 484.177 ]
['x' => 525.406,'y' => 484.177 ]
['x' => 525.380,'y' => 484.151 ]
['x' => 525.291,'y' => 483.947 ]
['x' => 525.252,'y' => 483.934 ]
['x' => 525.189,'y' => 483.883 ]
['x' => 525.150,'y' => 483.794 ]
['x' => 525.086,'y' => 483.743 ]
['x' => 525.086,'y' => 483.653 ]
['x' => 525.010,'y' => 483.628 ]
['x' => 524.971,'y' => 483.551 ]
['x' => 524.900,'y' => 483.460 ]
['x' => 524.768,'y' => 483.296 ]
['x' => 524.768,'y' => 483.193 ]
['x' => 524.691,'y' => 483.091 ]
['x' => 524.665,'y' => 483.002 ]
['x' => 524.640,'y' => 482.976 ]
['x' => 524.512,'y' => 482.989 ]
['x' => 524.397,'y' => 482.900 ]
['x' => 524.385,'y' => 482.849 ]
['x' => 524.333,'y' => 482.811 ]
['x' => 524.334,'y' => 482.670 ]
['x' => 524.295,'y' => 482.632 ]
['x' => 524.257,'y' => 482.606 ]
['x' => 524.193,'y' => 482.594 ]
['x' => 524.129,'y' => 482.530 ]
['x' => 524.129,'y' => 482.479 ]
['x' => 524.014,'y' => 482.453 ]
['x' => 523.938,'y' => 482.428 ]
['x' => 523.887,'y' => 482.377 ]
['x' => 523.823,'y' => 482.364 ]
['x' => 523.772,'y' => 482.313 ]
['x' => 523.734,'y' => 482.313 ]
['x' => 523.708,'y' => 482.287 ]
['x' => 523.632,'y' => 482.275 ]
['x' => 523.619,'y' => 482.236 ]
['x' => 523.594,'y' => 482.092 ]
['x' => 523.551,'y' => 482.398 ]
['x' => 523.628,'y' => 482.896 ]
['x' => 523.719,'y' => 483.541 ]
['x' => 523.573,'y' => 484.086 ]
['x' => 523.355,'y' => 484.568 ]
['x' => 523.164,'y' => 484.986 ]
['x' => 522.755,'y' => 485.740 ]
['x' => 522.447,'y' => 486.604 ]
['x' => 521.974,'y' => 487.640 ]
['x' => 521.301,'y' => 488.694 ]
['x' => 520.647,'y' => 489.385 ]
['x' => 519.684,'y' => 490.075 ]
['x' => 518.066,'y' => 492.020 ]
['x' => 516.194,'y' => 493.783 ]
['x' => 514.231,'y' => 494.965 ]
['x' => 513.722,'y' => 495.419 ]
['x' => 513.377,'y' => 495.892 ]
['x' => 512.650,'y' => 496.564 ]
['x' => 511.559,'y' => 497.473 ]
['x' => 509.487,'y' => 499.036 ]
['x' => 508.160,'y' => 499.945 ]
['x' => 506.361,'y' => 500.508 ]
['x' => 505.180,'y' => 500.817 ]
['x' => 503.071,'y' => 500.708 ]
['x' => 501.508,'y' => 500.072 ]
['x' => 499.600,'y' => 500.545 ]
['x' => 498.800,'y' => 500.744 ]
['x' => 498.146,'y' => 500.781 ]
['x' => 497.091,'y' => 501.581 ]
['x' => 496.255,'y' => 502.344 ]
['x' => 494.874,'y' => 503.398 ]
['x' => 494.147,'y' => 504.816 ]
['x' => 493.347,'y' => 506.415 ]
['x' => 491.021,'y' => 509.142 ]
['x' => 487.313,'y' => 512.522 ]
['x' => 483.787,'y' => 516.230 ]
['x' => 480.915,'y' => 518.157 ]
['x' => 477.203,'y' => 519.841 ]
['x' => 476.023,'y' => 520.096 ]
['x' => 474.002,'y' => 520.147 ]
['x' => 470.626,'y' => 519.707 ]
['x' => 466.454,'y' => 519.818 ]
['x' => 458.467,'y' => 521.807 ]
['x' => 457.924,'y' => 521.935 ]
['x' => 457.903,'y' => 521.938 ]
['x' => 454.518,'y' => 522.065 ]
['x' => 450.271,'y' => 521.695 ]
['x' => 446.838,'y' => 521.390 ]
['x' => 440.015,'y' => 520.079 ]
['x' => 437.575,'y' => 519.545 ]
['x' => 434.433,'y' => 518.869 ]
['x' => 428.300,'y' => 516.980 ]
['x' => 425.706,'y' => 516.355 ]
['x' => 420.874,'y' => 515.734 ]
['x' => 417.158,'y' => 515.608 ]
['x' => 413.336,'y' => 515.304 ]
['x' => 405.500,'y' => 513.813 ]
['x' => 400.750,'y' => 513.304 ]
['x' => 393.299,'y' => 512.276 ]
['x' => 390.444,'y' => 511.507 ]
['x' => 387.861,'y' => 510.298 ]
['x' => 386.352,'y' => 509.664 ]
['x' => 386.161,'y' => 510.916 ]
['x' => 386.716,'y' => 512.167 ]
['x' => 387.885,'y' => 513.278 ]
['x' => 390.604,'y' => 515.309 ]
['x' => 393.309,'y' => 518.058 ]
['x' => 396.875,'y' => 520.979 ]
['x' => 398.827,'y' => 522.267 ]
['x' => 400.323,'y' => 523.415 ]
['x' => 401.758,'y' => 525.677 ]
['x' => 402.959,'y' => 527.191 ]
['x' => 404.363,'y' => 528.880 ]
['x' => 405.570,'y' => 531.100 ]
['x' => 406.754,'y' => 534.755 ]
['x' => 407.678,'y' => 536.928 ]
['x' => 408.735,'y' => 539.057 ]
['x' => 409.812,'y' => 542.449 ]
['x' => 411.152,'y' => 547.289 ]
['x' => 412.168,'y' => 550.035 ]
['x' => 413.458,'y' => 552.670 ]
['x' => 417.213,'y' => 557.190 ]
['x' => 420.139,'y' => 560.838 ]
['x' => 421.878,'y' => 562.726 ]
['x' => 422.260,'y' => 563.453 ]
['x' => 422.950,'y' => 565.162 ]
['x' => 423.059,'y' => 565.852 ]
['x' => 423.023,'y' => 566.470 ]
['x' => 422.896,'y' => 568.342 ]
['x' => 422.841,'y' => 569.742 ]
['x' => 422.641,'y' => 570.741 ]
['x' => 422.314,'y' => 573.032 ]
['x' => 421.914,'y' => 574.904 ]
['x' => 421.805,'y' => 577.239 ]
['x' => 421.787,'y' => 579.802 ]
['x' => 422.042,'y' => 581.383 ]
['x' => 422.223,'y' => 582.656 ]
['x' => 423.005,'y' => 584.455 ]
['x' => 423.150,'y' => 585.218 ]
['x' => 423.296,'y' => 585.991 ]
['x' => 423.468,'y' => 586.800 ]
['x' => 423.895,'y' => 588.004 ]
['x' => 424.332,'y' => 589.167 ]
['x' => 424.968,'y' => 589.949 ]
['x' => 425.549,'y' => 590.712 ]
['x' => 425.459,'y' => 591.076 ]
['x' => 424.986,'y' => 592.421 ]
['x' => 424.859,'y' => 593.956 ]
['x' => 424.759,'y' => 594.956 ]
['x' => 424.850,'y' => 595.947 ]
['x' => 425.186,'y' => 596.828 ]
['x' => 425.658,'y' => 597.328 ]
['x' => 425.977,'y' => 597.664 ]
['x' => 425.322,'y' => 597.864 ]
['x' => 424.750,'y' => 597.928 ]
['x' => 424.004,'y' => 597.737 ]
['x' => 423.714,'y' => 597.655 ]
['x' => 423.305,'y' => 597.573 ]
['x' => 422.900,'y' => 597.573 ]
['x' => 422.550,'y' => 597.565 ]
['x' => 422.487,'y' => 597.519 ]
['x' => 422.525,'y' => 597.609 ]
['x' => 422.563,'y' => 597.647 ]
['x' => 422.563,'y' => 597.685 ]
['x' => 422.601,'y' => 597.724 ]
['x' => 422.627,'y' => 597.902 ]
['x' => 422.665,'y' => 597.941 ]
['x' => 422.678,'y' => 597.979 ]
['x' => 422.831,'y' => 597.966 ]
['x' => 422.869,'y' => 598.030 ]
['x' => 422.933,'y' => 598.094 ]
['x' => 422.984,'y' => 598.209 ]
['x' => 422.997,'y' => 598.247 ]
['x' => 423.022,'y' => 598.298 ]
['x' => 423.035,'y' => 598.336 ]
['x' => 423.073,'y' => 598.413 ]
['x' => 423.125,'y' => 598.515 ]
['x' => 423.137,'y' => 598.553 ]
['x' => 423.163,'y' => 598.630 ]
['x' => 423.188,'y' => 598.655 ]
['x' => 423.163,'y' => 598.706 ]
['x' => 423.188,'y' => 598.860 ]
['x' => 423.201,'y' => 598.911 ]
['x' => 423.227,'y' => 598.936 ]
['x' => 423.341,'y' => 598.962 ]
['x' => 423.380,'y' => 599.000 ]
['x' => 423.380,'y' => 599.038 ]
['x' => 423.405,'y' => 599.089 ]
['x' => 423.444,'y' => 599.140 ]
['x' => 423.482,'y' => 599.179 ]
['x' => 423.507,'y' => 599.255 ]
['x' => 423.571,'y' => 599.319 ]
['x' => 423.571,'y' => 599.396 ]
['x' => 423.571,'y' => 599.434 ]
['x' => 423.597,'y' => 599.485 ]
['x' => 423.699,'y' => 599.562 ]
['x' => 423.737,'y' => 599.587 ]
['x' => 423.775,'y' => 599.613 ]
['x' => 423.827,'y' => 599.625 ]
['x' => 423.865,'y' => 599.677 ]
['x' => 423.916,'y' => 599.689 ]
['x' => 423.941,'y' => 599.728 ]
['x' => 424.095,'y' => 599.740 ]
['x' => 424.158,'y' => 599.830 ]
['x' => 424.235,'y' => 599.894 ]
['x' => 424.452,'y' => 599.830 ]
['x' => 424.478,'y' => 599.855 ]
['x' => 424.490,'y' => 599.894 ]
['x' => 424.567,'y' => 599.932 ]
['x' => 424.720,'y' => 599.957 ]
['x' => 424.835,'y' => 600.009 ]
['x' => 425.014,'y' => 600.021 ]
['x' => 425.116,'y' => 600.098 ]
['x' => 425.205,'y' => 600.098 ]
['x' => 425.294,'y' => 600.149 ]
['x' => 425.614,'y' => 600.162 ]
['x' => 425.716,'y' => 600.213 ]
['x' => 425.907,'y' => 600.200 ]
['x' => 426.009,'y' => 600.264 ]
['x' => 426.443,'y' => 600.213 ]
['x' => 426.775,'y' => 600.264 ]
['x' => 427.069,'y' => 600.174 ]
['x' => 427.132,'y' => 600.174 ]
['x' => 427.158,'y' => 600.200 ]
['x' => 427.286,'y' => 600.200 ]
['x' => 427.324,'y' => 600.213 ]
['x' => 427.426,'y' => 600.225 ]
['x' => 427.579,'y' => 600.136 ]
['x' => 427.924,'y' => 600.072 ]
['x' => 428.128,'y' => 599.957 ]
['x' => 428.179,'y' => 599.868 ]
['x' => 428.281,'y' => 599.791 ]
['x' => 428.511,'y' => 599.702 ]
['x' => 428.639,'y' => 599.587 ]
['x' => 428.830,'y' => 599.562 ]
['x' => 428.907,'y' => 599.485 ]
['x' => 429.098,'y' => 599.447 ]
['x' => 429.187,'y' => 599.294 ]
['x' => 429.698,'y' => 599.000 ]
['x' => 429.902,'y' => 598.655 ]
['x' => 429.940,'y' => 598.655 ]
['x' => 430.106,'y' => 598.451 ]
['x' => 430.413,'y' => 598.170 ]
['x' => 430.438,'y' => 598.094 ]
['x' => 430.860,'y' => 597.851 ]
['x' => 430.949,'y' => 597.851 ]
['x' => 431.089,'y' => 597.711 ]
['x' => 431.140,'y' => 597.570 ]
['x' => 431.319,'y' => 597.417 ]
['x' => 431.319,'y' => 597.328 ]
['x' => 431.281,'y' => 597.264 ]
['x' => 431.281,'y' => 597.162 ]
['x' => 431.332,'y' => 597.085 ]
['x' => 431.294,'y' => 597.073 ]
['x' => 431.281,'y' => 597.034 ]
['x' => 431.255,'y' => 596.983 ]
['x' => 431.255,'y' => 596.894 ]
['x' => 431.191,'y' => 596.830 ]
['x' => 431.153,'y' => 596.817 ]
['x' => 431.140,'y' => 596.766 ]
['x' => 431.038,'y' => 596.664 ]
['x' => 431.038,'y' => 596.613 ]
['x' => 431.000,'y' => 596.575 ]
['x' => 431.025,'y' => 596.460 ]
['x' => 430.974,'y' => 596.409 ]
['x' => 430.962,'y' => 596.371 ]
['x' => 430.898,'y' => 596.345 ]
['x' => 430.898,'y' => 596.205 ]
['x' => 430.787,'y' => 596.164 ]
['x' => 430.757,'y' => 596.152 ]
['x' => 430.623,'y' => 596.108 ]
['x' => 430.472,'y' => 596.091 ]
['x' => 430.300,'y' => 596.095 ]
['x' => 430.107,'y' => 596.127 ]
['x' => 429.867,'y' => 596.140 ]
['x' => 429.641,'y' => 596.129 ]
['x' => 429.418,'y' => 596.075 ]
['x' => 429.287,'y' => 596.012 ]
['x' => 428.891,'y' => 595.861 ]
['x' => 428.773,'y' => 595.823 ]
['x' => 428.597,'y' => 595.784 ]
['x' => 428.439,'y' => 595.749 ]
['x' => 428.314,'y' => 595.745 ]
['x' => 428.271,'y' => 595.749 ]
['x' => 428.205,'y' => 595.757 ]
['x' => 428.113,'y' => 595.752 ]
['x' => 428.056,'y' => 595.715 ]
['x' => 428.041,'y' => 595.672 ]
['x' => 428.009,'y' => 595.616 ]
['x' => 427.948,'y' => 595.584 ]
['x' => 427.836,'y' => 595.545 ]
['x' => 427.674,'y' => 595.519 ]
['x' => 427.532,'y' => 595.507 ]
['x' => 427.441,'y' => 595.510 ]
['x' => 427.392,'y' => 595.514 ]
['x' => 427.296,'y' => 595.495 ]
['x' => 427.214,'y' => 595.495 ]
['x' => 427.150,'y' => 595.492 ]
['x' => 427.108,'y' => 595.485 ]
['x' => 427.049,'y' => 595.445 ]
['x' => 426.989,'y' => 595.386 ]
['x' => 426.972,'y' => 595.334 ]
['x' => 426.977,'y' => 595.285 ]
['x' => 427.029,'y' => 595.230 ]
['x' => 427.061,'y' => 595.211 ]
['x' => 427.100,'y' => 595.179 ]
['x' => 427.117,'y' => 595.127 ]
['x' => 427.110,'y' => 595.065 ]
['x' => 427.090,'y' => 594.983 ]
['x' => 427.076,'y' => 594.947 ]
['x' => 427.095,'y' => 594.872 ]
['x' => 427.095,'y' => 594.823 ]
['x' => 427.170,'y' => 594.759 ]
['x' => 427.206,'y' => 594.741 ]
['x' => 427.276,'y' => 594.739 ]
['x' => 427.353,'y' => 594.699 ]
['x' => 427.345,'y' => 594.660 ]
['x' => 427.322,'y' => 594.627 ]
['x' => 427.295,'y' => 594.596 ]
['x' => 427.248,'y' => 594.553 ]
['x' => 427.254,'y' => 594.449 ]
['x' => 427.261,'y' => 594.344 ]
['x' => 427.466,'y' => 594.082 ]
['x' => 427.641,'y' => 593.864 ]
['x' => 427.775,'y' => 593.635 ]
['x' => 427.799,'y' => 593.592 ]
['x' => 427.862,'y' => 593.535 ]
['x' => 427.920,'y' => 593.511 ]
['x' => 428.071,'y' => 593.491 ]
['x' => 428.407,'y' => 593.390 ]
['x' => 428.585,'y' => 593.316 ]
['x' => 428.642,'y' => 593.316 ]
['x' => 428.763,'y' => 593.313 ]
['x' => 428.820,'y' => 593.326 ]
['x' => 429.008,'y' => 593.347 ]
['x' => 429.122,'y' => 593.353 ]
['x' => 429.247,'y' => 593.394 ]
['x' => 429.485,'y' => 593.343 ]
['x' => 429.596,'y' => 593.293 ]
['x' => 429.670,'y' => 593.306 ]
['x' => 429.835,'y' => 593.357 ]
['x' => 429.919,'y' => 593.293 ]
['x' => 429.932,'y' => 593.239 ]
['x' => 429.949,'y' => 593.088 ]
['x' => 429.919,'y' => 592.960 ]
['x' => 429.818,'y' => 592.970 ]
['x' => 429.771,'y' => 592.937 ]
['x' => 429.741,'y' => 592.859 ]
['x' => 429.757,'y' => 592.712 ]
['x' => 429.815,'y' => 592.587 ]
['x' => 429.905,'y' => 592.500 ]
['x' => 430.003,'y' => 592.406 ]
['x' => 430.029,'y' => 592.308 ]
['x' => 430.087,'y' => 592.218 ]
['x' => 430.144,'y' => 592.053 ]
['x' => 430.164,'y' => 591.932 ]
['x' => 430.140,'y' => 591.697 ]
['x' => 430.177,'y' => 590.924 ]
['x' => 430.184,'y' => 590.827 ]
['x' => 430.231,'y' => 590.467 ]
['x' => 430.275,'y' => 590.252 ]
['x' => 430.359,'y' => 590.051 ]
['x' => 430.396,'y' => 589.889 ]
['x' => 430.389,'y' => 589.762 ]
['x' => 430.322,'y' => 589.661 ]
['x' => 430.228,'y' => 589.573 ]
['x' => 430.140,'y' => 589.520 ]
['x' => 429.989,'y' => 589.463 ]
['x' => 429.851,'y' => 589.369 ]
['x' => 429.778,'y' => 589.227 ]
['x' => 429.694,'y' => 589.002 ]
['x' => 429.657,'y' => 588.794 ]
['x' => 429.593,'y' => 588.525 ]
['x' => 429.280,'y' => 588.109 ]
['x' => 429.257,'y' => 588.082 ]
['x' => 429.203,'y' => 588.028 ]
['x' => 429.109,'y' => 588.028 ]
['x' => 428.968,'y' => 588.028 ]
['x' => 428.783,'y' => 587.947 ]
['x' => 428.763,'y' => 587.796 ]
['x' => 428.763,'y' => 587.692 ]
['x' => 428.736,'y' => 587.611 ]
['x' => 428.733,'y' => 587.521 ]
['x' => 428.760,'y' => 587.450 ]
['x' => 428.793,'y' => 587.366 ]
['x' => 428.827,'y' => 587.306 ]
['x' => 428.817,'y' => 587.235 ]
['x' => 428.682,'y' => 587.134 ]
['x' => 428.464,'y' => 587.050 ]
['x' => 428.111,'y' => 586.963 ]
['x' => 427.829,'y' => 586.859 ]
['x' => 427.668,'y' => 586.721 ]
['x' => 427.645,'y' => 586.627 ]
['x' => 427.652,'y' => 586.457 ]
['x' => 427.704,'y' => 586.352 ]
['x' => 427.789,'y' => 586.281 ]
['x' => 427.803,'y' => 586.230 ]
['x' => 427.687,'y' => 586.065 ]
['x' => 427.724,'y' => 585.752 ]
['x' => 427.822,'y' => 585.585 ]
['x' => 427.960,'y' => 585.501 ]
['x' => 428.061,'y' => 585.478 ]
['x' => 428.192,'y' => 585.481 ]
['x' => 428.393,'y' => 585.528 ]
['x' => 428.555,'y' => 585.525 ]
['x' => 428.897,'y' => 585.448 ]
['x' => 429.069,'y' => 585.344 ]
['x' => 429.186,'y' => 585.236 ]
['x' => 429.610,'y' => 584.976 ]
['x' => 429.796,'y' => 584.881 ]
['x' => 429.844,'y' => 584.826 ]
['x' => 429.911,'y' => 584.746 ]
['x' => 429.957,'y' => 584.709 ]
['x' => 429.997,'y' => 584.655 ]
['x' => 430.056,'y' => 584.578 ]
['x' => 430.093,'y' => 584.504 ]
['x' => 430.174,'y' => 584.457 ]
['x' => 430.396,'y' => 584.413 ]
['x' => 430.668,'y' => 584.413 ]
['x' => 430.812,'y' => 584.473 ]
['x' => 430.910,'y' => 584.483 ]
['x' => 430.947,'y' => 584.430 ]
['x' => 430.970,'y' => 584.376 ]
['x' => 430.964,'y' => 584.248 ]
['x' => 430.953,'y' => 584.144 ]
['x' => 430.957,'y' => 584.043 ]
['x' => 430.997,'y' => 583.943 ]
['x' => 431.064,'y' => 583.805 ]
['x' => 431.145,'y' => 583.728 ]
['x' => 431.199,'y' => 583.744 ]
['x' => 431.232,'y' => 583.748 ]
['x' => 431.289,'y' => 583.664 ]
['x' => 431.394,'y' => 583.590 ]
['x' => 431.535,'y' => 583.526 ]
['x' => 431.588,'y' => 583.516 ]
['x' => 431.646,'y' => 583.529 ]
['x' => 431.746,'y' => 583.536 ]
['x' => 431.777,'y' => 583.590 ]
['x' => 431.783,'y' => 583.781 ]
['x' => 431.837,'y' => 583.912 ]
['x' => 431.884,'y' => 583.996 ]
['x' => 431.924,'y' => 584.104 ]
['x' => 431.965,'y' => 584.258 ]
['x' => 432.002,'y' => 584.336 ]
['x' => 432.076,'y' => 584.393 ]
['x' => 432.160,'y' => 584.420 ]
['x' => 432.203,'y' => 584.386 ]
['x' => 432.260,'y' => 584.326 ]
['x' => 432.301,'y' => 584.258 ]
['x' => 432.332,'y' => 584.153 ]
['x' => 432.384,'y' => 584.071 ]
['x' => 432.394,'y' => 583.915 ]
['x' => 432.322,'y' => 583.934 ]
['x' => 432.428,'y' => 583.649 ]
['x' => 432.766,'y' => 583.212 ]
['x' => 432.796,'y' => 583.148 ]
['x' => 432.838,'y' => 583.088 ]
['x' => 432.902,'y' => 582.997 ]
['x' => 432.918,'y' => 582.920 ]
['x' => 432.831,'y' => 582.781 ]
['x' => 432.883,'y' => 582.690 ]
['x' => 432.866,'y' => 582.603 ]
['x' => 432.781,'y' => 582.427 ]
['x' => 432.707,'y' => 582.367 ]
['x' => 432.684,'y' => 582.320 ]
['x' => 432.704,'y' => 582.269 ]
['x' => 432.781,'y' => 582.128 ]
['x' => 432.815,'y' => 581.964 ]
['x' => 432.828,'y' => 581.839 ]
['x' => 432.828,'y' => 581.735 ]
['x' => 432.872,'y' => 581.581 ]
['x' => 432.912,'y' => 581.463 ]
['x' => 432.936,'y' => 581.413 ]
['x' => 432.926,'y' => 581.349 ]
['x' => 432.909,'y' => 581.245 ]
['x' => 432.862,'y' => 581.218 ]
['x' => 432.808,'y' => 581.177 ]
['x' => 432.798,'y' => 581.137 ]
['x' => 432.805,'y' => 581.104 ]
['x' => 432.805,'y' => 581.053 ]
['x' => 432.795,'y' => 581.010 ]
['x' => 432.764,'y' => 580.956 ]
['x' => 432.741,'y' => 580.922 ]
['x' => 432.758,'y' => 580.872 ]
['x' => 432.778,'y' => 580.835 ]
['x' => 432.801,'y' => 580.768 ]
['x' => 432.764,'y' => 580.734 ]
['x' => 432.687,'y' => 580.734 ]
['x' => 432.643,'y' => 580.707 ]
['x' => 432.583,'y' => 580.630 ]
['x' => 432.519,'y' => 580.516 ]
['x' => 432.519,'y' => 580.364 ]
['x' => 432.519,'y' => 580.200 ]
['x' => 432.593,'y' => 580.109 ]
['x' => 432.680,'y' => 580.082 ]
['x' => 432.734,'y' => 580.072 ]
['x' => 432.815,'y' => 580.032 ]
['x' => 432.855,'y' => 579.988 ]
['x' => 432.929,'y' => 579.965 ]
['x' => 432.983,'y' => 579.907 ]
['x' => 433.010,'y' => 579.877 ]
['x' => 433.050,'y' => 579.864 ]
['x' => 433.107,'y' => 579.887 ]
['x' => 433.157,'y' => 579.887 ]
['x' => 433.194,'y' => 579.864 ]
['x' => 433.255,'y' => 579.874 ]
['x' => 433.289,'y' => 579.901 ]
['x' => 433.312,'y' => 579.934 ]
['x' => 433.339,'y' => 579.958 ]
['x' => 433.372,'y' => 579.934 ]
['x' => 433.430,'y' => 579.948 ]
['x' => 433.456,'y' => 579.991 ]
['x' => 433.453,'y' => 580.119 ]
['x' => 433.453,'y' => 580.264 ]
['x' => 433.490,'y' => 580.388 ]
['x' => 433.534,'y' => 580.475 ]
['x' => 433.920,'y' => 580.774 ]
['x' => 433.957,'y' => 580.801 ]
['x' => 434.024,'y' => 580.774 ]
['x' => 434.065,'y' => 580.741 ]
['x' => 434.105,'y' => 580.721 ]
['x' => 434.152,'y' => 580.707 ]
['x' => 434.182,'y' => 580.721 ]
['x' => 434.219,'y' => 580.761 ]
['x' => 434.233,'y' => 580.798 ]
['x' => 434.253,'y' => 580.825 ]
['x' => 434.296,'y' => 580.818 ]
['x' => 434.357,'y' => 580.758 ]
['x' => 434.414,'y' => 580.731 ]
['x' => 434.434,'y' => 580.684 ]
['x' => 434.421,'y' => 580.610 ]
['x' => 434.404,'y' => 580.566 ]
['x' => 434.431,'y' => 580.499 ]
['x' => 434.505,'y' => 580.438 ]
['x' => 434.525,'y' => 580.415 ]
['x' => 434.528,'y' => 580.371 ]
['x' => 434.464,'y' => 580.250 ]
['x' => 434.481,'y' => 580.190 ]
['x' => 434.475,'y' => 580.126 ]
['x' => 434.532,'y' => 580.022 ]
['x' => 434.579,'y' => 579.975 ]
['x' => 434.649,'y' => 579.955 ]
['x' => 434.673,'y' => 579.981 ]
['x' => 434.689,'y' => 580.008 ]
['x' => 434.743,'y' => 580.008 ]
['x' => 434.834,'y' => 579.955 ]
['x' => 434.878,'y' => 579.934 ]
['x' => 434.928,'y' => 579.934 ]
['x' => 434.989,'y' => 579.931 ]
['x' => 435.029,'y' => 579.897 ]
['x' => 435.073,'y' => 579.897 ]
['x' => 435.123,'y' => 579.918 ]
['x' => 435.187,'y' => 580.002 ]
['x' => 435.190,'y' => 580.082 ]
['x' => 435.116,'y' => 580.217 ]
['x' => 435.079,'y' => 580.317 ]
['x' => 435.086,'y' => 580.425 ]
['x' => 435.123,'y' => 580.526 ]
['x' => 435.153,'y' => 580.556 ]
['x' => 435.325,'y' => 580.502 ]
['x' => 435.372,'y' => 580.465 ]
['x' => 435.647,'y' => 580.207 ]
['x' => 435.691,'y' => 580.159 ]
['x' => 435.741,'y' => 580.112 ]
['x' => 435.785,'y' => 580.123 ]
['x' => 435.805,'y' => 580.153 ]
['x' => 435.822,'y' => 580.196 ]
['x' => 435.865,'y' => 580.193 ]
['x' => 435.906,'y' => 580.149 ]
['x' => 435.953,'y' => 580.092 ]
['x' => 436.023,'y' => 580.069 ]
['x' => 436.037,'y' => 580.025 ]
['x' => 436.070,'y' => 579.961 ]
['x' => 436.097,'y' => 579.874 ]
['x' => 436.091,'y' => 579.793 ]
['x' => 435.996,'y' => 579.662 ]
['x' => 435.919,'y' => 579.656 ]
['x' => 435.896,'y' => 579.568 ]
['x' => 435.849,'y' => 579.498 ]
['x' => 435.758,'y' => 579.424 ]
['x' => 435.748,'y' => 579.377 ]
['x' => 435.650,'y' => 579.323 ]
['x' => 435.590,'y' => 579.236 ]
['x' => 435.610,'y' => 579.212 ]
['x' => 435.637,'y' => 579.232 ]
['x' => 435.691,'y' => 579.202 ]
['x' => 435.701,'y' => 579.152 ]
['x' => 435.768,'y' => 579.138 ]
['x' => 435.825,'y' => 579.131 ]
['x' => 435.862,'y' => 579.121 ]
['x' => 435.899,'y' => 579.125 ]
['x' => 435.959,'y' => 579.111 ]
['x' => 436.003,'y' => 579.094 ]
['x' => 436.050,'y' => 579.094 ]
['x' => 436.094,'y' => 579.101 ]
['x' => 436.124,'y' => 579.108 ]
['x' => 436.234,'y' => 579.104 ]
